1,ΠΟΛΙΤΙΚΗ ΕΠΙΣΤΗΜΗ ΚΑΙ ΙΣΤΟΡΙΑ,MET,11Μ013,"ΙΣΤΟΡΙΑ, ΙΣΤΟΡΙΟΓΡΑΦΙΑ ΚΑΙ ΕΝΝΟΙΟΛΟΓΗΣΗ: ΠΑΡΑΔΟΣΗ ΚΑΙ ΝΕΟΤΕΡΙΚΟΤΗΤΑ ΣΤΟΝ ΕΛΛΗΝΙΚΟ ΙΘ΄ ΑΙΩΝΑ Ι",1,3,ΕΕ,ΘΕΟΤΟΚΑΣ ΝΙΚΟΛΑΟΣ, ΝΙΚΟΛΑΟΣ,ΘΕΟΤΟΚΑΣ,11Μ013,,2
1,ΠΟΛΙΤΙΚΗ ΕΠΙΣΤΗΜΗ ΚΑΙ ΙΣΤΟΡΙΑ,MET,11Μ256,GLOBAL TRANSFORMATIONS AND THE BALKANS (18TH - 21ST CENTURIES),1,3,ΕΕ,ΛΥΜΠΕΡΑΤΟΣ ΑΝΔΡΕΑΣ, ΑΝΔΡΕΑΣ,ΛΥΜΠΕΡΑΤΟΣ,11Μ256,,2
2,"ΔΙΕΘΝΩΝ, ΕΥΡΩΠΑΪΚΩΝ ΚΑΙ ΠΕΡΙΦΕΡΕΙΑΚΩΝ ΣΠΟΥΔΩΝ",ΠΡΟ,120109,ΔΙΕΘΝΕΣ ΔΙΚΑΙΟ ΤΗΣ ΑΝΑΠΤΥΞΗΣ,6,3,ΕΥ,ΚΑΡΑΓΕΩΡΓΟΥ ΒΑΣΙΛΙΚΗ, ΒΑΣΙΛΙΚΗ,ΚΑΡΑΓΕΩΡΓΟΥ,120109,,2
2,"ΔΙΕΘΝΩΝ, ΕΥΡΩΠΑΪΚΩΝ ΚΑΙ ΠΕΡΙΦΕΡΕΙΑΚΩΝ ΣΠΟΥΔΩΝ",ΠΡΟ,120115,ΔΙΕΘΝΕΣ ΔΙΚΑΙΟ ΙΙΙ (ΔΙΚΑΙΟ ΤΗΣ ΘΑΛΑΣΣΑΣ),7,3,ΥΠ,ΣΥΡΙΓΟΣ ΕΥΑΓΓΕΛΟΣ, ΕΥΑΓΓΕΛΟΣ,ΣΥΡΙΓΟΣ,120115,,2
2,"ΔΙΕΘΝΩΝ, ΕΥΡΩΠΑΪΚΩΝ ΚΑΙ ΠΕΡΙΦΕΡΕΙΑΚΩΝ ΣΠΟΥΔΩΝ",ΠΡΟ,120132,ΔΙΕΘΝΕΣ ΔΙΚΑΙΟ ΤΟΥ ΠΕΡΙΒΑΛΛΟΝΤΟΣ ΚΑΙ ΜΕΣΟΓΕΙΟΣ,8,3,ΥΠ,ΔΗΜΑΔΑΜΑ ΖΑΦΕΙΡΟΥΛΑ, ΖΑΦΕΙΡΟΥΛΑ,ΔΗΜΑΔΑΜΑ,120132,,2
2,"ΔΙΕΘΝΩΝ, ΕΥΡΩΠΑΪΚΩΝ ΚΑΙ ΠΕΡΙΦΕΡΕΙΑΚΩΝ ΣΠΟΥΔΩΝ",ΠΡΟ,120254,ΔΙΕΘΝΗΣ ΠΡΟΣΤΑΣΙΑ ΠΕΡΙΒΑΛΛΟΝΤΟΣ,7,3,ΥΠ,ΔΗΜΑΔΑΜΑ ΖΑΦΕΙΡΟΥΛΑ, ΖΑΦΕΙΡΟΥΛΑ,ΔΗΜΑΔΑΜΑ,120254,,3
2,"ΔΙΕΘΝΩΝ, ΕΥΡΩΠΑΪΚΩΝ ΚΑΙ ΠΕΡΙΦΕΡΕΙΑΚΩΝ ΣΠΟΥΔΩΝ",ΠΡΟ,120262,ΙΔΙΩΤΙΚΟ ΔΙΕΘΝΕΣ ΔΙΚΑΙΟ,8,3,ΕΥ,ΠΑΠΑΝΤΩΝΗ ΜΑΡΙΑ, ΜΑΡΙΑ,ΠΑΠΑΝΤΩΝΗ,120262,,3
2,"ΔΙΕΘΝΩΝ, ΕΥΡΩΠΑΪΚΩΝ ΚΑΙ ΠΕΡΙΦΕΡΕΙΑΚΩΝ ΣΠΟΥΔΩΝ",ΠΡΟ,120287,ΔΙΕΘΝΕΣ ΔΙΚΑΙΟ IV (ΘΕΩΡΙΑ ΚΑΙ ΜΕΘΟΔΟΛΟΓΙΑ  ΔΙΕΘΝΟΥΣ ΔΙΚΑΙΟΥ),8,3,ΥΠ,ΚΑΪΛΗΣ ΑΛΕΞΑΝΔΡΟΣ, ΑΛΕΞΑΝΔΡΟΣ,ΚΑΪΛΗΣ,120287,,2
2,"ΔΙΕΘΝΩΝ, ΕΥΡΩΠΑΪΚΩΝ ΚΑΙ ΠΕΡΙΦΕΡΕΙΑΚΩΝ ΣΠΟΥΔΩΝ",ΠΡΟ,120302,ΕΙΣΑΓΩΓΗ ΣΤΟ  ΔΙΚΑΙΟ,1,3,ΥΠ,ΚΑΝΕΛΛΟΠΟΥΛΟΥ ΝΕΔΑ-ΜΑΡΙΑ, ΝΕΔΑ-ΜΑΡΙΑ,ΚΑΝΕΛΛΟΠΟΥΛΟΥ,120302,,3
2,"ΔΙΕΘΝΩΝ, ΕΥΡΩΠΑΪΚΩΝ ΚΑΙ ΠΕΡΙΦΕΡΕΙΑΚΩΝ ΣΠΟΥΔΩΝ",ΠΡΟ,120303,ΠΟΛΙΤΙΚΟΙ ΘΕΣΜΟΙ,1,3,ΥΠ,ΔΙΑΜΑΝΤΟΠΟΥΛΟΣ ΑΘΑΝΑΣΙΟΣ, ΑΘΑΝΑΣΙΟΣ,ΔΙΑΜΑΝΤΟΠΟΥΛΟΣ,120303,,2
2,"ΔΙΕΘΝΩΝ, ΕΥΡΩΠΑΪΚΩΝ ΚΑΙ ΠΕΡΙΦΕΡΕΙΑΚΩΝ ΣΠΟΥΔΩΝ",ΠΡΟ,120306,ΜΙΚΡΟΟΙΚΟΝΟΜΙΚΗ,1,3,ΥΠ,ΠΑΠΑΖΟΓΛΟΥ ΧΡΗΣΤΟΣ, ΧΡΗΣΤΟΣ,ΠΑΠΑΖΟΓΛΟΥ,120306,,2
2,"ΔΙΕΘΝΩΝ, ΕΥΡΩΠΑΪΚΩΝ ΚΑΙ ΠΕΡΙΦΕΡΕΙΑΚΩΝ ΣΠΟΥΔΩΝ",ΠΡΟ,120308,ΙΣΤΟΡΙΑ ΤΩΝ ΔΙΕΘΝΩΝ ΣΧΕΣΕΩΝ ΚΑΙ ΣΤΡΑΤΗΓΙΚΗΣ Ι,2,3,ΥΠ,ΚΟΛΙΟΠΟΥΛΟΣ ΚΩΝΣΤΑΝΤΙΝΟΣ, ΚΩΝΣΤΑΝΤΙΝΟΣ,ΚΟΛΙΟΠΟΥΛΟΣ,120308,,2
2,"ΔΙΕΘΝΩΝ, ΕΥΡΩΠΑΪΚΩΝ ΚΑΙ ΠΕΡΙΦΕΡΕΙΑΚΩΝ ΣΠΟΥΔΩΝ",ΠΡΟ,120310,ΤΥΠΟΛΟΓΙΑ ΤΩΝ ΠΟΛΙΤΙΚΩΝ ΣΥΣΤΗΜΑΤΩΝ,2,3,ΥΠ,ΔΙΑΜΑΝΤΟΠΟΥΛΟΣ ΑΘΑΝΑΣΙΟΣ, ΑΘΑΝΑΣΙΟΣ,ΔΙΑΜΑΝΤΟΠΟΥΛΟΣ,120310,,2
2,"ΔΙΕΘΝΩΝ, ΕΥΡΩΠΑΪΚΩΝ ΚΑΙ ΠΕΡΙΦΕΡΕΙΑΚΩΝ ΣΠΟΥΔΩΝ",ΠΡΟ,120313,ΔΙΕΘΝΕΣ ΔΙΚΑΙΟ Ι,3,3,ΥΠ,ΜΑΡΟΥΔΑ ΜΑΡΙΑ, ΜΑΡΙΑ,ΜΑΡΟΥΔΑ,120313,,2
2,"ΔΙΕΘΝΩΝ, ΕΥΡΩΠΑΪΚΩΝ ΚΑΙ ΠΕΡΙΦΕΡΕΙΑΚΩΝ ΣΠΟΥΔΩΝ",ΠΡΟ,120315,ΘΕΩΡΙΑ ΚΑΙ ΔΙΚΑΙΟ ΤΩΝ ΔΙΕΘΝΩΝ ΟΡΓΑΝΙΣΜΩΝ,5,3,ΕΥ,ΚΑΪΛΗΣ ΑΛΕΞΑΝΔΡΟΣ, ΑΛΕΞΑΝΔΡΟΣ,ΚΑΪΛΗΣ,120315,,2
2,"ΔΙΕΘΝΩΝ, ΕΥΡΩΠΑΪΚΩΝ ΚΑΙ ΠΕΡΙΦΕΡΕΙΑΚΩΝ ΣΠΟΥΔΩΝ",ΠΡΟ,120317,ΔΙΕΘΝΕΙΣ ΣΧΕΣΕΙΣ ΙΙ,3,3,ΥΠ,ΑΡΒΑΝΙΤΟΠΟΥΛΟΣ ΚΩΝΣΤΑΝΤΙΝΟΣ, ΚΩΝΣΤΑΝΤΙΝΟΣ,ΑΡΒΑΝΙΤΟΠΟΥΛΟΣ,120317,,2
2,"ΔΙΕΘΝΩΝ, ΕΥΡΩΠΑΪΚΩΝ ΚΑΙ ΠΕΡΙΦΕΡΕΙΑΚΩΝ ΣΠΟΥΔΩΝ",ΠΡΟ,120319,ΔΙΕΘΝΕΣ ΔΙΚΑΙΟ ΙΙ,4,3,ΥΠ,ΜΑΡΟΥΔΑ ΜΑΡΙΑ, ΜΑΡΙΑ,ΜΑΡΟΥΔΑ,120319,,2
2,"ΔΙΕΘΝΩΝ, ΕΥΡΩΠΑΪΚΩΝ ΚΑΙ ΠΕΡΙΦΕΡΕΙΑΚΩΝ ΣΠΟΥΔΩΝ",ΠΡΟ,120321,ΘΕΩΡΙΑ ΕΞΩΤΕΡΙΚΗΣ ΠΟΛΙΤΙΚΗΣ,4,3,ΥΠ,ΥΦΑΝΤΗΣ ΚΩΝΣΤΑΝΤΙΝΟΣ, ΚΩΝΣΤΑΝΤΙΝΟΣ,ΥΦΑΝΤΗΣ,120321,,2
2,"ΔΙΕΘΝΩΝ, ΕΥΡΩΠΑΪΚΩΝ ΚΑΙ ΠΕΡΙΦΕΡΕΙΑΚΩΝ ΣΠΟΥΔΩΝ",ΠΡΟ,120332,ΕΥΡΩΠΑΪΚΗ ΟΙΚΟΝΟΜΙΚΗ ΟΛΟΚΛΗΡΩΣΗ,7,3,ΥΠ,ΠΑΠΑΖΟΓΛΟΥ ΧΡΗΣΤΟΣ, ΧΡΗΣΤΟΣ,ΠΑΠΑΖΟΓΛΟΥ,120332,,2
2,"ΔΙΕΘΝΩΝ, ΕΥΡΩΠΑΪΚΩΝ ΚΑΙ ΠΕΡΙΦΕΡΕΙΑΚΩΝ ΣΠΟΥΔΩΝ",ΠΡΟ,120341,ΕΙΔΙΚΑ ΘΕΜΑΤΑ ΔΙΕΘΝΩΝ ΣΧΕΣΕΩΝ,7,3,ΥΠ,ΛΑΒΔΑΣ ΚΩΝΣΤΑΝΤΙΝΟΣ, ΚΩΝΣΤΑΝΤΙΝΟΣ,ΛΑΒΔΑΣ,120341,,2
2,"ΔΙΕΘΝΩΝ, ΕΥΡΩΠΑΪΚΩΝ ΚΑΙ ΠΕΡΙΦΕΡΕΙΑΚΩΝ ΣΠΟΥΔΩΝ",ΠΡΟ,120343,ΕΙΣΑΓΩΓΗ ΣΤΗ ΔΙΕΘΝΗ ΠΟΛΙΤΙΚΗ ΚΑΙ ΤΟΥΣ ΔΙΕΘΝΕΙΣ ΘΕΣΜΟΥΣ,1,3,ΥΠ,ΚΑΝΕΛΛΟΠΟΥΛΟΥ ΝΕΔΑ-ΜΑΡΙΑ, ΝΕΔΑ-ΜΑΡΙΑ,ΚΑΝΕΛΛΟΠΟΥΛΟΥ,120343,,3
2,"ΔΙΕΘΝΩΝ, ΕΥΡΩΠΑΪΚΩΝ ΚΑΙ ΠΕΡΙΦΕΡΕΙΑΚΩΝ ΣΠΟΥΔΩΝ",ΠΡΟ,120344,ΕΙΣΑΓΩΓΗ ΣΤΙΣ ΜΕΘΟΔΟΥΣ ΤΩΝ ΚΟΙΝΩΝΙΚΩΝ ΕΠΙΣΤΗΜΩΝ (ΤΕΧΝΙΚΕΣ ΕΡΕΥΝΑΣ ΚΑΙ ΣΥΓΓΡΑΦΗΣ),1,3,ΥΠ,ΖΙΩΓΑΣ ΧΡ., ΧΡ.,ΖΙΩΓΑΣ,120344,,2
2,"ΔΙΕΘΝΩΝ, ΕΥΡΩΠΑΪΚΩΝ ΚΑΙ ΠΕΡΙΦΕΡΕΙΑΚΩΝ ΣΠΟΥΔΩΝ",ΠΡΟ,120418,ΠΟΛΙΤΙΚΑ ΣΥΣΤΗΜΑΤΑ ΚΑΙ ΚΑΘΕΣΤΩΤΑ  ΣΤΗ ΜΕΣΗ ΑΝΑΤΟΛΗ,8,3,ΥΠ,ΛΑΓΓΙΔΗΣ Α., Α.,ΛΑΓΓΙΔΗΣ,120418,,2
2,"ΔΙΕΘΝΩΝ, ΕΥΡΩΠΑΪΚΩΝ ΚΑΙ ΠΕΡΙΦΕΡΕΙΑΚΩΝ ΣΠΟΥΔΩΝ",ΠΡΟ,120428,ΕΥΡΩΠΑΪΚΗ ΠΟΛΙΤΙΚΗ ΠΡΟΣΤΑΣΙΑΣ ΠΕΡΙΒΑΛΛΟΝΤΟΣ (JEAN MONNET),8,3,ΥΠ,ΔΗΜΑΔΑΜΑ ΖΑΦΕΙΡΟΥΛΑ, ΖΑΦΕΙΡΟΥΛΑ,ΔΗΜΑΔΑΜΑ,120428,,2
2,"ΔΙΕΘΝΩΝ, ΕΥΡΩΠΑΪΚΩΝ ΚΑΙ ΠΕΡΙΦΕΡΕΙΑΚΩΝ ΣΠΟΥΔΩΝ",ΠΡΟ,120435,ΔΙΑΧΕΙΡΙΣΗ ΚΡΙΣΕΩΝ ΚΑΙ ΠΟΛΥΜΕΡΗΣ ΔΙΠΛΩΜΑΤΙΑ,6,3,ΥΠ,ΖΙΩΓΑΣ ΧΡ., ΧΡ.,ΖΙΩΓΑΣ,120435,,2
2,"ΔΙΕΘΝΩΝ, ΕΥΡΩΠΑΪΚΩΝ ΚΑΙ ΠΕΡΙΦΕΡΕΙΑΚΩΝ ΣΠΟΥΔΩΝ",ΠΡΟ,120443,ΤΟ ΦΥΛΟ ΣΤΙΣ ΔΙΕΘΝΕΙΣ ΣΠΟΥΔΕΣ/GENDER IN INTERNATIONAL RELATIONS,5,3,ΕΥ,ΓΚΟΦΑΣ ΑΝΔΡΕΑΣ, ΑΝΔΡΕΑΣ,ΓΚΟΦΑΣ,120443,,2
2,"ΔΙΕΘΝΩΝ, ΕΥΡΩΠΑΪΚΩΝ ΚΑΙ ΠΕΡΙΦΕΡΕΙΑΚΩΝ ΣΠΟΥΔΩΝ",ΠΡΟ,120451,ΠΟΛΙΤΙΚΑ ΣΥΣΤΗΜΑΤΑ ΕΥΡΩΠΗΣ ΚΑΙ ΑΜΕΡΙΚΗΣ,4,3,ΕΥ,ΔΙΑΜΑΝΤΟΠΟΥΛΟΣ ΑΘΑΝΑΣΙΟΣ, ΑΘΑΝΑΣΙΟΣ,ΔΙΑΜΑΝΤΟΠΟΥΛΟΣ,120451,,2
2,"ΔΙΕΘΝΩΝ, ΕΥΡΩΠΑΪΚΩΝ ΚΑΙ ΠΕΡΙΦΕΡΕΙΑΚΩΝ ΣΠΟΥΔΩΝ",ΠΡΟ,120461,ΠΟΛΙΤΙΚΕΣ ΤΗΣ ΕΥΡΩΠΑΪΚΗΣ ΕΝΩΣΗΣ Ι: ΕΝΙΑΙΑ ΕΥΡΩΠΑΪΚΗ ΑΓΟΡΑ & ΣΥΝΟΔΕΥΤΙΚΕΣ ΠΟΛΙΤΙΚΕΣ,7,3,ΥΠ,ΠΑΠΑΝΤΩΝΗ ΜΑΡΙΑ, ΜΑΡΙΑ,ΠΑΠΑΝΤΩΝΗ,120461,,3
2,"ΔΙΕΘΝΩΝ, ΕΥΡΩΠΑΪΚΩΝ ΚΑΙ ΠΕΡΙΦΕΡΕΙΑΚΩΝ ΣΠΟΥΔΩΝ",ΠΡΟ,120462,ΕΥΡΩΠΑ'Ι'ΚΗ ΠΟΛΙΤΙΚΗ ΕΝΟΠΟΙΗΣΗ,8,3,ΥΠ,ΚΑΝΕΛΛΟΠΟΥΛΟΥ ΝΕΔΑ-ΜΑΡΙΑ, ΝΕΔΑ-ΜΑΡΙΑ,ΚΑΝΕΛΛΟΠΟΥΛΟΥ,120462,,2
2,"ΔΙΕΘΝΩΝ, ΕΥΡΩΠΑΪΚΩΝ ΚΑΙ ΠΕΡΙΦΕΡΕΙΑΚΩΝ ΣΠΟΥΔΩΝ",ΠΡΟ,120466,ΟΙ ΟΙΚΟΝΟΜΙΕΣ ΤΩΝ ΒΑΛΚΑΝΙΩΝ,8,3,ΥΠ,ΠΑΠΑΖΟΓΛΟΥ ΧΡΗΣΤΟΣ, ΧΡΗΣΤΟΣ,ΠΑΠΑΖΟΓΛΟΥ,120466,,2
2,"ΔΙΕΘΝΩΝ, ΕΥΡΩΠΑΪΚΩΝ ΚΑΙ ΠΕΡΙΦΕΡΕΙΑΚΩΝ ΣΠΟΥΔΩΝ",ΠΡΟ,120476,Η ΓΕΩΓΡΑΦΙΑ ΣΤΙΣ ΔΙΕΘΝΕΙΣ ΣΠΟΥΔΕΣ,1,3,ΥΠ,ΚΟΛΙΟΠΟΥΛΟΣ ΚΩΝΣΤΑΝΤΙΝΟΣ, ΚΩΝΣΤΑΝΤΙΝΟΣ,ΚΟΛΙΟΠΟΥΛΟΣ,120476,,2
2,"ΔΙΕΘΝΩΝ, ΕΥΡΩΠΑΪΚΩΝ ΚΑΙ ΠΕΡΙΦΕΡΕΙΑΚΩΝ ΣΠΟΥΔΩΝ",ΠΡΟ,120479,ΘΕΩΡΙΑ ΚΑΙ ΤΕΧΝΙΚΗ ΤΩΝ ΔΙΑΠΡΑΓΜΑΤΕΥΣΕΩΝ ΓΙΑ ΤΗΝ ΕΠΙΤΕΥΞΗ ΔΙΕΘΝΩΝ ΣΥΜΦΩΝΙΩΝ,5,3,ΥΠ,ΚΑΪΛΗΣ ΑΛΕΞΑΝΔΡΟΣ, ΑΛΕΞΑΝΔΡΟΣ,ΚΑΪΛΗΣ,120479,,2
2,"ΔΙΕΘΝΩΝ, ΕΥΡΩΠΑΪΚΩΝ ΚΑΙ ΠΕΡΙΦΕΡΕΙΑΚΩΝ ΣΠΟΥΔΩΝ",ΠΡΟ,120484,ΘΕΩΡΙΑ ΔΙΕΘΝΩΝ ΟΙΚΟΝΟΜΙΚΩΝ ΣΧΕΣΕΩΝ,3,3,ΥΠ,ΠΑΠΑΖΟΓΛΟΥ ΧΡΗΣΤΟΣ, ΧΡΗΣΤΟΣ,ΠΑΠΑΖΟΓΛΟΥ,120484,,2
2,"ΔΙΕΘΝΩΝ, ΕΥΡΩΠΑΪΚΩΝ ΚΑΙ ΠΕΡΙΦΕΡΕΙΑΚΩΝ ΣΠΟΥΔΩΝ",ΠΡΟ,120485,ΔΙΕΘΝΗΣ ΠΡΟΣΤΑΣΙΑ ΔΙΚΑΙΩΜΑΤΩΝ ΤΟΥ ΑΝΘΡΩΠΟΥ,6,3,ΥΠ,ΜΑΡΟΥΔΑ ΜΑΡΙΑ, ΜΑΡΙΑ,ΜΑΡΟΥΔΑ,120485,,2
2,"ΔΙΕΘΝΩΝ, ΕΥΡΩΠΑΪΚΩΝ ΚΑΙ ΠΕΡΙΦΕΡΕΙΑΚΩΝ ΣΠΟΥΔΩΝ",ΠΡΟ,120486,"ΚΙΝΑ: ΚΡΑΤΟΣ, ΚΟΙΝΩΝΙΑ & ΒΙΩΣΙΜΗ ΔΙΑΚΥΒΕΡΝΗΣΗ",6,3,ΕΥ,ΠΑΠΑΣΩΤΗΡΙΟΥ ΧΑΡΑΛΑΜΠΟΣ, ΧΑΡΑΛΑΜΠΟΣ,ΠΑΠΑΣΩΤΗΡΙΟΥ,120486,,2
2,"ΔΙΕΘΝΩΝ, ΕΥΡΩΠΑΪΚΩΝ ΚΑΙ ΠΕΡΙΦΕΡΕΙΑΚΩΝ ΣΠΟΥΔΩΝ",ΠΡΟ,120487,ΔΙΕΘΝΗΣ ΔΙΚΑΙΟΣΥΝΗ,7,3,ΥΠ,ΜΑΡΟΥΔΑ ΜΑΡΙΑ, ΜΑΡΙΑ,ΜΑΡΟΥΔΑ,120487,,2
2,"ΔΙΕΘΝΩΝ, ΕΥΡΩΠΑΪΚΩΝ ΚΑΙ ΠΕΡΙΦΕΡΕΙΑΚΩΝ ΣΠΟΥΔΩΝ",ΠΡΟ,120488,ΜΕΙΟΝΟΤΗΤΕΣ - ΜΕΤΑΝΑΣΤΕΥΤΙΚΗ ΠΟΛΙΤΙΚΗ,7,3,ΕΥ,ΜΑΡΟΥΔΑ ΜΑΡΙΑ, ΜΑΡΙΑ,ΜΑΡΟΥΔΑ,120488,,2
2,"ΔΙΕΘΝΩΝ, ΕΥΡΩΠΑΪΚΩΝ ΚΑΙ ΠΕΡΙΦΕΡΕΙΑΚΩΝ ΣΠΟΥΔΩΝ",ΠΡΟ,120494,ΘΡΗΣΚΕΙΑ ΚΑΙ ΔΙΕΘΝΗΣ ΠΟΛΙΤΙΚΗ,7,3,ΥΠ,ΓΚΟΦΑΣ ΑΝΔΡΕΑΣ, ΑΝΔΡΕΑΣ,ΓΚΟΦΑΣ,120494,,2
2,"ΔΙΕΘΝΩΝ, ΕΥΡΩΠΑΪΚΩΝ ΚΑΙ ΠΕΡΙΦΕΡΕΙΑΚΩΝ ΣΠΟΥΔΩΝ",ΠΡΟ,120503,ΓΛΩΣΣΑ ΕΙΔΙΚΟΤΗΤΑΣ ΑΓΓΛΙΚΩΝ ΣΤΙΣ ΔΙΕΘΝΕΙΣ  ΕΥΡΩΠΑΪΚΕΣ & ΠΕΡΙΦΕΡΕΙΑΚΕΣ ΣΠΟΥΔΕΣ,4,2,ΕΕ,ΠΛΕΜΕΝΟΥ Ε., Ε.,ΠΛΕΜΕΝΟΥ,120503,,2
2,"ΔΙΕΘΝΩΝ, ΕΥΡΩΠΑΪΚΩΝ ΚΑΙ ΠΕΡΙΦΕΡΕΙΑΚΩΝ ΣΠΟΥΔΩΝ",ΠΡΟ,120505,ΓΛΩΣΣΑ ΕΙΔΙΚΟΤΗΤΑΣ ΙΤΑΛΙΚΩΝ ΣΤΙΣ ΔΙΕΘΝΕΙΣ  ΕΥΡΩΠΑΪΚΕΣ & ΠΕΡΙΦΕΡΕΙΑΚΕΣ ΣΠΟΥΔΕΣ,4,2,ΕΕ,ΔΑΝΕΖΗΣ ΝΕΚΤΑΡΙΟΣ, ΝΕΚΤΑΡΙΟΣ,ΔΑΝΕΖΗΣ,120505,,2
2,"ΔΙΕΘΝΩΝ, ΕΥΡΩΠΑΪΚΩΝ ΚΑΙ ΠΕΡΙΦΕΡΕΙΑΚΩΝ ΣΠΟΥΔΩΝ",ΠΡΟ,120508,ΕΞΩΤΕΡΙΚΗ ΠΟΛΙΤΙΚΗ ΤΩΝ ΜΕΓΑΛΩΝ ΕΥΡΩΠΑΪΚΩΝ ΔΥΝΑΜΕΩΝ,7,3,ΕΥ,ΑΡΒΑΝΙΤΟΠΟΥΛΟΣ ΚΩΝΣΤΑΝΤΙΝΟΣ, ΚΩΝΣΤΑΝΤΙΝΟΣ,ΑΡΒΑΝΙΤΟΠΟΥΛΟΣ,120508,,2
2,"ΔΙΕΘΝΩΝ, ΕΥΡΩΠΑΪΚΩΝ ΚΑΙ ΠΕΡΙΦΕΡΕΙΑΚΩΝ ΣΠΟΥΔΩΝ",ΠΡΟ,120513,ΕΥΡΩΑΤΛΑΝΤΙΚΕΣ ΣΧΕΣΕΙΣ,8,3,ΕΥ,ΑΡΒΑΝΙΤΟΠΟΥΛΟΣ ΚΩΝΣΤΑΝΤΙΝΟΣ, ΚΩΝΣΤΑΝΤΙΝΟΣ,ΑΡΒΑΝΙΤΟΠΟΥΛΟΣ,120513,,2
2,"ΔΙΕΘΝΩΝ, ΕΥΡΩΠΑΪΚΩΝ ΚΑΙ ΠΕΡΙΦΕΡΕΙΑΚΩΝ ΣΠΟΥΔΩΝ",MET,12Μ017,ΠΟΛΙΤΙΚΕΣ ΟΨΕΙΣ ΤΩΝ ΔΙΕΘΝΩΝ ΘΕΣΜΩΝ,1,3,ΥΠ,ΖΙΩΓΑΣ ΧΡ., ΧΡ.,ΖΙΩΓΑΣ,12Μ017,,2
2,"ΔΙΕΘΝΩΝ, ΕΥΡΩΠΑΪΚΩΝ ΚΑΙ ΠΕΡΙΦΕΡΕΙΑΚΩΝ ΣΠΟΥΔΩΝ",MET,12Μ036,Η ΔΥΝΑΜΙΚΗ ΤΗΣ ΕΥΡΩΠΑΪΚΗΣ ΟΛΟΚΛΗΡΩΣΗΣ,1,3,ΥΠ,ΠΑΣΣΑΣ ΑΝΑΡΓΥΡΟΣ, ΑΝΑΡΓΥΡΟΣ,ΠΑΣΣΑΣ,12Μ036,,2
2,"ΔΙΕΘΝΩΝ, ΕΥΡΩΠΑΪΚΩΝ ΚΑΙ ΠΕΡΙΦΕΡΕΙΑΚΩΝ ΣΠΟΥΔΩΝ",MET,12Μ038,ΕΙΔΙΚΑ ΘΕΜΑΤΑ ΔΙΕΘΝΩΝ ΟΡΓΑΝΙΣΜΩΝ,1,3,ΥΠ,ΣΥΡΙΓΟΣ ΕΥΑΓΓΕΛΟΣ, ΕΥΑΓΓΕΛΟΣ,ΣΥΡΙΓΟΣ,12Μ038,,2
2,"ΔΙΕΘΝΩΝ, ΕΥΡΩΠΑΪΚΩΝ ΚΑΙ ΠΕΡΙΦΕΡΕΙΑΚΩΝ ΣΠΟΥΔΩΝ",MET,12Μ066,ΣΥΓΚΡΙΤΙΚΗ ΠΟΛΙΤΙΚΗ ΑΝΑΛΥΣΗ,1,3,ΥΠ,ΛΑΒΔΑΣ ΚΩΝΣΤΑΝΤΙΝΟΣ, ΚΩΝΣΤΑΝΤΙΝΟΣ,ΛΑΒΔΑΣ,12Μ066,,2
2,"ΔΙΕΘΝΩΝ, ΕΥΡΩΠΑΪΚΩΝ ΚΑΙ ΠΕΡΙΦΕΡΕΙΑΚΩΝ ΣΠΟΥΔΩΝ",MET,12Μ068,ΔΙΕΘΝΗΣ ΔΙΚΑΙΟΣΥΝΗ,1,3,ΥΠ,ΜΑΡΟΥΔΑ ΜΑΡΙΑ, ΜΑΡΙΑ,ΜΑΡΟΥΔΑ,12Μ068,,2
2,"ΔΙΕΘΝΩΝ, ΕΥΡΩΠΑΪΚΩΝ ΚΑΙ ΠΕΡΙΦΕΡΕΙΑΚΩΝ ΣΠΟΥΔΩΝ",MET,12Μ071,ΑΜΕΡΙΚΑΝΙΚΟ ΠΟΛΙΤΙΚΟ ΣΥΣΤΗΜΑ ΚΑΙ ΕΞΩΤΕΡΙΚΗ ΠΟΛΙΤΙΚΗ,2,3,ΥΠ,ΠΑΠΑΣΩΤΗΡΙΟΥ ΧΑΡΑΛΑΜΠΟΣ, ΧΑΡΑΛΑΜΠΟΣ,ΠΑΠΑΣΩΤΗΡΙΟΥ,12Μ071,,2
2,"ΔΙΕΘΝΩΝ, ΕΥΡΩΠΑΪΚΩΝ ΚΑΙ ΠΕΡΙΦΕΡΕΙΑΚΩΝ ΣΠΟΥΔΩΝ",MET,12Μ086,ΕΛΛΗΝΙΚΗ ΕΞΩΤΕΡΙΚΗ ΠΟΛΙΤΙΚΗ Ι (ΕΙΔΙΚΑ ΘΕΜΑΤΑ),1,3,ΥΠ,ΤΣΑΛΤΑΣ ΓΡΗΓΟΡΗΣ, ΓΡΗΓΟΡΗΣ,ΤΣΑΛΤΑΣ,12Μ086,,3
2,"ΔΙΕΘΝΩΝ, ΕΥΡΩΠΑΪΚΩΝ ΚΑΙ ΠΕΡΙΦΕΡΕΙΑΚΩΝ ΣΠΟΥΔΩΝ",MET,12Μ089,"ΕΥΡΩΠΑΙΚΟΣ ΧΩΡΟΣ ΕΛΕΥΘΕΡΙΑΣ, ΑΣΦΑΛΕΙΑΣ ΚΑΙ ΔΙΚΑΙΟΣΥΝΗΣ",1,3,ΥΠ,ΤΣΟΛΚΑ ΟΛΓΑ, ΟΛΓΑ,ΤΣΟΛΚΑ,12Μ089,,3
2,"ΔΙΕΘΝΩΝ, ΕΥΡΩΠΑΪΚΩΝ ΚΑΙ ΠΕΡΙΦΕΡΕΙΑΚΩΝ ΣΠΟΥΔΩΝ",MET,12Μ092,ΕΙΔΙΚΑ ΘΕΜΑΤΑ ΔΙΚΑΙΟΥ ΤΗΣ ΕΥΡΩΠΑΪΚΗΣ ΕΝΩΣΗΣ ΚΑΙ ΔΙΚΑΙΟΥ ΕΣΔΑ,2,3,ΕΥ,ΤΣΟΛΚΑ ΟΛΓΑ, ΟΛΓΑ,ΤΣΟΛΚΑ,12Μ092,,6
2,"ΔΙΕΘΝΩΝ, ΕΥΡΩΠΑΪΚΩΝ ΚΑΙ ΠΕΡΙΦΕΡΕΙΑΚΩΝ ΣΠΟΥΔΩΝ",MET,12Μ096,ΕΘΝΙΚΕΣ ΚΑΙ ΕΥΡΩΠΑΪΚΕΣ ΠΟΛΙΤΙΚΕΣ ΑΝΑΠΤΥΞΙΑΚΗΣ ΣΥΝΕΡΓΑΣΙΑΣ,2,3,ΥΠ,ΤΣΑΛΤΑΣ ΓΡΗΓΟΡΗΣ, ΓΡΗΓΟΡΗΣ,ΤΣΑΛΤΑΣ,12Μ096,,3
2,"ΔΙΕΘΝΩΝ, ΕΥΡΩΠΑΪΚΩΝ ΚΑΙ ΠΕΡΙΦΕΡΕΙΑΚΩΝ ΣΠΟΥΔΩΝ",MET,12Μ100,ΔΙΕΘΝΕΣ ΔΙΚΑΙΟ ΠΕΡΙΒΑΛΛΟΝΤΟΣ : ΕΙΔΙΚΑ ΘΕΜΑΤΑ,2,3,ΕΥ,ΚΑΡΑΓΕΩΡΓΟΥ ΒΑΣΙΛΙΚΗ, ΒΑΣΙΛΙΚΗ,ΚΑΡΑΓΕΩΡΓΟΥ,12Μ100,,2
2,"ΔΙΕΘΝΩΝ, ΕΥΡΩΠΑΪΚΩΝ ΚΑΙ ΠΕΡΙΦΕΡΕΙΑΚΩΝ ΣΠΟΥΔΩΝ",MET,12Μ101,ΕΝΕΡΓΕΙΑΚΗ ΠΟΛΙΤΙΚΗ & ΒΙΩΣΙΜΗ ΑΝΑΠΤΥΞΗ,2,3,ΕΥ,ΤΣΑΛΤΑΣ ΓΡΗΓΟΡΗΣ, ΓΡΗΓΟΡΗΣ,ΤΣΑΛΤΑΣ,12Μ101,,6
2,"ΔΙΕΘΝΩΝ, ΕΥΡΩΠΑΪΚΩΝ ΚΑΙ ΠΕΡΙΦΕΡΕΙΑΚΩΝ ΣΠΟΥΔΩΝ",MET,12Μ104,ΘΕΩΡΙΑ ΚΑΙ ΜΕΘΟΔΟΛΟΓΙΑ ΔΙΕΘΝΩΝ ΣΧΕΣΕΩΝ,1,3,ΥΠ,ΓΚΟΦΑΣ ΑΝΔΡΕΑΣ, ΑΝΔΡΕΑΣ,ΓΚΟΦΑΣ,12Μ104,,2
2,"ΔΙΕΘΝΩΝ, ΕΥΡΩΠΑΪΚΩΝ ΚΑΙ ΠΕΡΙΦΕΡΕΙΑΚΩΝ ΣΠΟΥΔΩΝ",MET,12Μ106,ΔΙΕΘΝΗΣ ΚΑΙ ΠΕΡΙΦΕΡΕΙΑΚΗ ΟΙΚΟΝΟΜΙΚΗ ΟΛΟΚΛΗΡΩΣΗ,1,3,ΥΠ,ΤΣΑΓΚΛΑΣ ΟΡΕΣΤΗΣ, ΟΡΕΣΤΗΣ,ΤΣΑΓΚΛΑΣ,12Μ106,,2
2,"ΔΙΕΘΝΩΝ, ΕΥΡΩΠΑΪΚΩΝ ΚΑΙ ΠΕΡΙΦΕΡΕΙΑΚΩΝ ΣΠΟΥΔΩΝ",MET,12Μ115,ΔΙΕΘΝΕΣ ΠΟΙΝΙΚΟ ΔΙΚΑΙΟ,2,3,ΥΠ,ΤΣΟΛΚΑ ΟΛΓΑ, ΟΛΓΑ,ΤΣΟΛΚΑ,12Μ115,,2
2,"ΔΙΕΘΝΩΝ, ΕΥΡΩΠΑΪΚΩΝ ΚΑΙ ΠΕΡΙΦΕΡΕΙΑΚΩΝ ΣΠΟΥΔΩΝ",MET,12Μ116,ΕΥΡΩΠΑΪΚΟ ΚΟΙΝΟ ΔΙΚΑΙΟ (ius communis) - ΔΗΜΟΣΙΟ ΚΑΙ ΠΟΙΝΙΚΟ,1,3,ΥΠ,ΤΣΟΛΚΑ ΟΛΓΑ, ΟΛΓΑ,ΤΣΟΛΚΑ,12Μ116,,2
2,"ΔΙΕΘΝΩΝ, ΕΥΡΩΠΑΪΚΩΝ ΚΑΙ ΠΕΡΙΦΕΡΕΙΑΚΩΝ ΣΠΟΥΔΩΝ",MET,12Μ118,ΘΕΩΡΙΑ ΚΑΙ ΤΕΧΝΙΚΕΣ ΤΩΝ ΔΙΕΘΝΩΝ ΔΙΑΠΡΑΓΜΑΤΕΥΣΕΩΝ,2,3,ΕΥ,ΚΑΪΛΗΣ ΑΛΕΞΑΝΔΡΟΣ, ΑΛΕΞΑΝΔΡΟΣ,ΚΑΪΛΗΣ,12Μ118,,4
2,"ΔΙΕΘΝΩΝ, ΕΥΡΩΠΑΪΚΩΝ ΚΑΙ ΠΕΡΙΦΕΡΕΙΑΚΩΝ ΣΠΟΥΔΩΝ",MET,12Μ119,ΓΕΩΠΟΛΙΤΙΚΗ ΚΑΙ ΓΕΩΟΙΚΟΝΟΜΙΑ,2,3,ΕΥ,ΠΑΠΑΣΩΤΗΡΙΟΥ ΧΑΡΑΛΑΜΠΟΣ, ΧΑΡΑΛΑΜΠΟΣ,ΠΑΠΑΣΩΤΗΡΙΟΥ,12Μ119,,2
2,"ΔΙΕΘΝΩΝ, ΕΥΡΩΠΑΪΚΩΝ ΚΑΙ ΠΕΡΙΦΕΡΕΙΑΚΩΝ ΣΠΟΥΔΩΝ",MET,12Μ123,ΣΥΓΧΡΟΝΑ ΖΗΤΗΜΑΤΑ ΔΙΕΘΝΟΥΣ ΠΟΛΙΤΙΚΗΣ,2,3,ΕΥ,ΓΚΟΦΑΣ ΑΝΔΡΕΑΣ, ΑΝΔΡΕΑΣ,ΓΚΟΦΑΣ,12Μ123,,3
2,"ΔΙΕΘΝΩΝ, ΕΥΡΩΠΑΪΚΩΝ ΚΑΙ ΠΕΡΙΦΕΡΕΙΑΚΩΝ ΣΠΟΥΔΩΝ",MET,12Μ125,ΔΙΕΘΝΕΙΣ ΣΧΕΣΕΙΣ ΤΗΣ ΕΛΛΑΔΟΣ: ΓΕΩΠΟΛΙΤΙΚΗ ΚΑΙ ΑΣΦΑΛΕΙΑ,2,3,ΥΠ,ΚΟΠΠΑ ΜΑΡΙΑ-ΕΛΕΝΗ, ΜΑΡΙΑ-ΕΛΕΝΗ,ΚΟΠΠΑ,12Μ125,,2
2,"ΔΙΕΘΝΩΝ, ΕΥΡΩΠΑΪΚΩΝ ΚΑΙ ΠΕΡΙΦΕΡΕΙΑΚΩΝ ΣΠΟΥΔΩΝ",MET,12Μ128,ΕΞΩΤΕΡΙΚΕΣ ΣΧΕΣΕΙΣ ΕΥΡΩΠΑΪΚΗΣ ΕΝΩΣΗΣ: ΕΙΔΙΚΑ ΘΕΜΑΤΑ,2,3,ΥΠ,ΠΑΣΣΑΣ ΑΝΑΡΓΥΡΟΣ, ΑΝΑΡΓΥΡΟΣ,ΠΑΣΣΑΣ,12Μ128,,6
2,"ΔΙΕΘΝΩΝ, ΕΥΡΩΠΑΪΚΩΝ ΚΑΙ ΠΕΡΙΦΕΡΕΙΑΚΩΝ ΣΠΟΥΔΩΝ",MET,12Μ129,ΔΙΚΑΙΟ ΑΝΤΑΓΩΝΙΣΜΟΥ ΚΑΙ ΔΗΜΟΣΙΩΝ ΣΥΜΒΑΣΕΩΝ,2,3,ΥΠ,ΠΑΠΑΝΤΩΝΗ ΜΑΡΙΑ, ΜΑΡΙΑ,ΠΑΠΑΝΤΩΝΗ,12Μ129,,2
2,"ΔΙΕΘΝΩΝ, ΕΥΡΩΠΑΪΚΩΝ ΚΑΙ ΠΕΡΙΦΕΡΕΙΑΚΩΝ ΣΠΟΥΔΩΝ",MET,12Μ131,ΔΙΕΘΝΗΣ ΚΑΙ ΠΕΡΙΦΕΡΕΙΑΚΗ ΠΕΡΙΒΑΛΛΟΝΤΙΚΗ ΔΙΑΚΥΒΕΡΝΗΣΗ,1,3,ΥΠ,ΚΑΪΛΗΣ ΑΛΕΞΑΝΔΡΟΣ, ΑΛΕΞΑΝΔΡΟΣ,ΚΑΪΛΗΣ,12Μ131,,2
2,"ΔΙΕΘΝΩΝ, ΕΥΡΩΠΑΪΚΩΝ ΚΑΙ ΠΕΡΙΦΕΡΕΙΑΚΩΝ ΣΠΟΥΔΩΝ",MET,12Μ132,"ΔΙΚΑΙΟ  ΚΑΙ ΠΟΛΙΤΙΚΕΣ  ΔΙKAΙΩΜΑΤΩΝ ΤΟΥ ΑΝΘΡΩΠΟΥ, ΜΕΙΟΝΟΤΗΤΩΝ   ΚΑΙ  ΑΝΘΡΩΠΙΣΤΙΚΗΣ  ΔΡΑΣΗΣ",2,3,ΥΠ,ΜΑΡΟΥΔΑ ΜΑΡΙΑ, ΜΑΡΙΑ,ΜΑΡΟΥΔΑ,12Μ132,,4
2,ΣΤΡΑΤΗΓΙΚΕΣ ΣΠΟΥΔΕΣ ΑΣΦΑΛΕΙΑΣ (MASTER OF ARTS IN STRATEGIC SECURITY STUDIES),MET,12Μ200,ΘΕΩΡΙΑ ΔΙΕΘΝΩΝ ΣΧΕΣΕΩΝ,1,3,ΥΠ,ΥΦΑΝΤΗΣ ΚΩΝΣΤΑΝΤΙΝΟΣ, ΚΩΝΣΤΑΝΤΙΝΟΣ,ΥΦΑΝΤΗΣ,12Μ200,,2
2,ΣΤΡΑΤΗΓΙΚΕΣ ΣΠΟΥΔΕΣ ΑΣΦΑΛΕΙΑΣ (MASTER OF ARTS IN STRATEGIC SECURITY STUDIES),MET,12Μ201,ΣΤΡΑΤΗΓΙΚΕΣ ΣΠΟΥΔΕΣ,1,3,ΥΠ,ΠΑΠΑΣΩΤΗΡΙΟΥ ΧΑΡΑΛΑΜΠΟΣ, ΧΑΡΑΛΑΜΠΟΣ,ΠΑΠΑΣΩΤΗΡΙΟΥ,12Μ201,,2
2,ΣΤΡΑΤΗΓΙΚΕΣ ΣΠΟΥΔΕΣ ΑΣΦΑΛΕΙΑΣ (MASTER OF ARTS IN STRATEGIC SECURITY STUDIES),MET,12Μ202,ΕΛΛΗΝΙΚΗ ΕΞΩΤΕΡΙΚΗ ΠΟΛΙΤΙΚΗ,1,3,ΕΥ,ΤΣΑΛΤΑΣ ΓΡΗΓΟΡΗΣ, ΓΡΗΓΟΡΗΣ,ΤΣΑΛΤΑΣ,12Μ202,,3
2,ΣΤΡΑΤΗΓΙΚΕΣ ΣΠΟΥΔΕΣ ΑΣΦΑΛΕΙΑΣ (MASTER OF ARTS IN STRATEGIC SECURITY STUDIES),MET,12Μ204,ΧΕΙΡΙΣΜΟΣ ΚΡΙΣΕΩΝ,2,3,ΕΥ,ΧΕΙΛΑ ΕΙΡΗΝΗ, ΕΙΡΗΝΗ,ΧΕΙΛΑ,12Μ204,,2
2,ΣΤΡΑΤΗΓΙΚΕΣ ΣΠΟΥΔΕΣ ΑΣΦΑΛΕΙΑΣ (MASTER OF ARTS IN STRATEGIC SECURITY STUDIES),MET,12Μ205,ΠΕΡΙΦΕΡΕΙΑΚΗ ΑΣΦΑΛΕΙΑ ΚΑΙ ΣΥΓΚΡΟΥΣΕΙΣ (ΕΥΡΩΠΗ - ΒΑΛΚΑΝΙΑ - ΑΝ.ΜΕΣΟΓΕΙΟΣ - ΑΝ.ΑΣΙΑ),2,3,ΕΥ,ΚΟΛΙΟΠΟΥΛΟΣ ΚΩΝΣΤΑΝΤΙΝΟΣ, ΚΩΝΣΤΑΝΤΙΝΟΣ,ΚΟΛΙΟΠΟΥΛΟΣ,12Μ205,,2
2,"ΔΙΕΘΝΩΝ, ΕΥΡΩΠΑΪΚΩΝ ΚΑΙ ΠΕΡΙΦΕΡΕΙΑΚΩΝ ΣΠΟΥΔΩΝ",MET,12Μ208,ΕΙΔΙΚΑ ΘΕΜΑΤΑ ΣΤΗΝ ΔΙΕΘΝΗ ΜΑΚΡΟΟΙΚΟΝΟΜΙΚΗ,1,3,ΥΠ,ΣΤΑΣΙΝΟΠΟΥΛΟΣ Γ., Γ.,ΣΤΑΣΙΝΟΠΟΥΛΟΣ,12Μ208,,2
2,ΣΤΡΑΤΗΓΙΚΕΣ ΣΠΟΥΔΕΣ ΑΣΦΑΛΕΙΑΣ (MASTER OF ARTS IN STRATEGIC SECURITY STUDIES),MET,12Μ210,ΓΕΩΠΟΛΙΤΙΚΗ - ΓΕΩΟΙΚΟΝΟΜΙΑ,1,3,ΕΥ,ΣΤΑΣΙΝΟΠΟΥΛΟΣ Γ., Γ.,ΣΤΑΣΙΝΟΠΟΥΛΟΣ,12Μ210,,2
2,ΣΤΡΑΤΗΓΙΚΕΣ ΣΠΟΥΔΕΣ ΑΣΦΑΛΕΙΑΣ (MASTER OF ARTS IN STRATEGIC SECURITY STUDIES),MET,12Μ213,ΔΙΕΘΝΕΣ  ΔΙΚΑΙΟ  ΚΑΙ ΔΙΕΘΝΗΣ  ΑΣΦΑΛΕΙΑ,2,3,ΕΥ,ΜΑΡΟΥΔΑ ΜΑΡΙΑ, ΜΑΡΙΑ,ΜΑΡΟΥΔΑ,12Μ213,,2
3,ΚΟΙΝΩΝΙΟΛΟΓΙΑΣ,ΠΡΟ,300014,ΕΙΣΑΓΩΓΗ  ΣΤΗΝ  ΠΟΛΙΤΙΚΗ   ΟΙΚΟΝΟΜΙΑ Ι,1,3,ΥΠ,ΚΗΠΑΣ ΜΙΛΤΙΑΔΗΣ, ΜΙΛΤΙΑΔΗΣ,ΚΗΠΑΣ,300014,,2
3,ΚΟΙΝΩΝΙΟΛΟΓΙΑΣ,ΠΡΟ,300117,ΠΑΓΚΟΣΜΙΟΠΟΙΗΣΗ ΚΑΙ ΚΟΙΝΩΝΙΚΗ ΠΡΟΣΤΑΣΙΑ,5,3,ΕΥ,ΟΙΚΟΝΟΜΟΥ ΧΑΡΑΛΑΜΠΟΣ, ΧΑΡΑΛΑΜΠΟΣ,ΟΙΚΟΝΟΜΟΥ,300117,,2
3,ΚΟΙΝΩΝΙΟΛΟΓΙΑΣ,ΠΡΟ,300146,ΚΟΙΝΩΝΙΚΕΣ ΑΝΙΣΟΤΗΤΕΣ ΙΙ.  ΠΟΛΙΤΙΚΕΣ ΓΙΑ ΤΗΝ ΚΑΤΑΠΟΛΕΜΗΣΗ ΤΟΥ ΚΟΙΝΩΝΙΚΟΥ ΑΠΟΚΛΕΙΣΜΟΥ,6,3,ΕΥ,ΚΑΝΤΖΑΡΑ ΒΑΣΙΛΙΚΗ, ΒΑΣΙΛΙΚΗ,ΚΑΝΤΖΑΡΑ,300146,,2
3,ΚΟΙΝΩΝΙΟΛΟΓΙΑΣ,ΠΡΟ,300159,ΑΓΓΛΙΚΗ ΓΛΩΣΣΑ ΕΙΔΙΚΟΤΗΤΑΣ Ι,5,3,ΣΕ,ΠΛΕΜΕΝΟΥ Ε., Ε.,ΠΛΕΜΕΝΟΥ,300159,,2
3,ΚΟΙΝΩΝΙΟΛΟΓΙΑΣ,ΠΡΟ,300163,ΑΓΓΛΙΚΗ ΓΛΩΣΣΑ ΕΙΔΙΚΟΤΗΤΑΣ ΙΙ,6,3,ΣΕ,ΠΛΕΜΕΝΟΥ Ε., Ε.,ΠΛΕΜΕΝΟΥ,300163,,2
3,ΚΟΙΝΩΝΙΟΛΟΓΙΑΣ,ΠΡΟ,300167,ΙΤΑΛΙΚΗ ΓΛΩΣΣΑ ΕΙΔΙΚΟΤΗΤΑΣ Ι,7,3,ΣΕ,ΔΑΝΕΖΗΣ ΝΕΚΤΑΡΙΟΣ, ΝΕΚΤΑΡΙΟΣ,ΔΑΝΕΖΗΣ,300167,,2
3,ΚΟΙΝΩΝΙΟΛΟΓΙΑΣ,ΠΡΟ,300173,ΙΤΑΛΙΚΗ ΓΛΩΣΣΑ ΕΙΔΙΚΟΤΗΤΑΣ ΙΙ,8,3,ΣΕ,ΔΑΝΕΖΗΣ ΝΕΚΤΑΡΙΟΣ, ΝΕΚΤΑΡΙΟΣ,ΔΑΝΕΖΗΣ,300173,,2
3,ΚΟΙΝΩΝΙΟΛΟΓΙΑΣ,ΠΡΟ,300224,ΠΟΙΝΙΚΟ ΔΙΚΑΙΟ ΠΕΡΙΒΑΛΛΟΝΤΟΣ Ι,7,3,ΕΥ,ΠΑΠΑΝΕΟΦΥΤΟΥ ΑΓΑΠΙΟΣ, ΑΓΑΠΙΟΣ,ΠΑΠΑΝΕΟΦΥΤΟΥ,300224,,2
3,ΚΟΙΝΩΝΙΟΛΟΓΙΑΣ,ΠΡΟ,300225,ΠΟΙΝΙΚΗ ΠΡΟΣΤΑΣΙΑ ΤΟΥ ΚΑΤΑΝΑΛΩΤΗ,7,3,ΕΥ,ΠΑΠΑΝΕΟΦΥΤΟΥ ΑΓΑΠΙΟΣ, ΑΓΑΠΙΟΣ,ΠΑΠΑΝΕΟΦΥΤΟΥ,300225,,2
3,ΚΟΙΝΩΝΙΟΛΟΓΙΑΣ,ΠΡΟ,300226,ΠΟΙΝΙΚΟ ΔΙΚΑΙΟ ΠΕΡΙΒΑΛΛΟΝΤΟΣ ΙΙ,8,3,ΕΥ,ΠΑΠΑΝΕΟΦΥΤΟΥ ΑΓΑΠΙΟΣ, ΑΓΑΠΙΟΣ,ΠΑΠΑΝΕΟΦΥΤΟΥ,300226,,2
3,ΚΟΙΝΩΝΙΟΛΟΓΙΑΣ,ΠΡΟ,300227,ΕΓΚΛΗΜΑΤΑ ΠΟΥ ΣΥΝΔΕΟΝΤΑΙ ΜΕ ΠΡΟΣΒΟΛΕΣ ΤΟΥ ΠΟΛΙΤΕΥΜΑΤΟΣ ΚΑΙ ΕΓΚΛΗΜΑΤΑ ΚΑΤΑ ΤΗΣ ΠΟΛΙΤΕΙΑΚΗΣ ΕΞΟΥΣΙΑΣ,8,3,ΕΥ,ΠΑΠΑΝΕΟΦΥΤΟΥ ΑΓΑΠΙΟΣ, ΑΓΑΠΙΟΣ,ΠΑΠΑΝΕΟΦΥΤΟΥ,300227,,2
3,ΚΟΙΝΩΝΙΟΛΟΓΙΑΣ,ΠΡΟ,300622,ΕΙΣΑΓΩΓΗ ΣΤΗΝ ΚΟΙΝΩΝΙΚΗ ΑΝΘΡΩΠΟΛΟΓΙΑ,2,3,ΥΠ,ΔΟΥΚΕΛΛΗΣ ΠΑΝΑΓΙΩΤΗΣ, ΠΑΝΑΓΙΩΤΗΣ,ΔΟΥΚΕΛΛΗΣ,300622,,2
3,ΚΟΙΝΩΝΙΟΛΟΓΙΑΣ,ΠΡΟ,300636,ΓΕΝΙΚΟ ΜΕΡΟΣ ΠΟΙΝΙΚΟΥ ΔΙΚΑΙΟΥ ΚΑΙ ΣΤΟΙΧΕΙΑ ΠΟΙΝΙΚΗΣ ΔΙΚΟΝΟΜΙΑΣ,3,3,ΕΥ,ΠΑΠΑΝΕΟΦΥΤΟΥ ΑΓΑΠΙΟΣ, ΑΓΑΠΙΟΣ,ΠΑΠΑΝΕΟΦΥΤΟΥ,300636,,2
3,ΚΟΙΝΩΝΙΟΛΟΓΙΑΣ,ΠΡΟ,300750,ΚΟΙΝΩΝΙΚΗ ΠΟΛΙΤΙΚΗ,3,3,ΥΠ,ΟΙΚΟΝΟΜΟΥ ΧΑΡΑΛΑΜΠΟΣ, ΧΑΡΑΛΑΜΠΟΣ,ΟΙΚΟΝΟΜΟΥ,300750,,2
3,ΚΟΙΝΩΝΙΟΛΟΓΙΑ,MET,31Μ001,ΜΕΘΟΔΟΙ ΚΟΙΝΩΝΙΚΗΣ ΕΡΕΥΝΑΣ (ΠΟΣΟΤΙΚΕΣ ΚΑΙ ΠΟΙΟΤΙΚΕΣ ΠΡΟΣΕΓΓΙΣΕΙΣ),1,,ΥΠ,ΛΥΔΑΚΗ ΑΝΝΑ, ΑΝΝΑ,ΛΥΔΑΚΗ,31Μ001,,3
3,ΚΟΙΝΩΝΙΟΛΟΓΙΑ,MET,31Μ002,ΜΟΡΦΕΣ ΑΝΙΣΟΤΗΤΑΣ: ΘΕΩΡΗΤΙΚΕΣ ΠΡΟΣΕΓΓΙΣΕΙΣ ΚΑΙ ΙΣΤΟΡΙΚΕΣ ΕΞΕΛΙΞΕΙΣ,1,,ΥΠ,ΤΣΙΡΟΣ ΝΙΚΟΛΑΟΣ, ΝΙΚΟΛΑΟΣ,ΤΣΙΡΟΣ,31Μ002,,3
3,ΚΟΙΝΩΝΙΟΛΟΓΙΑ,MET,31Μ007,ΑΝΙΣΗ ΑΝΑΠΤΥΞΗ ΚΑΙ ΚΡΙΣΗ ΤΩΝ ΟΙΚΟΝΟΜΙΚΩΝ ΚΑΙ ΚΟΙΝΩΝΙΚΩΝ ΔΟΜΩΝ ΣΤΗΝ ΕΥΡΩΠΗ,2,,ΥΠ,ΚΗΠΑΣ ΜΙΛΤΙΑΔΗΣ, ΜΙΛΤΙΑΔΗΣ,ΚΗΠΑΣ,31Μ007,,2
3,ΚΟΙΝΩΝΙΟΛΟΓΙΑ,MET,31Μ008,ΕΥΡΩΠΑΪΚΗ ΚΟΙΝΩΝΙΚΗ ΠΟΛΙΤΙΚΗ,2,,ΥΠ,ΑΓΓΕΛΑΚΗ ΜΑΡΙΝΑ, ΜΑΡΙΝΑ,ΑΓΓΕΛΑΚΗ,31Μ008,,4
3,ΚΟΙΝΩΝΙΟΛΟΓΙΑ,MET,31Μ009,ΕΙΔΙΚΑ ΘΕΜΑΤΑ ΕΥΡΩΠΑΪΚΗΣ ΙΣΤΟΡΙΑΣ,2,,ΕΥ,ΚΟΤΑΡΙΔΗΣ ΝΙΚΟΛΑΟΣ, ΝΙΚΟΛΑΟΣ,ΚΟΤΑΡΙΔΗΣ,31Μ009,,3
3,ΚΟΙΝΩΝΙΟΛΟΓΙΑ,MET,31Μ014,ΣΥΓΧΡΟΝΑ ΚΟΙΝΩΝΙΚΟΠΟΛΙΤΙΚΑ ΦΑΙΝΟΜΕΝΑ ΚΑΙ ΑΝΘΡΩΠΙΝΑ ΔΙΚΑΙΩΜΑΤΑ,3,,ΥΠ,ΤΣΙΡΟΣ ΝΙΚΟΛΑΟΣ, ΝΙΚΟΛΑΟΣ,ΤΣΙΡΟΣ,31Μ014,,2
3,ΚΟΙΝΩΝΙΟΛΟΓΙΑ,MET,31Μ015,ΚΟΙΝΩΝΙΚΑ ΚΙΝΗΜΑΤΑ ΚΑΙ ΚΟΙΝΩΝΙΚΑ ΔΙΚΑΙΩΜΑΤΑ,3,,ΕΥ,ΧΑΛΚΙΑ ΑΛΕΞΑΝΔΡΑ, ΑΛΕΞΑΝΔΡΑ,ΧΑΛΚΙΑ,31Μ015,,4
3,ΚΟΙΝΩΝΙΟΛΟΓΙΑ,MET,31Μ016,ΚΟΙΝΩΝΙΚΟ ΥΠΟΔΕΙΓΜΑ ΚΑΙ ΟΙΚΟΝΟΜΙΚΕΣ ΔΟΜΕΣ ΣΤΗΝ ΕΛΛΑΔΑ,3,,ΥΠ,ΚΗΠΑΣ ΜΙΛΤΙΑΔΗΣ, ΜΙΛΤΙΑΔΗΣ,ΚΗΠΑΣ,31Μ016,,2
3,ΚΟΙΝΩΝΙΟΛΟΓΙΑ,MET,31Μ017,ΚΟΙΝΩΝΙΚΟ ΚΡΑΤΟΣ ΣΤΗΝ ΕΛΛΛΑΔΑ,3,,ΥΠ,ΑΓΓΕΛΑΚΗ ΜΑΡΙΝΑ, ΜΑΡΙΝΑ,ΑΓΓΕΛΑΚΗ,31Μ017,,4
3,ΚΟΙΝΩΝΙΟΛΟΓΙΑ,MET,31Μ018,ΕΙΔΙΚΑ ΘΕΜΑΤΑ ΕΛΛΗΝΙΚΗΣ ΙΣΤΟΡΙΑΣ,3,,ΕΥ,ΚΟΤΑΡΙΔΗΣ ΝΙΚΟΛΑΟΣ, ΝΙΚΟΛΑΟΣ,ΚΟΤΑΡΙΔΗΣ,31Μ018,,3
4,"ΕΠΙΚΟΙΝΩΝΙΑΣ, ΜΕΣΩΝ ΚΑΙ ΠΟΛΙΤΙΣΜΟΥ",ΠΡΟ,410099,Η/Υ ΕΙΣΑΓΩΓΗ ΣΤΗ ΠΛΗΡΟΦΟΡΙΚΗ,1,3,ΕΥ,ΚΟΝΤΑΞΗΣ ΑΘΑΝΑΣΙΟΣ, ΑΘΑΝΑΣΙΟΣ,ΚΟΝΤΑΞΗΣ,410099,,2
4,"ΕΠΙΚΟΙΝΩΝΙΑΣ, ΜΕΣΩΝ ΚΑΙ ΠΟΛΙΤΙΣΜΟΥ",ΠΡΟ,410277,ΕΙΣΑΓΩΓΗ ΣΤΗ ΔΙΕΘΝΗ ΠΟΛΙΤΙΚΗ ΚΑΙ ΤΟΥΣ ΔΙΕΘΝΕΙΣ ΘΕΣΜΟΥΣ,1,3,ΕΕ,ΚΑΝΕΛΛΟΠΟΥΛΟΥ ΝΕΔΑ-ΜΑΡΙΑ, ΝΕΔΑ-ΜΑΡΙΑ,ΚΑΝΕΛΛΟΠΟΥΛΟΥ,410277,,3
4,"ΕΠΙΚΟΙΝΩΝΙΑΣ, ΜΕΣΩΝ ΚΑΙ ΠΟΛΙΤΙΣΜΟΥ",ΠΡΟ,410945,ΓΛΩΣΣΑ ΕΙΔΙΚΟΤΗΤΑΣ ΣΤΙΣ ΚΟΙΝΩΝΙΚΕΣ ΕΠΙΣΤΗΜΕΣ Ι : ΙΤΑΛΙΚΑ,1,3,ΕΕ,ΔΑΝΕΖΗΣ ΝΕΚΤΑΡΙΟΣ, ΝΕΚΤΑΡΙΟΣ,ΔΑΝΕΖΗΣ,410945,,2
4,"ΕΠΙΚΟΙΝΩΝΙΑ, ΜΕΣΑ ΚΑΙ ΠΟΛΙΤΙΣΤΙΚΗ ΔΙΑΧΕΙΡΙΣΗ",MET,41Μ002,ΟΡΓΑΝΩΣΗ ΚΑΙ ΔΙΟΙΚΗΣΗ ΠΟΛΙΤΙΣΜΙΚΩΝ ΟΡΓΑΝΙΣΜΩΝ,1,,ΕΕ,ΚΛΗΜΗΣ ΓΕΩΡΓΙΟΣ-ΜΙΧΑΗΛ, ΓΕΩΡΓΙΟΣ-ΜΙΧΑΗΛ,ΚΛΗΜΗΣ,41Μ002,,2
4,"ΕΠΙΚΟΙΝΩΝΙΑ, ΜΕΣΑ ΚΑΙ ΠΟΛΙΤΙΣΤΙΚΗ ΔΙΑΧΕΙΡΙΣΗ",MET,41Μ024,ΜΟΥΣΙΚΗ,1,,ΕΕ,ΤΣΟΚΑΝΗ-ΚΑΡΑΠΟΣΤΟΛΗ ΧΑΡΙΚΛΕΙΑ, ΧΑΡΙΚΛΕΙΑ,ΤΣΟΚΑΝΗ-ΚΑΡΑΠΟΣΤΟΛΗ,41Μ024,,2
4,"ΕΠΙΚΟΙΝΩΝΙΑ, ΜΕΣΑ ΚΑΙ ΠΟΛΙΤΙΣΤΙΚΗ ΔΙΑΧΕΙΡΙΣΗ",MET,41Μ025,ΔΙΑΧΕΙΡΙΣΗ ΑΝΘΡΩΠΙΝΟΥ ΔΥΝΑΜΙΚΟΥ,1,,ΕΕ,ΙΟΡΔΑΝΟΓΛΟΥ ΔΗΜΗΤΡΑ, ΔΗΜΗΤΡΑ,ΙΟΡΔΑΝΟΓΛΟΥ,41Μ025,,2
4,"ΕΠΙΚΟΙΝΩΝΙΑ, ΜΕΣΑ ΚΑΙ ΠΟΛΙΤΙΣΤΙΚΗ ΔΙΑΧΕΙΡΙΣΗ",MET,41Μ027,"ΕΠΙΚΟΙΝΩΝΙΑ, ΜΕΣΑ ΚΑΙ ΠΟΛΙΤΙΚΗ Ι",1,,ΕΥ,ΖΕΡΗ ΠΕΡΣΕΦΟΝΗ, ΠΕΡΣΕΦΟΝΗ,ΖΕΡΗ,41Μ027,,2
4,"ΕΠΙΚΟΙΝΩΝΙΑ, ΜΕΣΑ ΚΑΙ ΠΟΛΙΤΙΣΤΙΚΗ ΔΙΑΧΕΙΡΙΣΗ",MET,41Μ029,ΘΕΩΡΙΑ ΚΑΙ ΙΣΤΟΡΙΑ ΤΩΝ ΜΕΣΩΝ ΕΠΙΚΟΙΝΩΝΙΑΣ,1,,ΕΥ,ΚΑΒΒΑΘΑΣ ΔΙΟΝΥΣΗΣ, ΔΙΟΝΥΣΗΣ,ΚΑΒΒΑΘΑΣ,41Μ029,,2
4,"ΕΠΙΚΟΙΝΩΝΙΑ, ΜΕΣΑ ΚΑΙ ΠΟΛΙΤΙΣΤΙΚΗ ΔΙΑΧΕΙΡΙΣΗ",MET,41Μ030,ΡΗΤΟΡΙΚΗ ΤΗΣ ΕΙΚΟΝΑΣ,1,,ΕΕ,ΔΗΜΗΡΟΥΛΗΣ ΔΗΜΗΤΡΙΟΣ, ΔΗΜΗΤΡΙΟΣ,ΔΗΜΗΡΟΥΛΗΣ,41Μ030,,4
4,"ΕΠΙΚΟΙΝΩΝΙΑ, ΜΕΣΑ ΚΑΙ ΠΟΛΙΤΙΣΤΙΚΗ ΔΙΑΧΕΙΡΙΣΗ",MET,41Μ035,ΨΥΧΟΛΟΓΙΑ ΚΑΙ ΜΕΣΑ,2,,ΕΕ,ΡΑΠΤΗΣ Χ., Χ.,ΡΑΠΤΗΣ,41Μ035,,2
4,"ΕΠΙΚΟΙΝΩΝΙΑ, ΜΕΣΑ ΚΑΙ ΠΟΛΙΤΙΣΤΙΚΗ ΔΙΑΧΕΙΡΙΣΗ",MET,41Μ037,ΜΕΣΑ ΚΑΙ ΨΗΦΙΑΚΕΣ ΕΦΑΡΜΟΓΕΣ,1,,ΕΕ,ΚΑΠΕΡΩΝΗΣ ΣΤΑΥΡΟΣ, ΣΤΑΥΡΟΣ,ΚΑΠΕΡΩΝΗΣ,41Μ037,,2
4,"ΕΠΙΚΟΙΝΩΝΙΑ, ΜΕΣΑ ΚΑΙ ΠΟΛΙΤΙΣΤΙΚΗ ΔΙΑΧΕΙΡΙΣΗ",MET,41Μ038,ΔΗΜΟΣΙΕΣ ΠΟΛΙΤΙΚΕΣ ΚΑΙ ΨΗΦΙΑΚΗ ΕΠΙΚΟΙΝΩΝΙΑ,1,,ΕΕ,ΨΥΛΛΑ ΜΑΡΙΑΝΝΑ, ΜΑΡΙΑΝΝΑ,ΨΥΛΛΑ,41Μ038,,2
4,"ΕΠΙΚΟΙΝΩΝΙΑ, ΜΕΣΑ ΚΑΙ ΠΟΛΙΤΙΣΤΙΚΗ ΔΙΑΧΕΙΡΙΣΗ",MET,41Μ039,ΠΑΡΑΓΩΓΗ ΠΕΡΙΕΧΟΜΕΝΟΥ ΚΑΙ ΕΠΙΧΕΙΡΗΣΕΙΣ ΜΕΣΩΝ,1,,ΕΕ,ΛΕΑΝΔΡΟΣ ΝΙΚΟΛΑΟΣ, ΝΙΚΟΛΑΟΣ,ΛΕΑΝΔΡΟΣ,41Μ039,,2
4,"ΕΠΙΚΟΙΝΩΝΙΑ, ΜΕΣΑ ΚΑΙ ΠΟΛΙΤΙΣΤΙΚΗ ΔΙΑΧΕΙΡΙΣΗ",MET,41Μ040,ΗΓΕΣΙΑ ΚΑΙ ΕΠΙΧΕΙΡΗΜΑΤΙΚΟΤΗΤΑ ΣΤΗ ΔΗΜΟΣΙΟΓΡΑΦΙΑ,2,,ΕΕ,ΤΣΑΚΑΡΕΣΤΟΥ Π., Π.,ΤΣΑΚΑΡΕΣΤΟΥ,41Μ040,,2
4,"ΕΠΙΚΟΙΝΩΝΙΑ, ΜΕΣΑ ΚΑΙ ΠΟΛΙΤΙΣΤΙΚΗ ΔΙΑΧΕΙΡΙΣΗ",MET,41Μ048,ΠΕΙΘΩ ΚΑΙ ΕΠΙΧΕΙΡΗΜΑ,1,,ΕΥ,ΔΗΜΗΡΟΥΛΗΣ ΔΗΜΗΤΡΙΟΣ, ΔΗΜΗΤΡΙΟΣ,ΔΗΜΗΡΟΥΛΗΣ,41Μ048,,2
4,"ΕΠΙΚΟΙΝΩΝΙΑ, ΜΕΣΑ ΚΑΙ ΠΟΛΙΤΙΣΤΙΚΗ ΔΙΑΧΕΙΡΙΣΗ",MET,41Μ049,ΨΗΦΙΑΚΑ ΜΕΣΑ ΚΑΙ ΕΠΙΚΟΙΝΩΝΙΑ,1,,ΕΕ,ΚΑΝΑΚΗ ΧΡΙΣΤΙΝΑ, ΧΡΙΣΤΙΝΑ,ΚΑΝΑΚΗ,41Μ049,,2
4,"ΕΠΙΚΟΙΝΩΝΙΑ, ΜΕΣΑ ΚΑΙ ΠΟΛΙΤΙΣΤΙΚΗ ΔΙΑΧΕΙΡΙΣΗ",MET,41Μ051,ΣΕΜΙΝΑΡΙΟ ΙΣΤΟΡΙΑΣ,1,,ΕΕ,ΑΥΛΑΜΗ ΧΡΥΣΑΝΘΗ, ΧΡΥΣΑΝΘΗ,ΑΥΛΑΜΗ,41Μ051,,2
5,ΚΟΙΝΩΝΙΚΗΣ ΠΟΛΙΤΙΚΗΣ,ΠΡΟ,510053,ΚΟΙΝΩΝΙΚΑ ΔΙΚΑΙΩΜΑΤΑ ΚΑΙ ΚΟΙΝΩΝΙΚΗ ΠΟΛΙΤΙΚΗ,2,3,ΥΠ,ΔΗΜΟΥΛΑΣ ΚΩΝΣΤΑΝΤΙΝΟΣ, ΚΩΝΣΤΑΝΤΙΝΟΣ,ΔΗΜΟΥΛΑΣ,510053,,2
5,ΚΟΙΝΩΝΙΚΗΣ ΠΟΛΙΤΙΚΗΣ,ΠΡΟ,510185,ΚΟΙΝΩΝΙΑ ΤΗΣ ΥΠΑΙΘΡΟΥ ΚΑΙ ΖΗΤΗΜΑΤΑ ΚΟΙΝΩΝΙΚΗΣ ΠΟΛΙΤΙΚΗΣ,5,3,ΕΕ,ΑΝΘΟΠΟΥΛΟΥ ΘΕΟΔΟΣΙΑ, ΘΕΟΔΟΣΙΑ,ΑΝΘΟΠΟΥΛΟΥ,510185,,2
5,ΚΟΙΝΩΝΙΚΗΣ ΠΟΛΙΤΙΚΗΣ,ΠΡΟ,510191,ΚΟΙΝΩΝΙΑ ΤΗΣ ΥΠΑΙΘΡΟΥ ΚΑΙ ΠΡΟΣΕΓΓΙΣΕΙΣ ΤΗΣ ΒΙΩΣΙΜΗΣ ΑΝΑΠΤΥΞΗΣ,8,3,ΕΕ,ΑΝΘΟΠΟΥΛΟΥ ΘΕΟΔΟΣΙΑ, ΘΕΟΔΟΣΙΑ,ΑΝΘΟΠΟΥΛΟΥ,510191,,2
5,ΚΟΙΝΩΝΙΚΗΣ ΠΟΛΙΤΙΚΗΣ,ΠΡΟ,510499,ΠΤΥΧΙΑΚΗ,8,9,ΕΡΓ,ΣΑΚΕΛΛΑΡΟΠΟΥΛΟΣ ΣΠΥΡΙΔΩΝ, ΣΠΥΡΙΔΩΝ,ΣΑΚΕΛΛΑΡΟΠΟΥΛΟΣ,510499,,2
5,ΚΟΙΝΩΝΙΚΗ ΠΟΛΙΤΙΚΗ: ΜΕΘΟΔΟΙ ΚΑΙ ΕΦΑΡΜΟΓΕΣ,MET,51Μ101,ΣΤΑΤΙΣΤΙΚΕΣ ΜΕΘΟΔΟΙ ΣΤΗΝ ΚΟΙΝΩΝΙΚΗ ΕΡΕΥΝΑ Ι,1,,ΥΠ,ΣΥΜΕΩΝΑΚΗ ΜΑΡΙΑ, ΜΑΡΙΑ,ΣΥΜΕΩΝΑΚΗ,51Μ101,,2
5,ΚΟΙΝΩΝΙΚΗ ΠΟΛΙΤΙΚΗ: ΜΕΘΟΔΟΙ ΚΑΙ ΕΦΑΡΜΟΓΕΣ,MET,51Μ105,ΚΟΙΝΩΝΙΚΗ ΘΕΩΡΙΑ ΚΑΙ ΚΟΙΝΩΝΙΚΗ ΠΟΛΙΤΙΚΗ,1,,ΕΥ,ΚΟΡΑΣΙΔΟΥ ΜΑΡΙΑ, ΜΑΡΙΑ,ΚΟΡΑΣΙΔΟΥ,51Μ105,,2
5,ΚΟΙΝΩΝΙΚΗ ΠΟΛΙΤΙΚΗ: ΜΕΘΟΔΟΙ ΚΑΙ ΕΦΑΡΜΟΓΕΣ,MET,51Μ106,ΣΤΑΤΙΣΤΙΚΕΣ ΜΕΘΟΔΟΙ ΣΤΗΝ ΚΟΙΝΩΝΙΚΗ ΕΡΕΥΝΑ ΙΙ,2,,ΥΠ,ΣΥΜΕΩΝΑΚΗ ΜΑΡΙΑ, ΜΑΡΙΑ,ΣΥΜΕΩΝΑΚΗ,51Μ106,,2
5,ΚΟΙΝΩΝΙΚΗ ΠΟΛΙΤΙΚΗ: ΜΕΘΟΔΟΙ ΚΑΙ ΕΦΑΡΜΟΓΕΣ,MET,51Μ111,ΜΕΘΟΔΟΛΟΓΙΚΕΣ ΠΡΟΣΕΓΓΙΣΕΙΣ ΤΗΣ ΚΟΙΝΩΝΙΚΗΣ ΣΥΝΟΧΗΣ ΣΤΟΝ ΑΣΤΙΚΟ ΧΩΡΟ ΚΑΙ ΤΗΝ ΥΠΑΙΘΡΟ ΧΩΡΑ,2,,ΕΥ,ΜΩΥΣΙΔΗΣ ΑΝΤΩΝΗΣ, ΑΝΤΩΝΗΣ,ΜΩΥΣΙΔΗΣ,51Μ111,,2
5,ΚΟΙΝΩΝΙΚΗ ΠΟΛΙΤΙΚΗ: ΜΕΘΟΔΟΙ ΚΑΙ ΕΦΑΡΜΟΓΕΣ,MET,51Μ112,ΠΛΗΘΥΣΜΟΣ ΚΑΙ ΚΟΙΝΩΝΙΚΗ ΠΟΛΙΤΙΚΗ : ΜΕΘΟΔΟΛΟΓΙΚΕΣ ΠΡΟΣΕΓΓΙΣΕΙΣ ΚΑΙ ΕΦΑΡΜΟΓΕΣ,2,,ΕΥ,ΜΠΑΓΚΑΒΟΣ ΧΡΗΣΤΟΣ, ΧΡΗΣΤΟΣ,ΜΠΑΓΚΑΒΟΣ,51Μ112,,2
7,ΨΥΧΟΛΟΓΙΑΣ,ΠΡΟ,600079,ΠΡΑΚΤΙΚΕΣ ΑΣΚΗΣΕΙΣ ΣΤΑΤΙΣΤΙΚΗΣ,6,3,ΥΠ,ΑΛΕΞΙΑΣ Γ., Γ.,ΑΛΕΞΙΑΣ,600079,,3
7,ΨΥΧΟΛΟΓΙΑΣ,ΠΡΟ,600105,ΕΡΓΑΣΤΗΡΙΑ ΚΟΙΝΩΝΙΚΗΣ  ΨΥΧΟΛΟΓΙΑΣ,5,4,ΥΠ,ΚΑΤΕΡΕΛΟΣ ΙΩΑΝΝΗΣ, ΙΩΑΝΝΗΣ,ΚΑΤΕΡΕΛΟΣ,600105,,5
7,ΨΥΧΟΛΟΓΙΑΣ,ΠΡΟ,600204,ΣΕΜΙΝΑΡΙΟ ΚΟΙΝΩΝΙΚΗΣ ΨΥΧΟΛΟΓΙΑΣ Ι,1,3,ΕΥ,ΠΑΠΑΣΤΑΜΟΥ ΣΤΑΜΑΤΗΣ, ΣΤΑΜΑΤΗΣ,ΠΑΠΑΣΤΑΜΟΥ,600204,,2
7,ΨΥΧΟΛΟΓΙΑΣ,ΠΡΟ,600205,ΣΕΜΙΝΑΡΙΟ ΚΟΙΝΩΝΙΚΗΣ ΨΥΧΟΛΟΓΙΑΣ ΙΙ,2,3,ΕΥ,ΠΑΠΑΣΤΑΜΟΥ ΣΤΑΜΑΤΗΣ, ΣΤΑΜΑΤΗΣ,ΠΑΠΑΣΤΑΜΟΥ,600205,,2
7,ΨΥΧΟΛΟΓΙΑΣ,ΠΡΟ,600263,"ΚΥΒΕΡΝΟΨΥΧΟΛΟΓΙΑ, ΚΟΙΝΩΝΙΚΕΣ ΕΠΙΣΤΗΜΕΣ ΚΑΙ ΔΙΑΔΙΚΤΥΟ",1,3,ΕΥ,ΚΟΣΚΙΝΑΣ ΚΩΝ/ΝΟΣ, ΚΩΝ/ΝΟΣ,ΚΟΣΚΙΝΑΣ,600263,,2
7,ΨΥΧΟΛΟΓΙΑΣ,ΠΡΟ,600295,ΜΕΤΑΓΝΩΣΤΙΚΕΣ ΔΙΕΡΓΑΣΙΕΣ: ΒΑΣΙΚΕΣ ΕΝΝΟΙΕΣ,1,3,ΕΥ,ΚΟΥΛΙΑΝΟΥ ΜΑΡΙΑ, ΜΑΡΙΑ,ΚΟΥΛΙΑΝΟΥ,600295,,2
7,ΨΥΧΟΛΟΓΙΑΣ,ΠΡΟ,600300,ΔΥΝΗΤΙΚΕΣ ΠΟΛΙΤΙΚΕΣ ΚΟΙΝΟΤΗΤΕΣ: ΨΥΧΟΛΟΓΙΚΕΣ ΚΑΙ ΚΟΙΝΩΝΙΟΛΟΓΙΚΕΣ ΠΡΟΣΕΓΓΙΣΕΙΣ,2,3,ΕΥ,ΑΛΕΞΙΑΣ Γ., Γ.,ΑΛΕΞΙΑΣ,600300,,2
7,ΨΥΧΟΛΟΓΙΑΣ,ΠΡΟ,600313,ΣΤΡΑΤΗΓΙΚΕΣ ΑΝΑΖΗΤΗΣΗΣ ΠΛΗΡΟΦΟΡΙΑΣ: Η ΒΙΒΛΙΟΓΡΑΦΙΚΗ ΕΡΕΥΝΑ ΣΤΟ ΗΛΕΚΤΡΟΝΙΚΟ ΠΕΡΙΒΑΛΛΟΝ ΩΣ ΧΩΡΟΣ ΠΡΟΒΛΗΜΑΤΟΣ,2,3,ΥΠ,ΚΑΝΑΚΗ ΧΡΙΣΤΙΝΑ, ΧΡΙΣΤΙΝΑ,ΚΑΝΑΚΗ,600313,,2
7,ΨΥΧΟΛΟΓΙΑΣ,ΠΡΟ,600314,"ΣΥΓΓΡΑΦΗ ΕΠΙΣΤΗΜΟΝΙΚΩΝ ΚΕΙΜΕΝΩΝ: ΚΑΝΟΝΕΣ, ΔΥΝΑΤΟΤΗΤΕΣ, ΠΕΡΙΟΡΙΣΜΟΙ",1,3,ΕΥ,ΚΑΝΑΚΗ ΧΡΙΣΤΙΝΑ, ΧΡΙΣΤΙΝΑ,ΚΑΝΑΚΗ,600314,,2
7,ΨΥΧΟΛΟΓΙΑΣ,ΠΡΟ,600321,ΠΡΑΚΤΙΚΕΣ ΠΕΙΘΟΥΣ ΚΑΙ ΚΟΙΝΩΝΙΚΗΣ ΕΠΙΡΡΟΗΣ: ΕΦΑΡΜΟΓΕΣ ΣΤΗΝ ΚΑΘΗΜΕΡΙΝΟΤΗΤΑ,2,3,ΕΥ,ΓΚΟΥΜΑΤΣΗ ΣΟΦΙΑ, ΣΟΦΙΑ,ΓΚΟΥΜΑΤΣΗ,600321,,2
7,ΨΥΧΟΛΟΓΙΑΣ,ΠΡΟ,600324,ΜΕΤΑΓΝΩΣΤΙΚΕΣ ΔΙΕΡΓΑΣΙΕΣ ΚΑΙ ΕΚΠΑΙΔΕΥΣΗ,2,3,ΕΥ,ΚΟΥΛΙΑΝΟΥ ΜΑΡΙΑ, ΜΑΡΙΑ,ΚΟΥΛΙΑΝΟΥ,600324,,2
7,ΨΥΧΟΛΟΓΙΑΣ,ΠΡΟ,600326,"ΣΕΜ ΔΥΝΗΤΟΠΟΙΗΣΗ: ΣΧΕΣΕΙΣ, ΤΑΥΤΟΤΗΤΕΣ, ΠΡΑΚΤΙΚΕΣ ΣΤΟ ΔΙΑΔΙΚΤΥΟ Ι",1,3,ΕΥ,ΚΟΣΚΙΝΑΣ ΚΩΝ/ΝΟΣ, ΚΩΝ/ΝΟΣ,ΚΟΣΚΙΝΑΣ,600326,,2
8,ΔΗΜΟΣΙΑΣ ΔΙΟΙΚΗΣΗΣ,ΠΡΟ,700004,ΓΕΝΙΚΗ ΠΟΛΙΤΕΙΟΛΟΓΙΑ & ΣΥΝΤΑΓΜΑΤΙΚΟ ΔΙΚΑΙΟ (ΕΙΣΑΓΩΓΗ),1,4,ΥΠ,ΝΙΚΟΛΟΠΟΥΛΟΣ ΗΛΙΑΣ, ΗΛΙΑΣ,ΝΙΚΟΛΟΠΟΥΛΟΣ,700004,,2
8,ΔΗΜΟΣΙΑΣ ΔΙΟΙΚΗΣΗΣ,ΠΡΟ,700010,ΑΡΧΕΣ ΧΡΗΜΑΤΟΟΙΚΟΝΟΜΙΚΗΣ ΛΟΓΙΣΤΙΚΗΣ,2,4,ΥΠ,ΤΣΑΜΗΣ(31/8/16) ΑΝΑΣΤΑΣΙΟΣ, ΑΝΑΣΤΑΣΙΟΣ,ΤΣΑΜΗΣ(31/8/16),700010,,2
8,ΔΗΜΟΣΙΑΣ ΔΙΟΙΚΗΣΗΣ,ΠΡΟ,700023,ΧΡΗΜΑΤΟΟΙΚΟΝΟΜΙΚΗ ΛΟΓΙΣΤΙΚΗ,6,4,ΥΠ,ΤΣΑΜΗΣ(31/8/16) ΑΝΑΣΤΑΣΙΟΣ, ΑΝΑΣΤΑΣΙΟΣ,ΤΣΑΜΗΣ(31/8/16),700023,,2
8,ΔΗΜΟΣΙΑΣ ΔΙΟΙΚΗΣΗΣ,ΠΡΟ,700058,ΔΙΟΙΚΗΤΙΚΟ ΔΙΚΑΙΟ (ΓΕΝΙΚΕΣ ΑΡΧΕΣ),5,4,ΥΠ,ΜΑΡΚΑΝΤΩΝΑΤΟΥ-ΣΚΑΛΤΣ ΑΝΔΡΟΜΑΧ31/8/16, ΑΝΔΡΟΜΑΧ31/8/16,ΜΑΡΚΑΝΤΩΝΑΤΟΥ-ΣΚΑΛΤΣ,700058,,2
8,ΔΗΜΟΣΙΑΣ ΔΙΟΙΚΗΣΗΣ,ΠΡΟ,700065,ΣΥΝΤΑΓΜΑΤΙΚΟ ΔΙΚΑΙΟ (ΣΥΓΚΡΙΤΙΚΟ),6,4,ΥΠ,ΝΙΚΟΛΟΠΟΥΛΟΣ ΗΛΙΑΣ, ΗΛΙΑΣ,ΝΙΚΟΛΟΠΟΥΛΟΣ,700065,,2
8,ΔΗΜΟΣΙΑΣ ΔΙΟΙΚΗΣΗΣ,ΠΡΟ,700071,ΕΜΠΟΡΙΚΟ ΔΙΚΑΙΟ (ΕΙΣΑΓΩΓΗ ΣΤΟ ΔΙΚΑΙΟ ΤΩΝ ΕΤΑΙΡΙΩΝ),6,3,ΕΥ,ΜΠΩΛΟΣ ΑΓΓΕΛΟΣ, ΑΓΓΕΛΟΣ,ΜΠΩΛΟΣ,700071,,4
8,ΔΗΜΟΣΙΑΣ ΔΙΟΙΚΗΣΗΣ,ΠΡΟ,700074,ΔΙΟΙΚΗΤΙΚΟ ΔΙΚΑΙΟ (ΔΙΟΙΚΗΤΙΚΗ ΔΙΚΑΙΟΣΥΝΗ Ι),7,4,ΥΠ,ΚΤΙΣΤΑΚΗ ΣΤΑΥΡΟΥΛΑ, ΣΤΑΥΡΟΥΛΑ,ΚΤΙΣΤΑΚΗ,700074,,2
8,ΔΗΜΟΣΙΑΣ ΔΙΟΙΚΗΣΗΣ,ΠΡΟ,700083,ΖΗΤΗΜΑΤΑ ΣΥΝΤΑΓΜΑΤΙΚΗΣ ΚΑΙ ΔΙΟΙΚΗΤΙΚΗΣ ΔΙΚΑΙΟΣΥΝΗΣ,8,4,ΥΠ,ΚΤΙΣΤΑΚΗ ΣΤΑΥΡΟΥΛΑ, ΣΤΑΥΡΟΥΛΑ,ΚΤΙΣΤΑΚΗ,700083,,4
8,ΔΗΜΟΣΙΑΣ ΔΙΟΙΚΗΣΗΣ,ΠΡΟ,700103,ΕΘΝΙΚΟ ΚΑΙ  ΕΥΡΩΠΑΙΚΟ ΦΟΡΟΛΟΓΙΚΟ ΔΙΚΑΙΟ,6,3,ΕΥ,ΚΟΥΓΕΑΣ ΒΑΣΙΛΕΙΟΣ, ΒΑΣΙΛΕΙΟΣ,ΚΟΥΓΕΑΣ,700103,,2
8,ΔΗΜΟΣΙΑΣ ΔΙΟΙΚΗΣΗΣ,ΠΡΟ,700114,ΤΡΑΠΕΖΙΚΟ ΔΙΚΑΙΟ,6,4,ΥΠ,ΜΠΩΛΟΣ ΑΓΓΕΛΟΣ, ΑΓΓΕΛΟΣ,ΜΠΩΛΟΣ,700114,,2
8,ΔΗΜΟΣΙΑΣ ΔΙΟΙΚΗΣΗΣ,ΠΡΟ,700116,ΔΙΟΙΚΗΣΗ ΠΟΛΙΤΙΣΜΙΚΩΝ ΘΕΣΜΩΝ,4,3,ΕΥ,ΠΑΠΑΖΟΓΛΟΥ-ΜΗΤΡΟΠΟΥΛ ΑΙΜΙΛΙΑ, ΑΙΜΙΛΙΑ,ΠΑΠΑΖΟΓΛΟΥ-ΜΗΤΡΟΠΟΥΛ,700116,,2
8,ΔΗΜΟΣΙΑΣ ΔΙΟΙΚΗΣΗΣ,ΠΡΟ,700124,ΕΙΣΑΓΩΓΗ ΣΤΟ ΕΜΠΟΡΙΚΟ ΔΙΚΑΙΟ,5,3,ΕΥ,ΜΠΩΛΟΣ ΑΓΓΕΛΟΣ, ΑΓΓΕΛΟΣ,ΜΠΩΛΟΣ,700124,,2
8,ΔΗΜΟΣΙΑΣ ΔΙΟΙΚΗΣΗΣ,ΠΡΟ,700147,ΓΕΝΙΚΗ ΠΟΛΙΤΕΙΟΛΟΓΙΑ & ΣΥΝΤΑΓΜΑΤΙΚΟ ΔΙΚΑΙΟ (ΟΡΓΑΝΩΤΙΚΟ ΜΕΡΟΣ Ι),2,4,ΥΠ,ΝΙΚΟΛΟΠΟΥΛΟΣ ΗΛΙΑΣ, ΗΛΙΑΣ,ΝΙΚΟΛΟΠΟΥΛΟΣ,700147,,2
8,ΔΗΜΟΣΙΑΣ ΔΙΟΙΚΗΣΗΣ,ΠΡΟ,700157,ΘΕΜΕΛΙΩΔΗ ΔΙΚΑΙΩΜΑΤΑ (ΓΕΝΙΚΟ ΜΕΡΟΣ),3,4,ΥΠ,ΠΑΠΑΔΑΚΗ ΠΟΛΥΞΕΝΗ, ΠΟΛΥΞΕΝΗ,ΠΑΠΑΔΑΚΗ,700157,,2
8,ΔΗΜΟΣΙΑΣ ΔΙΟΙΚΗΣΗΣ,ΠΡΟ,700159,ΔΙΟΙΚΗΣΗ ΟΛΙΚΗΣ ΠΟΙΟΤΗΤΑΣ,6,4,ΥΠ,ΚΕΦΗΣ ΒΑΣΙΛΗΣ, ΒΑΣΙΛΗΣ,ΚΕΦΗΣ,700159,,2
8,ΔΗΜΟΣΙΑΣ ΔΙΟΙΚΗΣΗΣ,ΠΡΟ,700161,ΕΙΔΙΚΑ ΘΕΜΑΤΑ ΤΟΠΙΚΗΣ ΑΥΤΟΔΙΟΙΚΗΣΗΣ,6,3,ΕΥ,ΜΠΑΜΠΑΛΙΟΥΤΑΣ ΛΑΜΠΡΟΣ, ΛΑΜΠΡΟΣ,ΜΠΑΜΠΑΛΙΟΥΤΑΣ,700161,,2
8,ΔΗΜΟΣΙΑΣ ΔΙΟΙΚΗΣΗΣ,ΠΡΟ,700170,ΟΡΓΑΝΩΣΗ ΚΑΙ ΔΙΟΙΚΗΣΗ  ΑΝΕΞΑΡΤΗΤΩΝ ΚΑΙ ΡΥΘΜΙΣΤΙΚΩΝ ΑΡΧΩΝ,3,4,ΥΠ,ΚΟΝΤΙΑΔΗΣ ΞΕΝΟΦΩΝ, ΞΕΝΟΦΩΝ,ΚΟΝΤΙΑΔΗΣ,700170,,2
8,ΔΗΜΟΣΙΑΣ ΔΙΟΙΚΗΣΗΣ,ΠΡΟ,700179,ΘΕΜΕΛΙΩΔΗ ΔΙΚΑΙΩΜΑΤΑ (ΕΙΔΙΚΟ ΜΕΡΟΣ),5,4,ΥΠ,ΠΑΠΑΔΑΚΗ ΠΟΛΥΞΕΝΗ, ΠΟΛΥΞΕΝΗ,ΠΑΠΑΔΑΚΗ,700179,,2
8,ΔΗΜΟΣΙΑΣ ΔΙΟΙΚΗΣΗΣ,ΠΡΟ,700193,ΤΟΠΙΚΗ ΑΥΤΟΔΙΟΙΚΗΣΗ ΚΑΙ ΚΟΙΝΩΝΙΚΗ ΑΝΑΠΤΥΞΗ,2,4,ΥΠ,ΜΠΑΜΠΑΛΙΟΥΤΑΣ ΛΑΜΠΡΟΣ, ΛΑΜΠΡΟΣ,ΜΠΑΜΠΑΛΙΟΥΤΑΣ,700193,,2
8,ΔΗΜΟΣΙΑΣ ΔΙΟΙΚΗΣΗΣ,ΠΡΟ,700196,ΔΙΟΙΚΗΣΗ ΣΤΗΝ ΕΚΠΑΙΔΕΥΣΗ,7,3,ΕΥ,ΠΑΠΑΖΟΓΛΟΥ-ΜΗΤΡΟΠΟΥΛ ΑΙΜΙΛΙΑ, ΑΙΜΙΛΙΑ,ΠΑΠΑΖΟΓΛΟΥ-ΜΗΤΡΟΠΟΥΛ,700196,,2
8,ΔΗΜΟΣΙΑΣ ΔΙΟΙΚΗΣΗΣ,ΠΡΟ,700213,ΤΕΧΝΟΛΟΓΙΑ ΚΑΙ ΔΙΚΑΙΟ,8,4,ΥΠ,ΚΡΙΑΡΗ ΙΣΜΗΝΗ, ΙΣΜΗΝΗ,ΚΡΙΑΡΗ,700213,,2
8,ΔΗΜΟΣΙΑΣ ΔΙΟΙΚΗΣΗΣ,ΠΡΟ,700218,ΑΣΤΙΚΟ ΔΙΚΑΙΟ (ΕΙΔΙΚΟ ΕΝΟΧΙΚΟ),8,3,ΕΥ,ΒΟΓΚΛΗΣ ΕΛΕΥΘΕΡΙΟΣ, ΕΛΕΥΘΕΡΙΟΣ,ΒΟΓΚΛΗΣ,700218,,2
8,ΔΗΜΟΣΙΑΣ ΔΙΟΙΚΗΣΗΣ,ΠΡΟ,700221,ΣΥΓΚΡΙΤΙΚΗ ΑΝΑΛΥΣΗ ΔΙΟΙΚΗΤΙΚΩΝ ΣΥΣΤΗΜΑΤΩΝ,3,3,ΕΥ,ΜΠΑΜΠΑΛΙΟΥΤΑΣ ΛΑΜΠΡΟΣ, ΛΑΜΠΡΟΣ,ΜΠΑΜΠΑΛΙΟΥΤΑΣ,700221,,2
8,ΔΗΜΟΣΙΑΣ ΔΙΟΙΚΗΣΗΣ,ΠΡΟ,700222,ΕΙΔΙΚΑ ΘΕΜΑΤΑ ΓΕΝΙΚΗΣ ΠΟΛΙΤΕΙΟΛΟΓΙΑΣ ΚΑΙ ΣΥΝΤΑΓΜΑΤΙΚΟΥ ΔΙΚΑΙΟΥ,6,3,ΕΥ,ΜΗΛΙΩΝΗΣ ΝΙΚΟΛΑΟΣ, ΝΙΚΟΛΑΟΣ,ΜΗΛΙΩΝΗΣ,700222,,2
8,ΔΗΜΟΣΙΑΣ ΔΙΟΙΚΗΣΗΣ,ΠΡΟ,700229,ΕΙΣΑΓΩΓΗ ΣΤΟ ΔΙΚΑΙΟ,1,4,ΥΠ,ΒΟΓΚΛΗΣ ΕΛΕΥΘΕΡΙΟΣ, ΕΛΕΥΘΕΡΙΟΣ,ΒΟΓΚΛΗΣ,700229,,2
8,ΔΗΜΟΣΙΑΣ ΔΙΟΙΚΗΣΗΣ,ΠΡΟ,700231,ΖΗΤΗΜΑΤΑ ΔΙΚΑΙΟΥ ΚΑΙ ΟΙΚΟΝΟΜΙΑΣ,6,3,ΕΥ,ΒΟΓΚΛΗΣ ΕΛΕΥΘΕΡΙΟΣ, ΕΛΕΥΘΕΡΙΟΣ,ΒΟΓΚΛΗΣ,700231,,4
9,ΟΙΚΟΝΟΜΙΚΗΣ ΚΑΙ ΠΕΡΙΦΕΡΕΙΑΚΗΣ ΑΝΑΠΤΥΞΗΣ,ΠΡΟ,800001,ΕΙΣΑΓΩΓΗ ΣΤΗΝ ΠΕΡΙΦΕΡΕΙΑΚΗ ΕΠΙΣΤΗΜΗ,1,4,ΥΠ,ΑΥΔΙΚΟΣ ΒΑΣΙΛΕΙΟΣ, ΒΑΣΙΛΕΙΟΣ,ΑΥΔΙΚΟΣ,800001,,2
9,ΟΙΚΟΝΟΜΙΚΗΣ ΚΑΙ ΠΕΡΙΦΕΡΕΙΑΚΗΣ ΑΝΑΠΤΥΞΗΣ,ΠΡΟ,800005,ΜΑΘΗΜΑΤΙΚΑ I,1,4,ΥΠ,ΜΙΜΗΣ ΑΓΓΕΛΟΣ, ΑΓΓΕΛΟΣ,ΜΙΜΗΣ,800005,,2
9,ΟΙΚΟΝΟΜΙΚΗΣ ΚΑΙ ΠΕΡΙΦΕΡΕΙΑΚΗΣ ΑΝΑΠΤΥΞΗΣ,ΠΡΟ,800008,ΘΕΣΜΙΚΟ ΠΛΑΙΣΙΟ ΠΕΡΙΦΕΡΕΙΑΚΗΣ ΑΝΑΠΤΥΞΗΣ,3,4,ΥΠ,ΔΕΛΗΘΕΟΥ ΒΑΣΙΛΙΚΗ, ΒΑΣΙΛΙΚΗ,ΔΕΛΗΘΕΟΥ,800008,,2
9,ΟΙΚΟΝΟΜΙΚΗΣ ΚΑΙ ΠΕΡΙΦΕΡΕΙΑΚΗΣ ΑΝΑΠΤΥΞΗΣ,ΠΡΟ,800009,ΜΙΚΡΟΟΙΚΟΝΟΜΙΚΗ ΘΕΩΡΙΑ Ι,3,4,ΥΠ,ΠΑΛΑΣΚΑΣ ΘΕΟΔΟΣΙΟΣ, ΘΕΟΔΟΣΙΟΣ,ΠΑΛΑΣΚΑΣ,800009,,3
9,ΟΙΚΟΝΟΜΙΚΗΣ ΚΑΙ ΠΕΡΙΦΕΡΕΙΑΚΗΣ ΑΝΑΠΤΥΞΗΣ,ΠΡΟ,800013,ΑΝΑΛΥΣΗ ΤΟΠΟΥ ΕΓΚΑΤΑΣΤΑΣΗΣ,3,4,ΥΠ,ΑΥΔΙΚΟΣ ΒΑΣΙΛΕΙΟΣ, ΒΑΣΙΛΕΙΟΣ,ΑΥΔΙΚΟΣ,800013,,3
9,ΟΙΚΟΝΟΜΙΚΗΣ ΚΑΙ ΠΕΡΙΦΕΡΕΙΑΚΗΣ ΑΝΑΠΤΥΞΗΣ,ΠΡΟ,800018,ΟΙΚΟΝΟΜΕΤΡΙΑ Ι,5,4,ΥΠ,ΑΡΑΚΕΛΙΑΝ ΒΕΑΝΟΥΣ, ΒΕΑΝΟΥΣ,ΑΡΑΚΕΛΙΑΝ,800018,,2
9,ΟΙΚΟΝΟΜΙΚΗΣ ΚΑΙ ΠΕΡΙΦΕΡΕΙΑΚΗΣ ΑΝΑΠΤΥΞΗΣ,ΠΡΟ,800019,ΠΕΡΙΦΕΡΕΙΑΚΗ ΟΙΚΟΝΟΜΙΚΗ ΠΟΛΙΤΙΚΗ,7,4,ΥΠ,ΠΛΑΣΚΟΒΙΤΗΣ ΗΛΙΑΣ, ΗΛΙΑΣ,ΠΛΑΣΚΟΒΙΤΗΣ,800019,,2
9,ΟΙΚΟΝΟΜΙΚΗΣ ΚΑΙ ΠΕΡΙΦΕΡΕΙΑΚΗΣ ΑΝΑΠΤΥΞΗΣ,ΠΡΟ,800030,ΟΙΚΟΝΟΜΙΚΗ ΑΝΑΛΥΣΗ ΚΑΙ ΠΟΛΙΤΙΚΗ ΜΕΤΑΦΟΡΩΝ,7,4,ΥΠ,ΜΠΙΘΑΣ ΚΩΝΣΤΑΝΤΙΝΟΣ, ΚΩΝΣΤΑΝΤΙΝΟΣ,ΜΠΙΘΑΣ,800030,,2
9,ΟΙΚΟΝΟΜΙΚΗΣ ΚΑΙ ΠΕΡΙΦΕΡΕΙΑΚΗΣ ΑΝΑΠΤΥΞΗΣ,ΠΡΟ,800031,ΔΗΜΟΣΙΟΝΟΜΙΚΗ ΘΕΩΡΙΑ ΚΑΙ ΠΟΛΙΤΙΚΗ Ι,6,4,ΥΠ,ΠΑΛΑΣΚΑΣ ΘΕΟΔΟΣΙΟΣ, ΘΕΟΔΟΣΙΟΣ,ΠΑΛΑΣΚΑΣ,800031,,3
9,ΟΙΚΟΝΟΜΙΚΗΣ ΚΑΙ ΠΕΡΙΦΕΡΕΙΑΚΗΣ ΑΝΑΠΤΥΞΗΣ,ΠΡΟ,800032,ΠΟΣΟΤΙΚΕΣ ΜΕΘΟΔΟΙ ΟΙΚΟΝΟΜΙΚΗΣ ΑΝΑΛΥΣΗΣ,4,4,ΥΠ,ΠΑΛΑΣΚΑΣ ΘΕΟΔΟΣΙΟΣ, ΘΕΟΔΟΣΙΟΣ,ΠΑΛΑΣΚΑΣ,800032,,2
9,ΕΦΗΡΜΟΣΜΕΝΩΝ ΟΙΚΟΝΟΜΙΚΩΝ KAI ΠΕΡΙΦΕΡΕΙΑΚΗΣ ΑΝΑΠΤΥΞΗΣ,MET,80Μ076,ΠΟΣΟΤΙΚΗ ΠΕΡΙΦΕΡΕΙΑΚΗ ΑΝΑΛΥΣΗ,1,2,ΥΠ,ΜΙΜΗΣ ΑΓΓΕΛΟΣ, ΑΓΓΕΛΟΣ,ΜΙΜΗΣ,80Μ076,,3
9,ΕΦΗΡΜΟΣΜΕΝΩΝ ΟΙΚΟΝΟΜΙΚΩΝ KAI ΠΕΡΙΦΕΡΕΙΑΚΗΣ ΑΝΑΠΤΥΞΗΣ,MET,80Μ077,ΠΕΡΙΦΕΡΕΙΑΚΗ ΚΑΙ ΑΣΤΙΚΗ ΟΙΚΟΝΟΜΙΚΗ,1,2,ΥΠ,ΨΥΧΑΡΗΣ ΙΩΑΝΝΗΣ, ΙΩΑΝΝΗΣ,ΨΥΧΑΡΗΣ,80Μ077,,2
9,ΕΦΗΡΜΟΣΜΕΝΩΝ ΟΙΚΟΝΟΜΙΚΩΝ KAI ΠΕΡΙΦΕΡΕΙΑΚΗΣ ΑΝΑΠΤΥΞΗΣ,MET,80Μ078,"ΠΕΡΙΦΕΡΕΙΑΚΟΣ ΠΡΟΓΡΑΜΜΑΤΙΣΜΟΣ: ΕΥΡΩΠΑΪΚΗ, ΕΘΝΙΚΗ, ΠΕΡΙΦΕΡΕΙΑΚΗ ΚΑΙ ΤΟΠΙΚΗ ΔΙΑΣΤΑΣΗ",1,2,ΥΠ,ΛΟΥΚΑΚΗΣ ΠΑΥΛΟΣ, ΠΑΥΛΟΣ,ΛΟΥΚΑΚΗΣ,80Μ078,,3
9,ΕΦΗΡΜΟΣΜΕΝΩΝ ΟΙΚΟΝΟΜΙΚΩΝ KAI ΠΕΡΙΦΕΡΕΙΑΚΗΣ ΑΝΑΠΤΥΞΗΣ,MET,80Μ080,ΠΟΛΕΟΔΟΜΙΚΟΣ ΚΑΙ ΧΩΡΟΤΑΞΙΚΟΣ ΣΧΕΔΙΑΣΜΟΣ-PROJECT FINANCE,1,2,ΥΠ,ΛΙΑΠΗΣ ΚΩΝ/ΝΟΣ, ΚΩΝ/ΝΟΣ,ΛΙΑΠΗΣ,80Μ080,,2
9,ΕΦΗΡΜΟΣΜΕΝΩΝ ΟΙΚΟΝΟΜΙΚΩΝ KAI ΠΕΡΙΦΕΡΕΙΑΚΗΣ ΑΝΑΠΤΥΞΗΣ,MET,80Μ081,ΑΡΧΕΣ ΚΑΤΑΣΚΕΥΩΝ ΚΑΙ ΤΕΧΝΙΚΑ ΖΗΤΗΜΑΤΑ ΤΟΥ ΚΑΤΑΣΚΕΥΑΣΤΙΚΟΥ ΚΛΑΔΟΥ - PROJECT MANAGEMENT,1,2,ΥΠ,ΚΑΡΑΓΑΝΗΣ ΑΝΑΣΤΑΣΙΟΣ, ΑΝΑΣΤΑΣΙΟΣ,ΚΑΡΑΓΑΝΗΣ,80Μ081,,2
9,ΕΦΗΡΜΟΣΜΕΝΩΝ ΟΙΚΟΝΟΜΙΚΩΝ KAI ΠΕΡΙΦΕΡΕΙΑΚΗΣ ΑΝΑΠΤΥΞΗΣ,MET,80Μ082,ΔΙΟΙΚΗΣΗ ΚΑΙ ΑΞΙΟΛΟΓΗΣΗ ΠΕΡΙΦΕΡΕΙΑΚΩΝ ΠΡΟΓΡΑΜΜΑΤΩΝ ΚΑΙ ΕΡΓΩΝ,2,2,ΥΠ,ΑΥΔΙΚΟΣ ΒΑΣΙΛΕΙΟΣ, ΒΑΣΙΛΕΙΟΣ,ΑΥΔΙΚΟΣ,80Μ082,,2
9,ΕΦΗΡΜΟΣΜΕΝΩΝ ΟΙΚΟΝΟΜΙΚΩΝ KAI ΠΕΡΙΦΕΡΕΙΑΚΗΣ ΑΝΑΠΤΥΞΗΣ,MET,80Μ084,ΟΡΓΑΝΩΣΗ ΚΑΙ ΟΙΚΟΝΟΜΙΚΑ ΤΗΣ ΑΥΤΟΔΙΟΙΚΗΣΗΣ,2,2,ΥΠ,ΨΥΧΑΡΗΣ ΙΩΑΝΝΗΣ, ΙΩΑΝΝΗΣ,ΨΥΧΑΡΗΣ,80Μ084,,2
9,ΕΦΗΡΜΟΣΜΕΝΩΝ ΟΙΚΟΝΟΜΙΚΩΝ KAI ΠΕΡΙΦΕΡΕΙΑΚΗΣ ΑΝΑΠΤΥΞΗΣ,MET,80Μ085,ΕΙΔΙΚΑ ΘΕΜΑΤΑ ΠΕΡΙΦΕΡΕΙΑΚΗΣ ΠΟΛΙΤΙΚΗΣ,2,2,ΥΠ,ΛΑΔΙΑΣ ΧΡΙΣΤΟΣ, ΧΡΙΣΤΟΣ,ΛΑΔΙΑΣ,80Μ085,,4
9,ΕΦΗΡΜΟΣΜΕΝΩΝ ΟΙΚΟΝΟΜΙΚΩΝ KAI ΠΕΡΙΦΕΡΕΙΑΚΗΣ ΑΝΑΠΤΥΞΗΣ,MET,80Μ089,ΑΓΟΡΕΣ ΚΕΦΑΛΑΙΟΥ ΚΑΙ ΑΚΙΝΗΤΩΝ,2,2,ΥΠ,ΛΙΑΠΗΣ ΚΩΝ/ΝΟΣ, ΚΩΝ/ΝΟΣ,ΛΙΑΠΗΣ,80Μ089,,2
