25483,1,ΠΟΛΙΤΙΚΗ ΕΠΙΣΤΗΜΗ ΚΑΙ ΙΣΤΟΡΙΑ,MET,11Μ013,"ΙΣΤΟΡΙΑ, ΙΣΤΟΡΙΟΓΡΑΦΙΑ ΚΑΙ ΕΝΝΟΙΟΛΟΓΗΣΗ: ΠΑΡΑΔΟΣΗ ΚΑΙ ΝΕΟΤΕΡΙΚΟΤΗΤΑ ΣΤΟΝ ΕΛΛΗΝΙΚΟ ΙΘ΄ ΑΙΩΝΑ Ι",1,3,ΕΕ,1,,
25484,1,ΠΟΛΙΤΙΚΗ ΕΠΙΣΤΗΜΗ ΚΑΙ ΙΣΤΟΡΙΑ,MET,11Μ019,ΙΣΤΟΡΙΚΗ ΚΑΙ ΔΙΑΛΕΚΤΙΚΗ ΣΥΓΚΡΟΤΗΣΗ ΤΩΝ ΕΝΝΟΙΩΝ,1,3,ΕΕ,1,,
25485,1,ΠΟΛΙΤΙΚΗ ΕΠΙΣΤΗΜΗ ΚΑΙ ΙΣΤΟΡΙΑ,MET,11Μ025,"ΣΥΓΚΡΟΥΣΙΑΚΗ ΠΟΛΙΤΙΚΗ, ΣΥΛΛΟΓΙΚΗ ΔΡΑΣΗ, ΚΟΙΝΩΝΙΚΑ ΚΙΝΗΜΑΤΑ",1,3,ΕΕ,1,,
25486,1,ΠΟΛΙΤΙΚΗ ΕΠΙΣΤΗΜΗ ΚΑΙ ΙΣΤΟΡΙΑ,MET,11Μ043,ΠΡΟΒΛΗΜΑΤΑ ΙΣΤΟΡΙΚΗΣ ΚΟΙΝΩΝΙΟΛΟΓΙΑΣ,1,3,ΕΕ,1,,
25487,1,ΠΟΛΙΤΙΚΗ ΕΠΙΣΤΗΜΗ ΚΑΙ ΙΣΤΟΡΙΑ,MET,11Μ089,ΤΟ ΕΛΛΗΝΙΚΟ ΕΘΝΙΚΟ ΖΗΤΗΜΑ ΚΑΙ Η ΕΥΡΩΠΗ: 1830-1912,1,3,ΕΕ,1,,
25488,1,ΠΟΛΙΤΙΚΗ ΕΠΙΣΤΗΜΗ ΚΑΙ ΙΣΤΟΡΙΑ,MET,11Μ208,ΚΟΙΝΩΝΙΚΟ ΚΡΑΤΟΣ ΚΑΙ ΚΑΠΙΤΑΛΙΣΜΟΣ: ΘΕΣΜΙΚΟΙ ΜΕΤΑΣΧΗΜΑΤΙΣΜΟΙ ΑΠΟ ΤΟ ΤΕΛΟΣ ΤΗΣ ΚΕΫΝΣΙΑΝΗΣ ΣΥΝΑΙΝΕΣΗΣ ΣΤΗ ΣΗΜΕΡΙΝΗ ΚΡΙΣΗ,1,3,ΕΕ,1,,
25489,1,ΠΟΛΙΤΙΚΗ ΕΠΙΣΤΗΜΗ ΚΑΙ ΙΣΤΟΡΙΑ,MET,11Μ214,ΘΕΩΡΙΕΣ ΤΟΥ ΦΥΣΙΚΟΥ ΔΙΚΑΙΟΥ,1,3,ΕΕ,1,,
25490,1,ΠΟΛΙΤΙΚΗ ΕΠΙΣΤΗΜΗ ΚΑΙ ΙΣΤΟΡΙΑ,MET,11Μ216,ΑΠΟ ΤΟ ΓΕΝΟΣ ΣΤΟ ΕΘΝΟΣ: ΑΠΟ ΤΟ ΟΘΩΜΑΝΙΚΟ RUM-MILLET ΣΤΟ ΕΘΝΟΣ-ΚΡΑΤΟΣ ΤΩΝ ΕΛΛΗΝΩΝ,1,3,ΕΕ,1,,
25491,1,ΠΟΛΙΤΙΚΗ ΕΠΙΣΤΗΜΗ ΚΑΙ ΙΣΤΟΡΙΑ,MET,11Μ232,ΣΥΓΚΡΙΤΙΚΗ ΠΟΛΙΤΙΚΗ ΑΝΑΛΥΣΗ,1,3,ΕΕ,1,,
25492,1,ΠΟΛΙΤΙΚΗ ΕΠΙΣΤΗΜΗ ΚΑΙ ΙΣΤΟΡΙΑ,MET,11Μ247,"ΠΩΣ ΑΝΑΛΥΣΑΜΕ ΤΗΝ ΕΛΛΑΔΑ. ΙΣΤΟΡΙΚΗ, ΠΟΛΙΤΙΚΗ ΚΟΙΝΩΝΙΟΛΟΓΙΑ ΚΑΙ ΕΡΜΗΝΕΙΕΣ ΤΗΣ ""ΕΛΛΗΝΙΚΗΣ ΠΕΡΙΠΤΩΣΗΣ""",1,3,ΕΕ,1,,
25493,1,ΠΟΛΙΤΙΚΗ ΕΠΙΣΤΗΜΗ ΚΑΙ ΙΣΤΟΡΙΑ,MET,11Μ248,"ΔΕΞΙΟΣ ΛΑΪΚΙΣΜΟΣ ΚΑΙ ΕΞΤΡΕΜΙΣΜΟΣ ΣΤΗΝ ΕΛΛΑΔΑ: Η ΚΛΗΡΟΝΟΜΙΑ ΤΗΣ ΔΕΚΑΕΤΙΑΣ ΤΟΥ '60, ΜΕΤΑΠΟΛΙΤΕΥΣΗ, ΟΙΚΟΝΟΜΙΚΗ ΚΡΙΣΗ",1,3,ΕΕ,1,,
25494,1,ΠΟΛΙΤΙΚΗ ΕΠΙΣΤΗΜΗ ΚΑΙ ΙΣΤΟΡΙΑ,MET,11Μ249,"ΠΟΛΙΤΙΚΗ ΚΑΙ ΤΕΧΝΟΛΟΓΙΑ: ΔΙΑΣΤΑΣΕΙΣ, ΑΝΤΙΦΑΣΕΙΣ, ΠΡΟΟΠΤΙΚΕΣ",1,3,ΕΕ,1,,
25495,1,ΠΟΛΙΤΙΚΗ ΕΠΙΣΤΗΜΗ ΚΑΙ ΙΣΤΟΡΙΑ,MET,11Μ250,ΓΝΩΣΙΟΛΟΓΙΑ ΤΗΣ ΔΗΜΟΚΡΑΤΙΑΣ ΚΑΙ ΝΕΟΤΕΡΙΚΟΤΗΤΑ,1,3,ΕΕ,1,,
25496,1,ΠΟΛΙΤΙΚΗ ΕΠΙΣΤΗΜΗ ΚΑΙ ΙΣΤΟΡΙΑ,MET,11Μ252,ΝΙΚΟΛΟ ΜΑΚΙΑΒΕΛΙ: Η ΕΝΝΟΙΑ ΤΗΣ ΕΛΕΥΘΕΡΙΑΣ ΣΤΑ ΘΕΜΕΛΙΑ ΤΗΣ ΝΕΩΤΕΡΙΚΟΤΗΤΑΣ,1,3,ΕΕ,1,,
25497,1,ΠΟΛΙΤΙΚΗ ΕΠΙΣΤΗΜΗ ΚΑΙ ΙΣΤΟΡΙΑ,MET,11Μ256,GLOBAL TRANSFORMATIONS AND THE BALKANS (18TH - 21ST CENTURIES),1,3,ΕΕ,1,,
25498,1,ΠΟΛΙΤΙΚΗ ΕΠΙΣΤΗΜΗ ΚΑΙ ΙΣΤΟΡΙΑ,MET,11Μ261,ΑΠΟΙΚΙΟΚΡΑΤΙΑ ΚΑΙ ΕΥΡΩΚΕΝΤΡΙΚΕΣ ΣΤΕΡΕΟΤΥΠΙΚΕΣ ΚΑΤΑΣΚΕΥΕΣ. ΤΟ ΠΑΡΑΔΕΙΓΜΑ ΤΗΣ ΕΛΛΑΔΑΣ ΣΤΗ ΜΙΚΡΑ ΑΣΙΑ ΚΑΙ ΤΩΝ ΑΠΟΙΚΙΑΚΩΝ ΔΥΝΑΜΕΩΝ ΣΕ ΑΦΡΙΚΗ ΚΑΙ ΑΣΙΑ,1,3,ΕΕ,1,,
25499,1,ΠΟΛΙΤΙΚΗ ΕΠΙΣΤΗΜΗ ΚΑΙ ΙΣΤΟΡΙΑ,MET,11Μ266,ΣΥΝΤΗΡΗΤΙΣΜΟΣ-ΦΙΛΕΛΕΥΘΕΡΙΣΜΟΣ-ΣΟΣΙΑΛΙΣΜΟΣ: ΘΕΩΡΗΣΕΙΣ ΤΗΣ ΓΑΛΛΙΚΗΣ ΕΠΑΝΑΣΤΑΣΗΣ ΤΟΝ 19ο ΑΙΩΝΑ (ΑΓΓΛΙΑ-ΓΑΛΛΙΑ),1,3,ΕΕ,1,,
25500,1,ΠΟΛΙΤΙΚΗ ΕΠΙΣΤΗΜΗ ΚΑΙ ΙΣΤΟΡΙΑ,MET,11Μ267,ΣΕΜΙΝΑΡΙΟ ΓΑΛΛΙΚΗΣ ΣΧΟΛΗΣ ΑΘΗΝΩΝ: ΑΡΧΑΙΟΙ ΚΑΙ ΝΕΟΤΕΡΟΙ ΑΠΌ ΤΗΝ ΔΙΑΜΑΧΗ ΜΕΧΡΙ ΤΟ 1789,1,3,ΕΕ,1,,
25501,1,ΠΟΛΙΤΙΚΗ ΕΠΙΣΤΗΜΗ ΚΑΙ ΙΣΤΟΡΙΑ,MET,11Μ268,Η ΜΕΤΕΜΦΥΛΙΑΚΗ ΕΛΛΑΔΑ (1950-1967). ΠΟΛΙΤΙΚΕΣ ΚΑΙ ΚΟΙΝΩΝΙΚΕΣ ΕΞΕΛΙΞΕΙΣ.,1,3,ΕΕ,1,,
25502,2,"ΔΙΕΘΝΩΝ, ΕΥΡΩΠΑΪΚΩΝ ΚΑΙ ΠΕΡΙΦΕΡΕΙΑΚΩΝ ΣΠΟΥΔΩΝ",MET,12Μ017,ΠΟΛΙΤΙΚΕΣ ΟΨΕΙΣ ΤΩΝ ΔΙΕΘΝΩΝ ΘΕΣΜΩΝ,1,3,ΥΠ,1,,
25503,2,"ΔΙΕΘΝΩΝ, ΕΥΡΩΠΑΪΚΩΝ ΚΑΙ ΠΕΡΙΦΕΡΕΙΑΚΩΝ ΣΠΟΥΔΩΝ",MET,12Μ020,ΣΤΡΑΤΗΓΙΚΗ ΑΝΑΛΥΣΗ,1,3,ΥΠ,1,,
25504,2,"ΔΙΕΘΝΩΝ, ΕΥΡΩΠΑΪΚΩΝ ΚΑΙ ΠΕΡΙΦΕΡΕΙΑΚΩΝ ΣΠΟΥΔΩΝ",MET,12Μ030,ΕΙΔΙΚΑ ΘΕΜΑΤΑ ΔΙΕΘΝΟΥΣ ΔΙΚΑΙΟΥ: ΧΡΗΣΗ ΒΙΑΣ,1,3,ΥΠ,1,,
25505,2,"ΔΙΕΘΝΩΝ, ΕΥΡΩΠΑΪΚΩΝ ΚΑΙ ΠΕΡΙΦΕΡΕΙΑΚΩΝ ΣΠΟΥΔΩΝ",MET,12Μ036,Η ΔΥΝΑΜΙΚΗ ΤΗΣ ΕΥΡΩΠΑΪΚΗΣ ΟΛΟΚΛΗΡΩΣΗΣ,1,3,ΥΠ,1,,
25506,2,"ΔΙΕΘΝΩΝ, ΕΥΡΩΠΑΪΚΩΝ ΚΑΙ ΠΕΡΙΦΕΡΕΙΑΚΩΝ ΣΠΟΥΔΩΝ",MET,12Μ038,ΕΙΔΙΚΑ ΘΕΜΑΤΑ ΔΙΕΘΝΩΝ ΟΡΓΑΝΙΣΜΩΝ,1,3,ΥΠ,1,,
25507,2,"ΔΙΕΘΝΩΝ, ΕΥΡΩΠΑΪΚΩΝ ΚΑΙ ΠΕΡΙΦΕΡΕΙΑΚΩΝ ΣΠΟΥΔΩΝ",MET,12Μ041,ΔΗΜΟΣΙΑ ΔΙΠΛΩΜΑΤΙΑ,2,3,ΕΥ,1,,
25508,2,"ΔΙΕΘΝΩΝ, ΕΥΡΩΠΑΪΚΩΝ ΚΑΙ ΠΕΡΙΦΕΡΕΙΑΚΩΝ ΣΠΟΥΔΩΝ",MET,12Μ066,ΣΥΓΚΡΙΤΙΚΗ ΠΟΛΙΤΙΚΗ ΑΝΑΛΥΣΗ,1,3,ΥΠ,1,,
25509,2,"ΔΙΕΘΝΩΝ, ΕΥΡΩΠΑΪΚΩΝ ΚΑΙ ΠΕΡΙΦΕΡΕΙΑΚΩΝ ΣΠΟΥΔΩΝ",MET,12Μ068,ΔΙΕΘΝΗΣ ΔΙΚΑΙΟΣΥΝΗ,1,3,ΥΠ,1,,
25510,2,"ΔΙΕΘΝΩΝ, ΕΥΡΩΠΑΪΚΩΝ ΚΑΙ ΠΕΡΙΦΕΡΕΙΑΚΩΝ ΣΠΟΥΔΩΝ",MET,12Μ071,ΑΜΕΡΙΚΑΝΙΚΟ ΠΟΛΙΤΙΚΟ ΣΥΣΤΗΜΑ ΚΑΙ ΕΞΩΤΕΡΙΚΗ ΠΟΛΙΤΙΚΗ,2,3,ΥΠ,1,,
25511,2,"ΔΙΕΘΝΩΝ, ΕΥΡΩΠΑΪΚΩΝ ΚΑΙ ΠΕΡΙΦΕΡΕΙΑΚΩΝ ΣΠΟΥΔΩΝ",MET,12Μ086,ΕΛΛΗΝΙΚΗ ΕΞΩΤΕΡΙΚΗ ΠΟΛΙΤΙΚΗ Ι (ΕΙΔΙΚΑ ΘΕΜΑΤΑ),1,3,ΥΠ,1,,
25512,2,"ΔΙΕΘΝΩΝ, ΕΥΡΩΠΑΪΚΩΝ ΚΑΙ ΠΕΡΙΦΕΡΕΙΑΚΩΝ ΣΠΟΥΔΩΝ",MET,12Μ089,"ΕΥΡΩΠΑΙΚΟΣ ΧΩΡΟΣ ΕΛΕΥΘΕΡΙΑΣ, ΑΣΦΑΛΕΙΑΣ ΚΑΙ ΔΙΚΑΙΟΣΥΝΗΣ",1,3,ΥΠ,1,,
25513,2,"ΔΙΕΘΝΩΝ, ΕΥΡΩΠΑΪΚΩΝ ΚΑΙ ΠΕΡΙΦΕΡΕΙΑΚΩΝ ΣΠΟΥΔΩΝ",MET,12Μ092,ΕΙΔΙΚΑ ΘΕΜΑΤΑ ΔΙΚΑΙΟΥ ΤΗΣ ΕΥΡΩΠΑΪΚΗΣ ΕΝΩΣΗΣ ΚΑΙ ΔΙΚΑΙΟΥ ΕΣΔΑ,2,3,ΕΥ,1,,
25514,2,"ΔΙΕΘΝΩΝ, ΕΥΡΩΠΑΪΚΩΝ ΚΑΙ ΠΕΡΙΦΕΡΕΙΑΚΩΝ ΣΠΟΥΔΩΝ",MET,12Μ092,ΕΙΔΙΚΑ ΘΕΜΑΤΑ ΔΙΚΑΙΟΥ ΤΗΣ ΕΥΡΩΠΑΪΚΗΣ ΕΝΩΣΗΣ ΚΑΙ ΔΙΚΑΙΟΥ ΕΣΔΑ,2,3,ΥΠ,1,,
25515,2,"ΔΙΕΘΝΩΝ, ΕΥΡΩΠΑΪΚΩΝ ΚΑΙ ΠΕΡΙΦΕΡΕΙΑΚΩΝ ΣΠΟΥΔΩΝ",MET,12Μ093,ΔΙΕΘΝΕΣ ΔΙΚΑΙΟ  ΤΗΣ ΑΝΑΠΤΥΞΗΣ,1,3,ΥΠ,1,,
25516,2,"ΔΙΕΘΝΩΝ, ΕΥΡΩΠΑΪΚΩΝ ΚΑΙ ΠΕΡΙΦΕΡΕΙΑΚΩΝ ΣΠΟΥΔΩΝ",MET,12Μ094,ΠΟΛΙΤΙΚΗ ΟΙΚΟΝΟΜΙΑ ΤΗΣ ΑΝΑΠΤΥΞΗΣ,1,3,ΥΠ,1,,
25517,2,"ΔΙΕΘΝΩΝ, ΕΥΡΩΠΑΪΚΩΝ ΚΑΙ ΠΕΡΙΦΕΡΕΙΑΚΩΝ ΣΠΟΥΔΩΝ",MET,12Μ095,ΓΕΩΓΡΑΦΙΑ ΤΗΣ ΦΤΩΧΕΙΑΣ ΚΑΙ  ΥΠΑΝΑΠΤΥΞΗΣ,1,3,ΥΠ,1,,
25518,2,"ΔΙΕΘΝΩΝ, ΕΥΡΩΠΑΪΚΩΝ ΚΑΙ ΠΕΡΙΦΕΡΕΙΑΚΩΝ ΣΠΟΥΔΩΝ",MET,12Μ096,ΕΘΝΙΚΕΣ ΚΑΙ ΕΥΡΩΠΑΪΚΕΣ ΠΟΛΙΤΙΚΕΣ ΑΝΑΠΤΥΞΙΑΚΗΣ ΣΥΝΕΡΓΑΣΙΑΣ,2,3,ΥΠ,1,,
25519,2,"ΔΙΕΘΝΩΝ, ΕΥΡΩΠΑΪΚΩΝ ΚΑΙ ΠΕΡΙΦΕΡΕΙΑΚΩΝ ΣΠΟΥΔΩΝ",MET,12Μ100,ΔΙΕΘΝΕΣ ΔΙΚΑΙΟ ΠΕΡΙΒΑΛΛΟΝΤΟΣ : ΕΙΔΙΚΑ ΘΕΜΑΤΑ,2,3,ΥΠ,1,,
25520,2,"ΔΙΕΘΝΩΝ, ΕΥΡΩΠΑΪΚΩΝ ΚΑΙ ΠΕΡΙΦΕΡΕΙΑΚΩΝ ΣΠΟΥΔΩΝ",MET,12Μ101,ΕΝΕΡΓΕΙΑΚΗ ΠΟΛΙΤΙΚΗ & ΒΙΩΣΙΜΗ ΑΝΑΠΤΥΞΗ,2,3,ΥΠ,1,,
25521,2,"ΔΙΕΘΝΩΝ, ΕΥΡΩΠΑΪΚΩΝ ΚΑΙ ΠΕΡΙΦΕΡΕΙΑΚΩΝ ΣΠΟΥΔΩΝ",MET,12Μ104,ΘΕΩΡΙΑ ΚΑΙ ΜΕΘΟΔΟΛΟΓΙΑ ΔΙΕΘΝΩΝ ΣΧΕΣΕΩΝ,1,3,ΥΠ,1,,
25522,2,"ΔΙΕΘΝΩΝ, ΕΥΡΩΠΑΪΚΩΝ ΚΑΙ ΠΕΡΙΦΕΡΕΙΑΚΩΝ ΣΠΟΥΔΩΝ",MET,12Μ106,ΔΙΕΘΝΗΣ ΚΑΙ ΠΕΡΙΦΕΡΕΙΑΚΗ ΟΙΚΟΝΟΜΙΚΗ ΟΛΟΚΛΗΡΩΣΗ,1,3,ΥΠ,1,,
25523,2,"ΔΙΕΘΝΩΝ, ΕΥΡΩΠΑΪΚΩΝ ΚΑΙ ΠΕΡΙΦΕΡΕΙΑΚΩΝ ΣΠΟΥΔΩΝ",MET,12Μ107,ΠΑΓΚΟΣΜΙΑ ΟΙΚΟΝΟΜΙΚΗ ΔΙΑΚΥΒΕΡΝΗΣΗ,1,3,ΥΠ,1,,
25524,2,"ΔΙΕΘΝΩΝ, ΕΥΡΩΠΑΪΚΩΝ ΚΑΙ ΠΕΡΙΦΕΡΕΙΑΚΩΝ ΣΠΟΥΔΩΝ",MET,12Μ115,ΔΙΕΘΝΕΣ ΠΟΙΝΙΚΟ ΔΙΚΑΙΟ,2,3,ΥΠ,1,,
25525,2,"ΔΙΕΘΝΩΝ, ΕΥΡΩΠΑΪΚΩΝ ΚΑΙ ΠΕΡΙΦΕΡΕΙΑΚΩΝ ΣΠΟΥΔΩΝ",MET,12Μ116,ΕΥΡΩΠΑΪΚΟ ΚΟΙΝΟ ΔΙΚΑΙΟ (ius communis) - ΔΗΜΟΣΙΟ ΚΑΙ ΠΟΙΝΙΚΟ,1,3,ΥΠ,1,,
25526,2,"ΔΙΕΘΝΩΝ, ΕΥΡΩΠΑΪΚΩΝ ΚΑΙ ΠΕΡΙΦΕΡΕΙΑΚΩΝ ΣΠΟΥΔΩΝ",MET,12Μ118,ΘΕΩΡΙΑ ΚΑΙ ΤΕΧΝΙΚΕΣ ΤΩΝ ΔΙΕΘΝΩΝ ΔΙΑΠΡΑΓΜΑΤΕΥΣΕΩΝ,2,3,ΥΠ,1,,
25527,2,"ΔΙΕΘΝΩΝ, ΕΥΡΩΠΑΪΚΩΝ ΚΑΙ ΠΕΡΙΦΕΡΕΙΑΚΩΝ ΣΠΟΥΔΩΝ",MET,12Μ119,ΓΕΩΠΟΛΙΤΙΚΗ ΚΑΙ ΓΕΩΟΙΚΟΝΟΜΙΑ,2,3,ΥΠ,1,,
25528,2,"ΔΙΕΘΝΩΝ, ΕΥΡΩΠΑΪΚΩΝ ΚΑΙ ΠΕΡΙΦΕΡΕΙΑΚΩΝ ΣΠΟΥΔΩΝ",MET,12Μ121,ΕΥΡΩΠΑΪΚΗ ΔΗΜΟΣΙΑ ΠΟΛΙΤΙΚΗ Ι: ΔΙΑΜΟΡΦΩΣΗ ΠΟΛΙΤΙΚΗΣ,1,3,ΥΠ,1,,
25529,2,"ΔΙΕΘΝΩΝ, ΕΥΡΩΠΑΪΚΩΝ ΚΑΙ ΠΕΡΙΦΕΡΕΙΑΚΩΝ ΣΠΟΥΔΩΝ",MET,12Μ123,ΣΥΓΧΡΟΝΑ ΖΗΤΗΜΑΤΑ ΔΙΕΘΝΟΥΣ ΠΟΛΙΤΙΚΗΣ,2,3,ΕΥ,1,,
25530,2,"ΔΙΕΘΝΩΝ, ΕΥΡΩΠΑΪΚΩΝ ΚΑΙ ΠΕΡΙΦΕΡΕΙΑΚΩΝ ΣΠΟΥΔΩΝ",MET,12Μ125,ΔΙΕΘΝΕΙΣ ΣΧΕΣΕΙΣ ΤΗΣ ΕΛΛΑΔΟΣ: ΓΕΩΠΟΛΙΤΙΚΗ ΚΑΙ ΑΣΦΑΛΕΙΑ,2,3,ΥΠ,1,,
25531,2,"ΔΙΕΘΝΩΝ, ΕΥΡΩΠΑΪΚΩΝ ΚΑΙ ΠΕΡΙΦΕΡΕΙΑΚΩΝ ΣΠΟΥΔΩΝ",MET,12Μ128,ΕΞΩΤΕΡΙΚΕΣ ΣΧΕΣΕΙΣ ΕΥΡΩΠΑΪΚΗΣ ΕΝΩΣΗΣ: ΕΙΔΙΚΑ ΘΕΜΑΤΑ,2,3,ΥΠ,1,,
25532,2,"ΔΙΕΘΝΩΝ, ΕΥΡΩΠΑΪΚΩΝ ΚΑΙ ΠΕΡΙΦΕΡΕΙΑΚΩΝ ΣΠΟΥΔΩΝ",MET,12Μ128,ΕΞΩΤΕΡΙΚΕΣ ΣΧΕΣΕΙΣ ΕΥΡΩΠΑΪΚΗΣ ΕΝΩΣΗΣ:ΕΙΔΙΚΑ ΘΕΜΑΤΑ,2,3,ΥΠ,1,,
25533,2,"ΔΙΕΘΝΩΝ, ΕΥΡΩΠΑΪΚΩΝ ΚΑΙ ΠΕΡΙΦΕΡΕΙΑΚΩΝ ΣΠΟΥΔΩΝ",MET,12Μ129,ΔΙΚΑΙΟ ΑΝΤΑΓΩΝΙΣΜΟΥ ΚΑΙ ΔΗΜΟΣΙΩΝ ΣΥΜΒΑΣΕΩΝ,2,3,ΥΠ,1,,
25534,2,"ΔΙΕΘΝΩΝ, ΕΥΡΩΠΑΪΚΩΝ ΚΑΙ ΠΕΡΙΦΕΡΕΙΑΚΩΝ ΣΠΟΥΔΩΝ",MET,12Μ130,ΕΥΡΩΠΑΪΚΗ ΔΗΜΟΣΙΑ ΠΟΛΙΤΙΚΗ ΙΙ: ΥΛΟΠΟΙΗΣΗ ΠΟΛΙΤΙΚΗΣ,2,3,ΥΠ,1,,
25535,2,"ΔΙΕΘΝΩΝ, ΕΥΡΩΠΑΪΚΩΝ ΚΑΙ ΠΕΡΙΦΕΡΕΙΑΚΩΝ ΣΠΟΥΔΩΝ",MET,12Μ131,ΔΙΕΘΝΗΣ ΚΑΙ ΠΕΡΙΦΕΡΕΙΑΚΗ ΠΕΡΙΒΑΛΛΟΝΤΙΚΗ ΔΙΑΚΥΒΕΡΝΗΣΗ,1,3,ΥΠ,1,,
25536,2,"ΔΙΕΘΝΩΝ, ΕΥΡΩΠΑΪΚΩΝ ΚΑΙ ΠΕΡΙΦΕΡΕΙΑΚΩΝ ΣΠΟΥΔΩΝ",MET,12Μ132,"ΔΙΚΑΙΟ  ΚΑΙ ΠΟΛΙΤΙΚΕΣ  ΔΙKAΙΩΜΑΤΩΝ ΤΟΥ ΑΝΘΡΩΠΟΥ, ΜΕΙΟΝΟΤΗΤΩΝ   ΚΑΙ  ΑΝΘΡΩΠΙΣΤΙΚΗΣ  ΔΡΑΣΗΣ",2,3,ΥΠ,1,,
25537,2,"ΔΙΕΘΝΩΝ, ΕΥΡΩΠΑΪΚΩΝ ΚΑΙ ΠΕΡΙΦΕΡΕΙΑΚΩΝ ΣΠΟΥΔΩΝ",MET,12Μ133,ΟΙΚΟΝΟΜΙΚΗ  ΔΙΠΛΩΜΑΤΙΑ,2,3,ΥΠ,1,,
25538,2,"ΔΙΕΘΝΩΝ, ΕΥΡΩΠΑΪΚΩΝ ΚΑΙ ΠΕΡΙΦΕΡΕΙΑΚΩΝ ΣΠΟΥΔΩΝ",MET,12Μ208,ΕΙΔΙΚΑ ΘΕΜΑΤΑ ΣΤΗΝ ΔΙΕΘΝΗ ΜΑΚΡΟΟΙΚΟΝΟΜΙΚΗ,1,3,ΥΠ,1,,
25539,2,ΣΤΡΑΤΗΓΙΚΕΣ ΣΠΟΥΔΕΣ ΑΣΦΑΛΕΙΑΣ (MASTER OF ARTS IN STRATEGIC SECURITY STUDIES),MET,12Μ200,ΘΕΩΡΙΑ ΔΙΕΘΝΩΝ ΣΧΕΣΕΩΝ,1,3,ΥΠ,1,,
25540,2,ΣΤΡΑΤΗΓΙΚΕΣ ΣΠΟΥΔΕΣ ΑΣΦΑΛΕΙΑΣ (MASTER OF ARTS IN STRATEGIC SECURITY STUDIES),MET,12Μ201,ΣΤΡΑΤΗΓΙΚΕΣ ΣΠΟΥΔΕΣ,1,3,ΥΠ,1,,
25541,2,ΣΤΡΑΤΗΓΙΚΕΣ ΣΠΟΥΔΕΣ ΑΣΦΑΛΕΙΑΣ (MASTER OF ARTS IN STRATEGIC SECURITY STUDIES),MET,12Μ202,ΕΛΛΗΝΙΚΗ ΕΞΩΤΕΡΙΚΗ ΠΟΛΙΤΙΚΗ,1,3,ΕΥ,1,,
25542,2,ΣΤΡΑΤΗΓΙΚΕΣ ΣΠΟΥΔΕΣ ΑΣΦΑΛΕΙΑΣ (MASTER OF ARTS IN STRATEGIC SECURITY STUDIES),MET,12Μ203,ΠΥΡΗΝΙΚΑ ΟΠΛΑ ΚΑΙ ΑΣΥΜΜΕΤΡΕΣ ΑΠΕΙΛΕΣ,2,3,ΕΥ,1,,
25543,2,ΣΤΡΑΤΗΓΙΚΕΣ ΣΠΟΥΔΕΣ ΑΣΦΑΛΕΙΑΣ (MASTER OF ARTS IN STRATEGIC SECURITY STUDIES),MET,12Μ204,ΧΕΙΡΙΣΜΟΣ ΚΡΙΣΕΩΝ,2,3,ΕΥ,1,,
25544,2,ΣΤΡΑΤΗΓΙΚΕΣ ΣΠΟΥΔΕΣ ΑΣΦΑΛΕΙΑΣ (MASTER OF ARTS IN STRATEGIC SECURITY STUDIES),MET,12Μ205,ΠΕΡΙΦΕΡΕΙΑΚΗ ΑΣΦΑΛΕΙΑ ΚΑΙ ΣΥΓΚΡΟΥΣΕΙΣ (ΕΥΡΩΠΗ - ΒΑΛΚΑΝΙΑ - ΑΝ.ΜΕΣΟΓΕΙΟΣ - ΑΝ.ΑΣΙΑ),2,3,ΕΥ,1,,
25545,2,ΣΤΡΑΤΗΓΙΚΕΣ ΣΠΟΥΔΕΣ ΑΣΦΑΛΕΙΑΣ (MASTER OF ARTS IN STRATEGIC SECURITY STUDIES),MET,12Μ209,ΑΜΕΡΙΚΑΝΙΚΗ ΥΨΗΛΗ ΣΤΡΑΤΗΓΙΚΗ,1,3,ΕΥ,1,,
25546,2,ΣΤΡΑΤΗΓΙΚΕΣ ΣΠΟΥΔΕΣ ΑΣΦΑΛΕΙΑΣ (MASTER OF ARTS IN STRATEGIC SECURITY STUDIES),MET,12Μ210,ΓΕΩΠΟΛΙΤΙΚΗ - ΓΕΩΟΙΚΟΝΟΜΙΑ,1,3,ΕΥ,1,,
25547,2,ΣΤΡΑΤΗΓΙΚΕΣ ΣΠΟΥΔΕΣ ΑΣΦΑΛΕΙΑΣ (MASTER OF ARTS IN STRATEGIC SECURITY STUDIES),MET,12Μ212,ΠΟΛΕΜΟΣ  ΚΑΙ  ΟΙΚΟΝΟΜΙΑ,2,3,ΕΥ,1,,
25548,2,ΣΤΡΑΤΗΓΙΚΕΣ ΣΠΟΥΔΕΣ ΑΣΦΑΛΕΙΑΣ (MASTER OF ARTS IN STRATEGIC SECURITY STUDIES),MET,12Μ213,ΔΙΕΘΝΕΣ  ΔΙΚΑΙΟ  ΚΑΙ ΔΙΕΘΝΗΣ  ΑΣΦΑΛΕΙΑ,2,3,ΕΥ,1,,
25549,3,ΚΟΙΝΩΝΙΟΛΟΓΙΑ,MET,31Μ001,ΜΕΘΟΔΟΙ ΚΟΙΝΩΝΙΚΗΣ ΕΡΕΥΝΑΣ (ΠΟΣΟΤΙΚΕΣ ΚΑΙ ΠΟΙΟΤΙΚΕΣ ΠΡΟΣΕΓΓΙΣΕΙΣ),1,,ΥΠ,1,,
25550,3,ΚΟΙΝΩΝΙΟΛΟΓΙΑ,MET,31Μ002,ΜΟΡΦΕΣ ΑΝΙΣΟΤΗΤΑΣ: ΘΕΩΡΗΤΙΚΕΣ ΠΡΟΣΕΓΓΙΣΕΙΣ ΚΑΙ ΙΣΤΟΡΙΚΕΣ ΕΞΕΛΙΞΕΙΣ,1,,ΥΠ,1,,
25551,3,ΚΟΙΝΩΝΙΟΛΟΓΙΑ,MET,31Μ003,ΚΕΝΤΡΙΚΑ ΖΗΤΗΜΑΤΑ ΚΟΙΝΩΝΙΚΗΣ ΚΑΙ ΠΟΛΙΤΙΚΗΣ ΘΕΩΡΙΑΣ,1,,ΥΠ,1,,
25552,3,ΚΟΙΝΩΝΙΟΛΟΓΙΑ,MET,31Μ004,ΚΟΙΝΩΝΙΚΗ ΔΟΜΗ ΚΑΙ ΕΡΓΑΣΙΑ,2,,ΥΠ,1,,
25553,3,ΚΟΙΝΩΝΙΟΛΟΓΙΑ,MET,31Μ005,ΔΗΜΟΓΡΑΦΙΑ ΚΑΙ ΜΕΤΑΝΑΣΤΕΥΣΗ,2,,ΥΠ,1,,
25554,3,ΚΟΙΝΩΝΙΟΛΟΓΙΑ,MET,31Μ006,ΤΟΠΙΚΗ ΑΥΤΟΔΙΟΙΚΗΣΗ ΚΑΙ ΚΟΙΝΩΝΙΚΕΣ ΑΝΙΣΟΤΗΤΕΣ,2,,ΥΠ,1,,
25555,3,ΚΟΙΝΩΝΙΟΛΟΓΙΑ,MET,31Μ007,ΑΝΙΣΗ ΑΝΑΠΤΥΞΗ ΚΑΙ ΚΡΙΣΗ ΤΩΝ ΟΙΚΟΝΟΜΙΚΩΝ ΚΑΙ ΚΟΙΝΩΝΙΚΩΝ ΔΟΜΩΝ ΣΤΗΝ ΕΥΡΩΠΗ,2,,ΥΠ,1,,
25556,3,ΚΟΙΝΩΝΙΟΛΟΓΙΑ,MET,31Μ008,ΕΥΡΩΠΑΪΚΗ ΚΟΙΝΩΝΙΚΗ ΠΟΛΙΤΙΚΗ,2,,ΥΠ,1,,
25557,3,ΚΟΙΝΩΝΙΟΛΟΓΙΑ,MET,31Μ009,ΕΙΔΙΚΑ ΘΕΜΑΤΑ ΕΥΡΩΠΑΪΚΗΣ ΙΣΤΟΡΙΑΣ,2,,ΥΠ,1,,
25558,3,ΚΟΙΝΩΝΙΟΛΟΓΙΑ,MET,31Μ010,ΣΥΓΧΡΟΝΑ ΘΕΜΑΤΑ ΚΟΙΝΩΝΙΚΗΣ ΘΕΩΡΙΑΣ,2,,ΥΠ,1,,
25559,3,ΚΟΙΝΩΝΙΟΛΟΓΙΑ,MET,31Μ011,ΚΟΙΝΩΝΙΚΗ ΘΕΩΡΙΑ ΚΑΙ ΤΕΧΝΟΛΟΓΙΑ,2,,ΥΠ,1,,
25560,3,ΚΟΙΝΩΝΙΟΛΟΓΙΑ,MET,31Μ012,ΚΟΙΝΩΝΙΑ ΚΑΙ ΓΝΩΣΗ,2,,ΥΠ,1,,
25561,3,ΚΟΙΝΩΝΙΟΛΟΓΙΑ,MET,31Μ013,"ΚΟΙΝΩΝΙΚΕΣ ΑΝΑΠΑΡΑΣΤΑΣΕΙΣ, ΤΑΥΤΟΤΗΤΑ ΚΑΙ ΕΤΕΡΟΤΗΤΑ",3,,ΥΠ,1,,
25562,3,ΚΟΙΝΩΝΙΟΛΟΓΙΑ,MET,31Μ014,ΣΥΓΧΡΟΝΑ ΚΟΙΝΩΝΙΚΟΠΟΛΙΤΙΚΑ ΦΑΙΝΟΜΕΝΑ ΚΑΙ ΑΝΘΡΩΠΙΝΑ ΔΙΚΑΙΩΜΑΤΑ,3,,ΥΠ,1,,
25563,3,ΚΟΙΝΩΝΙΟΛΟΓΙΑ,MET,31Μ015,ΚΟΙΝΩΝΙΚΑ ΚΙΝΗΜΑΤΑ ΚΑΙ ΚΟΙΝΩΝΙΚΑ ΔΙΚΑΙΩΜΑΤΑ,3,,ΥΠ,1,,
25564,3,ΚΟΙΝΩΝΙΟΛΟΓΙΑ,MET,31Μ016,ΚΟΙΝΩΝΙΚΟ ΥΠΟΔΕΙΓΜΑ ΚΑΙ ΟΙΚΟΝΟΜΙΚΕΣ ΔΟΜΕΣ ΣΤΗΝ ΕΛΛΑΔΑ,3,,ΥΠ,1,,
25565,3,ΚΟΙΝΩΝΙΟΛΟΓΙΑ,MET,31Μ017,ΚΟΙΝΩΝΙΚΟ ΚΡΑΤΟΣ ΣΤΗΝ ΕΛΛΛΑΔΑ,3,,ΥΠ,1,,
25566,3,ΚΟΙΝΩΝΙΟΛΟΓΙΑ,MET,31Μ018,ΕΙΔΙΚΑ ΘΕΜΑΤΑ ΕΛΛΗΝΙΚΗΣ ΙΣΤΟΡΙΑΣ,3,,ΥΠ,1,,
25567,3,ΚΟΙΝΩΝΙΟΛΟΓΙΑ,MET,31Μ019,ΘΕΩΡΙΕΣ ΤΟΥ ΠΟΛΙΤΙΚΟΥ ΥΠΟΚΕΙΜΕΝΟΥ,3,,ΥΠ,1,,
25568,3,ΚΟΙΝΩΝΙΟΛΟΓΙΑ,MET,31Μ020,"ΦΥΛΟ, ΛΟΓΟΣ, ΕΞΟΥΣΙΑ",3,,ΥΠ,1,,
25569,3,ΚΟΙΝΩΝΙΟΛΟΓΙΑ,MET,31Μ021,ΜΟΡΦΕΣ ΕΞΟΥΣΙΑΣ ΣΕ ΠΡΟΒΙΟΜΗΧΑΝΙΚΕΣ ΚΟΙΝΩΝΙΕΣ,3,,ΥΠ,1,,
25570,10,ΕΓΚΛΗΜΑΤΟΛΟΓΙΑ,MET,32Μ001,"Η ΣΥΓΧΡΟΝΗ ΕΓΚΛΗΜΑΤΙΚΟΤΗΤΑ, Η ΑΝΤΙΜΕΤΩΠΙΣΗ ΤΗΣ ΚΑΙ Η ΕΓΚΛΗΜΑΤΟΛΟΓΙΑ",1,,ΥΠ,1,,
25571,10,ΕΓΚΛΗΜΑΤΟΛΟΓΙΑ,MET,32Μ002,ΟΡΓΑΝΩΜΕΝΟ ΕΓΚΛΗΜΑ ΚΑΙ ΟΙΚΟΝΟΜΙΚΗ ΕΓΚΛΗΜΑΤΙΚΟΤΗΤΑ,3,,ΥΠ,1,,
25572,10,ΕΓΚΛΗΜΑΤΟΛΟΓΙΑ,MET,32Μ003,ΠΡΟΛΗΨΗ ΤΗΣ ΕΓΚΛΗΜΑΤΙΚΟΤΗΤΑΣ.,2,,ΥΠ,1,,
25573,10,ΕΓΚΛΗΜΑΤΟΛΟΓΙΑ,MET,32Μ004,"ΠΟΛΗ ΚΑΙ ΕΓΚΛΗΜΑΤΙΚΟΤΗΤΑ, ΑΙΣΘΗΜΑ ΑΝΑΣΦΑΛΕΙΑΣ ΚΑΙ ΤΙΜΩΡΗΤΙΚΟΤΗΤΑ",2,,ΥΠ,1,,
25574,10,ΕΓΚΛΗΜΑΤΟΛΟΓΙΑ,MET,32Μ005,ΔΙΕΘΝΟΠΟΙΗΣΗ ΤΗΣ ΑΝΤΕΓΚΛΗΜΑΤΙΚΗΣ ΠΟΛΙΤΙΚΗΣ ΚΑΙ ΔΙΚΑΙΩΜΑΤΑ ΤΟΥ ΑΝΘΡΩΠΟΥ,2,,ΥΠ,1,,
25575,10,ΕΓΚΛΗΜΑΤΟΛΟΓΙΑ,MET,32Μ006,ΝΕΕΣ ΤΕΧΝΟΛΟΓΙΕΣ ΚΑΙ ΕΓΚΛΗΜΑ,1,,ΥΠ,1,,
25576,10,ΕΓΚΛΗΜΑΤΟΛΟΓΙΑ,MET,32Μ007,ΕΠΙΣΤΗΜΟΛΟΓΙΚΑ  ΖΗΤΗΜΑΤΑ ΤΗΣ ΕΓΚΛΗΜΑΤΟΛΟΓΙΑΣ,3,,ΥΠ,1,,
25577,10,ΕΓΚΛΗΜΑΤΟΛΟΓΙΑ,MET,32Μ008,ΜΕΘΟΔΟΛΟΓΙΑ ΤΗΣ ΕΓΚΛΗΜΑΤΟΛΟΓΙΚΗΣ ΕΡΕΥΝΑΣ,1,,ΥΠ,1,,
25578,10,ΕΓΚΛΗΜΑΤΟΛΟΓΙΑ,MET,32Μ013,Ο ΡΟΛΟΣ ΤΟΥ ΘΥΜΑΤΟΣ ΣΤΗΝ ΑΠΟΝΟΜΗ ΤΗΣ ΠΟΙΝΙΚΗΣ ΔΙΚΑΙΟΣΥΝΗΣ: ΙΣΤΟΡΙΚΗ ΚΑΙ ΣΥΓΧΡΟΝΗ ΠΡΟΣΕΓΓΙΣΗ,3,,ΥΠ,1,,
25579,4,"ΕΠΙΚΟΙΝΩΝΙΑ, ΜΕΣΑ ΚΑΙ ΠΟΛΙΤΙΣΤΙΚΗ ΔΙΑΧΕΙΡΙΣΗ",MET,41Μ002,ΟΡΓΑΝΩΣΗ ΚΑΙ ΔΙΟΙΚΗΣΗ ΠΟΛΙΤΙΣΜΙΚΩΝ ΟΡΓΑΝΙΣΜΩΝ,1,,ΥΑ,1,,
25580,4,"ΕΠΙΚΟΙΝΩΝΙΑ, ΜΕΣΑ ΚΑΙ ΠΟΛΙΤΙΣΤΙΚΗ ΔΙΑΧΕΙΡΙΣΗ",MET,41Μ003,ΟΙΚΟΝΟΜΙΑ ΤΟΥ ΠΟΛΙΤΙΣΜΟΥ,2,,ΕΕ,1,,
25581,4,"ΕΠΙΚΟΙΝΩΝΙΑ, ΜΕΣΑ ΚΑΙ ΠΟΛΙΤΙΣΤΙΚΗ ΔΙΑΧΕΙΡΙΣΗ",MET,41Μ006,ΟΠΤΙΚΟΣ ΠΟΛΙΤΙΣΜΟΣ,2,,ΕΕ,1,,
25582,4,"ΕΠΙΚΟΙΝΩΝΙΑ, ΜΕΣΑ ΚΑΙ ΠΟΛΙΤΙΣΤΙΚΗ ΔΙΑΧΕΙΡΙΣΗ",MET,41Μ009,ΠΟΛΙΤΙΣΤΙΚΟ ΜΑΡΚΕΤΙΝΓΚ ΚΑΙ  ΕΠΙΚΟΙΝΩΝΙΑ,2,,ΕΕ,1,,
25583,4,"ΕΠΙΚΟΙΝΩΝΙΑ, ΜΕΣΑ ΚΑΙ ΠΟΛΙΤΙΣΤΙΚΗ ΔΙΑΧΕΙΡΙΣΗ",MET,41Μ014,ΙΣΤΟΡΙΑ ΤΗΣ ΤΕΧΝΗΣ,2,,ΕΕ,1,,
25584,4,"ΕΠΙΚΟΙΝΩΝΙΑ, ΜΕΣΑ ΚΑΙ ΠΟΛΙΤΙΣΤΙΚΗ ΔΙΑΧΕΙΡΙΣΗ",MET,41Μ017,ΜΟΥΣΕΙΟΛΟΓΙΑ,2,,ΕΕ,1,,
25585,4,"ΕΠΙΚΟΙΝΩΝΙΑ, ΜΕΣΑ ΚΑΙ ΠΟΛΙΤΙΣΤΙΚΗ ΔΙΑΧΕΙΡΙΣΗ",MET,41Μ023,ΚΟΙΝΩΝΙΟΛΟΓΙΑ ΤΟΥ ΠΟΛΙΤΙΣΜΟΥ,2,,ΕΕ,1,,
25586,4,"ΕΠΙΚΟΙΝΩΝΙΑ, ΜΕΣΑ ΚΑΙ ΠΟΛΙΤΙΣΤΙΚΗ ΔΙΑΧΕΙΡΙΣΗ",MET,41Μ024,ΜΟΥΣΙΚΗ,1,,ΥΑ,1,,
25587,4,"ΕΠΙΚΟΙΝΩΝΙΑ, ΜΕΣΑ ΚΑΙ ΠΟΛΙΤΙΣΤΙΚΗ ΔΙΑΧΕΙΡΙΣΗ",MET,41Μ025,ΔΙΑΧΕΙΡΙΣΗ ΑΝΘΡΩΠΙΝΟΥ ΔΥΝΑΜΙΚΟΥ,1,,ΥΑ,1,,
25588,4,"ΕΠΙΚΟΙΝΩΝΙΑ, ΜΕΣΑ ΚΑΙ ΠΟΛΙΤΙΣΤΙΚΗ ΔΙΑΧΕΙΡΙΣΗ",MET,41Μ026,"ΜΕΘΟΔΟΛΟΓΙΚΕΣ ΠΡΟΣΕΓΓΙΣΕΙΣ ΜΕΣΩΝ, ΕΠΙΚΟΙΝΩΝΙΑΣ ΚΑΙ ΠΟΛΙΤΙΣΜΟΥ",1,,ΥΠ,1,,
25589,4,"ΕΠΙΚΟΙΝΩΝΙΑ, ΜΕΣΑ ΚΑΙ ΠΟΛΙΤΙΣΤΙΚΗ ΔΙΑΧΕΙΡΙΣΗ",MET,41Μ027,"ΕΠΙΚΟΙΝΩΝΙΑ, ΜΕΣΑ ΚΑΙ ΠΟΛΙΤΙΚΗ Ι",1,,ΥΑ,1,,
25590,4,"ΕΠΙΚΟΙΝΩΝΙΑ, ΜΕΣΑ ΚΑΙ ΠΟΛΙΤΙΣΤΙΚΗ ΔΙΑΧΕΙΡΙΣΗ",MET,41Μ029,ΘΕΩΡΙΑ ΚΑΙ ΙΣΤΟΡΙΑ ΤΩΝ ΜΕΣΩΝ ΕΠΙΚΟΙΝΩΝΙΑΣ,1,,ΥΑ,1,,
25591,4,"ΕΠΙΚΟΙΝΩΝΙΑ, ΜΕΣΑ ΚΑΙ ΠΟΛΙΤΙΣΤΙΚΗ ΔΙΑΧΕΙΡΙΣΗ",MET,41Μ030,ΡΗΤΟΡΙΚΗ ΤΗΣ ΕΙΚΟΝΑΣ,1,,ΥΑ,1,,
25592,4,"ΕΠΙΚΟΙΝΩΝΙΑ, ΜΕΣΑ ΚΑΙ ΠΟΛΙΤΙΣΤΙΚΗ ΔΙΑΧΕΙΡΙΣΗ",MET,41Μ032,"ΕΠΙΚΟΙΝΩΝΙΑ, ΜΕΣΑ ΚΑΙ ΠΟΛΙΤΙΚΗ ΙΙ",2,,ΕΥ,1,,
25593,4,"ΕΠΙΚΟΙΝΩΝΙΑ, ΜΕΣΑ ΚΑΙ ΠΟΛΙΤΙΣΤΙΚΗ ΔΙΑΧΕΙΡΙΣΗ",MET,41Μ033,Η ΑΦΗΓΗΣΗ ΣΕ ΠΑΛΑΙΑ ΚΑΙ ΝΕΑ ΜΕΣΑ,2,,ΕΥ,1,,
25594,4,"ΕΠΙΚΟΙΝΩΝΙΑ, ΜΕΣΑ ΚΑΙ ΠΟΛΙΤΙΣΤΙΚΗ ΔΙΑΧΕΙΡΙΣΗ",MET,41Μ034,ΕΠΙΚΟΙΝΩΝΙΑ ΚΑΙ ΤΕΧΝΟΛΟΓΙΑ,2,,ΕΥ,1,,
25595,4,"ΕΠΙΚΟΙΝΩΝΙΑ, ΜΕΣΑ ΚΑΙ ΠΟΛΙΤΙΣΤΙΚΗ ΔΙΑΧΕΙΡΙΣΗ",MET,41Μ035,ΨΥΧΟΛΟΓΙΑ ΚΑΙ ΜΕΣΑ,2,,ΕΕ,1,,
25596,4,"ΕΠΙΚΟΙΝΩΝΙΑ, ΜΕΣΑ ΚΑΙ ΠΟΛΙΤΙΣΤΙΚΗ ΔΙΑΧΕΙΡΙΣΗ",MET,41Μ036,ΔΙΟΙΚΗΣΗ ΚΑΙ ΜΑΡΚΕΤΙΝΓΚ,2,,ΕΕ,1,,
25597,4,"ΕΠΙΚΟΙΝΩΝΙΑ, ΜΕΣΑ ΚΑΙ ΠΟΛΙΤΙΣΤΙΚΗ ΔΙΑΧΕΙΡΙΣΗ",MET,41Μ037,ΜΕΣΑ ΚΑΙ ΨΗΦΙΑΚΕΣ ΕΦΑΡΜΟΓΕΣ,1,,ΥΑ,1,,
25598,4,"ΕΠΙΚΟΙΝΩΝΙΑ, ΜΕΣΑ ΚΑΙ ΠΟΛΙΤΙΣΤΙΚΗ ΔΙΑΧΕΙΡΙΣΗ",MET,41Μ038,ΔΗΜΟΣΙΕΣ ΠΟΛΙΤΙΚΕΣ ΚΑΙ ΨΗΦΙΑΚΗ ΕΠΙΚΟΙΝΩΝΙΑ,1,,ΥΑ,1,,
25599,4,"ΕΠΙΚΟΙΝΩΝΙΑ, ΜΕΣΑ ΚΑΙ ΠΟΛΙΤΙΣΤΙΚΗ ΔΙΑΧΕΙΡΙΣΗ",MET,41Μ039,ΠΑΡΑΓΩΓΗ ΠΕΡΙΕΧΟΜΕΝΟΥ ΚΑΙ ΕΠΙΧΕΙΡΗΣΕΙΣ ΜΕΣΩΝ,1,,ΥΑ,1,,
25600,4,"ΕΠΙΚΟΙΝΩΝΙΑ, ΜΕΣΑ ΚΑΙ ΠΟΛΙΤΙΣΤΙΚΗ ΔΙΑΧΕΙΡΙΣΗ",MET,41Μ040,ΗΓΕΣΙΑ ΚΑΙ ΕΠΙΧΕΙΡΗΜΑΤΙΚΟΤΗΤΑ ΣΤΗ ΔΗΜΟΣΙΟΓΡΑΦΙΑ,2,,ΕΕ,1,,
25601,4,"ΕΠΙΚΟΙΝΩΝΙΑ, ΜΕΣΑ ΚΑΙ ΠΟΛΙΤΙΣΤΙΚΗ ΔΙΑΧΕΙΡΙΣΗ",MET,41Μ041,ΔΗΜΟΣΙΟΓΡΑΦΙΚΗ ΑΦΗΓΗΣΗ ΣΤΑ ΠΑΛΑΙΑ ΚΑΙ ΣΤΑ ΝΕΑ ΜΕΣΑ. ΣΥΓΚΛΙΣΗ ΚΑΙ ΠΟΛΥΜΕΣΙΚΟΤΗΤΑ,2,,ΕΕ,1,,
25602,4,"ΕΠΙΚΟΙΝΩΝΙΑ, ΜΕΣΑ ΚΑΙ ΠΟΛΙΤΙΣΤΙΚΗ ΔΙΑΧΕΙΡΙΣΗ",MET,41Μ043,ΕΙΣΑΓΩΓΗ ΣΤΙΣ ΠΡΑΚΤΙΚΕΣ ΔΕΔΟΜΕΝΩΝ (DATA PRACTICES),2,,ΕΕ,1,,
25603,4,"ΕΠΙΚΟΙΝΩΝΙΑ, ΜΕΣΑ ΚΑΙ ΠΟΛΙΤΙΣΤΙΚΗ ΔΙΑΧΕΙΡΙΣΗ",MET,41Μ045,"ΑΝΑΣΚΕΥΑΖΟΝΤΑΣ ΤΟ ΠΑΡΕΛΘΟΝ, ΚΑΤΑΣΚΕΥΑΖΟΝΤΑΣ ΤΟ ΠΑΡΟΝ ΣΤΗΝ ΨΗΦΙΑΚΗ ΕΠΟΧΗ",2,,ΕΕ,1,,
25604,4,"ΕΠΙΚΟΙΝΩΝΙΑ, ΜΕΣΑ ΚΑΙ ΠΟΛΙΤΙΣΤΙΚΗ ΔΙΑΧΕΙΡΙΣΗ",MET,41Μ048,ΠΕΙΘΩ ΚΑΙ ΕΠΙΧΕΙΡΗΜΑ,1,,ΥΑ,1,,
25605,4,"ΕΠΙΚΟΙΝΩΝΙΑ, ΜΕΣΑ ΚΑΙ ΠΟΛΙΤΙΣΤΙΚΗ ΔΙΑΧΕΙΡΙΣΗ",MET,41Μ049,ΨΗΦΙΑΚΑ ΜΕΣΑ ΚΑΙ ΕΠΙΚΟΙΝΩΝΙΑ,1,,ΥΑ,1,,
25606,4,"ΕΠΙΚΟΙΝΩΝΙΑ, ΜΕΣΑ ΚΑΙ ΠΟΛΙΤΙΣΤΙΚΗ ΔΙΑΧΕΙΡΙΣΗ",MET,41Μ051,ΣΕΜΙΝΑΡΙΟ ΙΣΤΟΡΙΑΣ,1,,ΥΑ,1,,
25607,4,"ΕΠΙΚΟΙΝΩΝΙΑ, ΜΕΣΑ ΚΑΙ ΠΟΛΙΤΙΣΤΙΚΗ ΔΙΑΧΕΙΡΙΣΗ",MET,41Μ053,ΜΑΝΑΤΖΜΕΝΤ ΚΑΙ ΜΑΡΚΕΤΙΝΓΚ ΣΤΑ ΜΕΣΑ,2,,ΕΕ,1,,
25608,5,ΚΟΙΝΩΝΙΚΗ ΠΟΛΙΤΙΚΗ: ΜΕΘΟΔΟΙ ΚΑΙ ΕΦΑΡΜΟΓΕΣ,MET,51Μ101,ΣΤΑΤΙΣΤΙΚΕΣ ΜΕΘΟΔΟΙ ΣΤΗΝ ΚΟΙΝΩΝΙΚΗ ΕΡΕΥΝΑ Ι,1,,ΥΠ,1,,
25609,5,ΚΟΙΝΩΝΙΚΗ ΠΟΛΙΤΙΚΗ: ΜΕΘΟΔΟΙ ΚΑΙ ΕΦΑΡΜΟΓΕΣ,MET,51Μ102,ΠΟΙΟΤΙΚΕΣ ΜΕΘΟΔΟΙ ΣΤΗΝ ΚΟΙΝΩΝΙΚΗ ΕΡΕΥΝΑ,1,,ΥΠ,1,,
25610,5,ΚΟΙΝΩΝΙΚΗ ΠΟΛΙΤΙΚΗ: ΜΕΘΟΔΟΙ ΚΑΙ ΕΦΑΡΜΟΓΕΣ,MET,51Μ103,ΣΧΕΔΙΑΣΜΟΣ ΚΑΙ ΑΞΙΟΛΟΓΗΣΗ ΠΡΟΓΡΑΜΜΑΤΩΝ ΚΟΙΝΩΝΙΚΗΣ ΠΟΛΙΤΙΚΗΣ,1,,ΥΠ,1,,
25611,5,ΚΟΙΝΩΝΙΚΗ ΠΟΛΙΤΙΚΗ: ΜΕΘΟΔΟΙ ΚΑΙ ΕΦΑΡΜΟΓΕΣ,MET,51Μ104,ΘΕΩΡΙΕΣ ΑΓΟΡΑΣ ΕΡΓΑΣΙΑΣ,1,,ΕΥ,1,,
25612,5,ΚΟΙΝΩΝΙΚΗ ΠΟΛΙΤΙΚΗ: ΜΕΘΟΔΟΙ ΚΑΙ ΕΦΑΡΜΟΓΕΣ,MET,51Μ105,ΚΟΙΝΩΝΙΚΗ ΘΕΩΡΙΑ ΚΑΙ ΚΟΙΝΩΝΙΚΗ ΠΟΛΙΤΙΚΗ,1,,ΕΥ,1,,
25613,5,ΚΟΙΝΩΝΙΚΗ ΠΟΛΙΤΙΚΗ: ΜΕΘΟΔΟΙ ΚΑΙ ΕΦΑΡΜΟΓΕΣ,MET,51Μ106,ΣΤΑΤΙΣΤΙΚΕΣ ΜΕΘΟΔΟΙ ΣΤΗΝ ΚΟΙΝΩΝΙΚΗ ΕΡΕΥΝΑ ΙΙ,2,,ΥΠ,1,,
25614,5,ΚΟΙΝΩΝΙΚΗ ΠΟΛΙΤΙΚΗ: ΜΕΘΟΔΟΙ ΚΑΙ ΕΦΑΡΜΟΓΕΣ,MET,51Μ107,ΣΧΕΔΙΑΣΜΟΣ ΚΑΙ ΑΞΙΟΛΟΓΗΣΗ ΠΟΛΙΤΙΚΩΝ ΑΠΑΣΧΟΛΗΣΗΣ,2,,ΕΥ,1,,
25615,5,ΚΟΙΝΩΝΙΚΗ ΠΟΛΙΤΙΚΗ: ΜΕΘΟΔΟΙ ΚΑΙ ΕΦΑΡΜΟΓΕΣ,MET,51Μ108,"ΣΥΝΘΗΚΕΣ ΕΡΓΑΣΙΑΣ, ΟΡΓΑΝΩΣΗ ΤΗΣ ΕΡΓΑΣΙΑΣ ΚΑΙ ΝΕΕΣ ΤΕΧΝΟΛΟΓΙΕΣ",2,,ΕΥ,1,,
25616,5,ΚΟΙΝΩΝΙΚΗ ΠΟΛΙΤΙΚΗ: ΜΕΘΟΔΟΙ ΚΑΙ ΕΦΑΡΜΟΓΕΣ,MET,51Μ109,ΕΡΓΑΣΙΑΚΕΣ ΣΧΕΣΕΙΣ ΚΑΙ ΝΕΑ ΕΡΓΑΣΙΑΚΑ ΠΡΟΤΥΠΑ,2,,ΕΥ,1,,
25617,5,ΚΟΙΝΩΝΙΚΗ ΠΟΛΙΤΙΚΗ: ΜΕΘΟΔΟΙ ΚΑΙ ΕΦΑΡΜΟΓΕΣ,MET,51Μ110,ΜΕΤΑΝΑΣΤΕΥΣΗ ΚΑΙ ΕΡΓΑΣΙΑ,2,,ΕΥ,1,,
25618,5,ΚΟΙΝΩΝΙΚΗ ΠΟΛΙΤΙΚΗ: ΜΕΘΟΔΟΙ ΚΑΙ ΕΦΑΡΜΟΓΕΣ,MET,51Μ111,ΜΕΘΟΔΟΛΟΓΙΚΕΣ ΠΡΟΣΕΓΓΙΣΕΙΣ ΤΗΣ ΚΟΙΝΩΝΙΚΗΣ ΣΥΝΟΧΗΣ ΣΤΟΝ ΑΣΤΙΚΟ ΧΩΡΟ ΚΑΙ ΤΗΝ ΥΠΑΙΘΡΟ ΧΩΡΑ,2,,ΕΥ,1,,
25619,5,ΚΟΙΝΩΝΙΚΗ ΠΟΛΙΤΙΚΗ: ΜΕΘΟΔΟΙ ΚΑΙ ΕΦΑΡΜΟΓΕΣ,MET,51Μ112,ΠΛΗΘΥΣΜΟΣ ΚΑΙ ΚΟΙΝΩΝΙΚΗ ΠΟΛΙΤΙΚΗ : ΜΕΘΟΔΟΛΟΓΙΚΕΣ ΠΡΟΣΕΓΓΙΣΕΙΣ ΚΑΙ ΕΦΑΡΜΟΓΕΣ,2,,ΕΥ,1,,
25620,5,ΚΟΙΝΩΝΙΚΗ ΠΟΛΙΤΙΚΗ: ΜΕΘΟΔΟΙ ΚΑΙ ΕΦΑΡΜΟΓΕΣ,MET,51Μ113,ΣΧΕΔΙΑΣΜΟΣ ΚΑΙ ΑΞΙΟΛΟΓΗΣΗ ΤΩΝ ΠΟΛΙΤΙΚΩΝ ΙΣΟΤΗΤΑΣ ΤΩΝ ΦΥΛΩΝ,2,,ΕΥ,1,,
25621,5,ΚΟΙΝΩΝΙΚΗ ΠΟΛΙΤΙΚΗ: ΜΕΘΟΔΟΙ ΚΑΙ ΕΦΑΡΜΟΓΕΣ,MET,51Μ114,ΠΟΛΙΤΙΚΕΣ ΣΤΗΝ ΑΝΩΤΑΤΗ ΕΚΠΑΙΔΕΥΣΗ ΚΑΙ ΣΤΗΝ ΕΚΠΑΙΔΕΥΣΗ ΕΝΗΛΙΚΩΝ / ΔΙΑ ΒΙΟΥ ΜΑΘΗΣΗ,2,,ΕΥ,1,,
25622,9,ΕΦΗΡΜΟΣΜΕΝΩΝ ΟΙΚΟΝΟΜΙΚΩΝ KAI ΠΕΡΙΦΕΡΕΙΑΚΗΣ ΑΝΑΠΤΥΞΗΣ,MET,80Μ060,ΠΟΣΟΤΙΚΕΣ ΜΕΘΟΔΟΙ ΕΦΑΡΜΟΣΜΕΝΩΝ ΟΙΚΟΝΟΜΙΚΩΝ,1,2,ΥΠ,1,,
25623,9,ΕΦΗΡΜΟΣΜΕΝΩΝ ΟΙΚΟΝΟΜΙΚΩΝ KAI ΠΕΡΙΦΕΡΕΙΑΚΗΣ ΑΝΑΠΤΥΞΗΣ,MET,80Μ061,ΜΙΚΡΟΟΙΚΟΝΟΜΙΚΗ ΓΙΑ ΜΑΝΑΤΖΕΡ,1,2,ΥΠ,1,,
25624,9,ΕΦΗΡΜΟΣΜΕΝΩΝ ΟΙΚΟΝΟΜΙΚΩΝ KAI ΠΕΡΙΦΕΡΕΙΑΚΗΣ ΑΝΑΠΤΥΞΗΣ,MET,80Μ062,ΜΑΚΡΟΟΙΚΟΝΟΜΙΚΟ ΠΕΡΙΒΑΛΛΟΝ ΚΑΙ ΛΗΨΗ ΑΠΟΦΑΣΕΩΝ,1,2,ΥΠ,1,,
25625,9,ΕΦΗΡΜΟΣΜΕΝΩΝ ΟΙΚΟΝΟΜΙΚΩΝ KAI ΠΕΡΙΦΕΡΕΙΑΚΗΣ ΑΝΑΠΤΥΞΗΣ,MET,80Μ063,ΔΙΟΙΚΗΣΗ ΚΑΙ ΜΑΝΑΤΖΜΕΝΤ ΕΠΙΧΕΙΡΗΣΕΩΝ ΚΑΙ ΟΡΓΑΝΙΣΜΩΝ,1,2,ΥΠ,1,,
25626,9,ΕΦΗΡΜΟΣΜΕΝΩΝ ΟΙΚΟΝΟΜΙΚΩΝ KAI ΠΕΡΙΦΕΡΕΙΑΚΗΣ ΑΝΑΠΤΥΞΗΣ,MET,80Μ065,"ΕΦΗΡΜΟΣΜΕΝΗ ΟΙΚΟΝΟΜΕΤΡΙΑ ΓΙΑ ΟΙΚΟΝΟΜΙΚΑ, ΧΡΗΜΑΤΟΟΙΚΟΝΟΜΙΚΑ ΚΑΙ ΜΑΝΑΤΖΜΕΝΤ",2,2,ΕΥ,1,,
25627,9,ΕΦΗΡΜΟΣΜΕΝΩΝ ΟΙΚΟΝΟΜΙΚΩΝ KAI ΠΕΡΙΦΕΡΕΙΑΚΗΣ ΑΝΑΠΤΥΞΗΣ,MET,80Μ067,ΜΕΘΟΔΟΙ ΕΦΗΡΜΟΣΜΕΝΗΣ ΕΡΕΥΝΑΣ ΓΙΑ ΣΤΕΛΕΧΗ,2,2,ΕΥ,1,,
25628,9,ΕΦΗΡΜΟΣΜΕΝΩΝ ΟΙΚΟΝΟΜΙΚΩΝ KAI ΠΕΡΙΦΕΡΕΙΑΚΗΣ ΑΝΑΠΤΥΞΗΣ,MET,80Μ069,ΕΤΑΙΡΙΚΗ ΚΑΙ ΚΟΙΝΩΝΙΚΗ ΥΠΕΥΘΥΝΟΤΗΤΑ ΤΩΝ ΕΠΙΧΕΙΡΗΣΕΩΝ,2,2,ΕΥ,1,,
25629,9,ΕΦΗΡΜΟΣΜΕΝΩΝ ΟΙΚΟΝΟΜΙΚΩΝ KAI ΠΕΡΙΦΕΡΕΙΑΚΗΣ ΑΝΑΠΤΥΞΗΣ,MET,80Μ071,ΟΙΚΟΝΟΜΙΚΑ ΤΗΣ ΕΡΓΑΣΙΑΣ,2,2,ΕΥ,1,,
25630,9,ΕΦΗΡΜΟΣΜΕΝΩΝ ΟΙΚΟΝΟΜΙΚΩΝ KAI ΠΕΡΙΦΕΡΕΙΑΚΗΣ ΑΝΑΠΤΥΞΗΣ,MET,80Μ072,ΘΕΜΑΤΑ ΑΝΑΠΤΥΞΗΣ,2,2,ΕΥ,1,,
25631,9,ΕΦΗΡΜΟΣΜΕΝΩΝ ΟΙΚΟΝΟΜΙΚΩΝ KAI ΠΕΡΙΦΕΡΕΙΑΚΗΣ ΑΝΑΠΤΥΞΗΣ,MET,80Μ076,ΠΟΣΟΤΙΚΗ ΠΕΡΙΦΕΡΕΙΑΚΗ ΑΝΑΛΥΣΗ,1,2,ΥΠ,1,,
25632,9,ΕΦΗΡΜΟΣΜΕΝΩΝ ΟΙΚΟΝΟΜΙΚΩΝ KAI ΠΕΡΙΦΕΡΕΙΑΚΗΣ ΑΝΑΠΤΥΞΗΣ,MET,80Μ077,ΠΕΡΙΦΕΡΕΙΑΚΗ ΚΑΙ ΑΣΤΙΚΗ ΟΙΚΟΝΟΜΙΚΗ,1,2,ΥΠ,1,,
25633,9,ΕΦΗΡΜΟΣΜΕΝΩΝ ΟΙΚΟΝΟΜΙΚΩΝ KAI ΠΕΡΙΦΕΡΕΙΑΚΗΣ ΑΝΑΠΤΥΞΗΣ,MET,80Μ078,"ΠΕΡΙΦΕΡΕΙΑΚΟΣ ΠΡΟΓΡΑΜΜΑΤΙΣΜΟΣ: ΕΥΡΩΠΑΪΚΗ, ΕΘΝΙΚΗ, ΠΕΡΙΦΕΡΕΙΑΚΗ ΚΑΙ ΤΟΠΙΚΗ ΔΙΑΣΤΑΣΗ",1,2,ΥΠ,1,,
25634,9,ΕΦΗΡΜΟΣΜΕΝΩΝ ΟΙΚΟΝΟΜΙΚΩΝ KAI ΠΕΡΙΦΕΡΕΙΑΚΗΣ ΑΝΑΠΤΥΞΗΣ,MET,80Μ079,ΟΙΚΟΝΟΜΙΚΗ ΤΟΥ ΠΕΡΙΒΑΛΛΟΝΤΟΣ,1,2,ΥΠ,1,,
25635,9,ΕΦΗΡΜΟΣΜΕΝΩΝ ΟΙΚΟΝΟΜΙΚΩΝ KAI ΠΕΡΙΦΕΡΕΙΑΚΗΣ ΑΝΑΠΤΥΞΗΣ,MET,80Μ080,ΠΟΛΕΟΔΟΜΙΚΟΣ ΚΑΙ ΧΩΡΟΤΑΞΙΚΟΣ ΣΧΕΔΙΑΣΜΟΣ-PROJECT FINANCE,1,2,ΥΠ,1,,
25636,9,ΕΦΗΡΜΟΣΜΕΝΩΝ ΟΙΚΟΝΟΜΙΚΩΝ KAI ΠΕΡΙΦΕΡΕΙΑΚΗΣ ΑΝΑΠΤΥΞΗΣ,MET,80Μ081,ΑΡΧΕΣ ΚΑΤΑΣΚΕΥΩΝ ΚΑΙ ΤΕΧΝΙΚΑ ΖΗΤΗΜΑΤΑ ΤΟΥ ΚΑΤΑΣΚΕΥΑΣΤΙΚΟΥ ΚΛΑΔΟΥ - PROJECT MANAGEMENT,1,2,ΥΠ,1,,
25637,9,ΕΦΗΡΜΟΣΜΕΝΩΝ ΟΙΚΟΝΟΜΙΚΩΝ KAI ΠΕΡΙΦΕΡΕΙΑΚΗΣ ΑΝΑΠΤΥΞΗΣ,MET,80Μ082,ΔΙΟΙΚΗΣΗ ΚΑΙ ΑΞΙΟΛΟΓΗΣΗ ΠΕΡΙΦΕΡΕΙΑΚΩΝ ΠΡΟΓΡΑΜΜΑΤΩΝ ΚΑΙ ΕΡΓΩΝ,2,2,ΥΠ,1,,
25638,9,ΕΦΗΡΜΟΣΜΕΝΩΝ ΟΙΚΟΝΟΜΙΚΩΝ KAI ΠΕΡΙΦΕΡΕΙΑΚΗΣ ΑΝΑΠΤΥΞΗΣ,MET,80Μ083,ΓΕΩΓΡΑΦΙΚΑ ΣΥΣΤΗΜΑΤΑ ΠΛΗΡΟΦΟΡΙΩΝ,2,2,ΥΠ,1,,
25639,9,ΕΦΗΡΜΟΣΜΕΝΩΝ ΟΙΚΟΝΟΜΙΚΩΝ KAI ΠΕΡΙΦΕΡΕΙΑΚΗΣ ΑΝΑΠΤΥΞΗΣ,MET,80Μ084,ΟΡΓΑΝΩΣΗ ΚΑΙ ΟΙΚΟΝΟΜΙΚΑ ΤΗΣ ΑΥΤΟΔΙΟΙΚΗΣΗΣ,2,2,ΥΠ,1,,
25640,9,ΕΦΗΡΜΟΣΜΕΝΩΝ ΟΙΚΟΝΟΜΙΚΩΝ KAI ΠΕΡΙΦΕΡΕΙΑΚΗΣ ΑΝΑΠΤΥΞΗΣ,MET,80Μ085,ΕΙΔΙΚΑ ΘΕΜΑΤΑ ΠΕΡΙΦΕΡΕΙΑΚΗΣ ΠΟΛΙΤΙΚΗΣ,2,2,ΥΠ,1,,
25641,9,ΕΦΗΡΜΟΣΜΕΝΩΝ ΟΙΚΟΝΟΜΙΚΩΝ KAI ΠΕΡΙΦΕΡΕΙΑΚΗΣ ΑΝΑΠΤΥΞΗΣ,MET,80Μ086,ΑΡΧΕΣ ΕΚΤΙΜΗΤΙΚΗΣ,2,2,ΥΠ,1,,
25642,9,ΕΦΗΡΜΟΣΜΕΝΩΝ ΟΙΚΟΝΟΜΙΚΩΝ KAI ΠΕΡΙΦΕΡΕΙΑΚΗΣ ΑΝΑΠΤΥΞΗΣ,MET,80Μ087,ΔΙΟΙΚΗΣΗ ΑΚΙΝΗΤΗΣ ΠΕΡΙΟΥΣΙΑΣ,2,2,ΥΠ,1,,
25643,9,ΕΦΗΡΜΟΣΜΕΝΩΝ ΟΙΚΟΝΟΜΙΚΩΝ KAI ΠΕΡΙΦΕΡΕΙΑΚΗΣ ΑΝΑΠΤΥΞΗΣ,MET,80Μ088,ΧΡΗΜΑΤΟΟΙΚΟΝΟΜΙΚΗ ΑΝΑΛΥΣΗ ΚΑΙ ΦΟΡΟΛΟΓΙΑ,2,2,ΥΠ,1,,
25644,9,ΕΦΗΡΜΟΣΜΕΝΩΝ ΟΙΚΟΝΟΜΙΚΩΝ KAI ΠΕΡΙΦΕΡΕΙΑΚΗΣ ΑΝΑΠΤΥΞΗΣ,MET,80Μ089,ΑΓΟΡΕΣ ΚΕΦΑΛΑΙΟΥ ΚΑΙ ΑΚΙΝΗΤΩΝ,2,2,ΥΠ,1,,
25645,1,ΠΟΛΙΤΙΚΗΣ ΕΠΙΣΤΗΜΗΣ ΚΑΙ ΙΣΤΟΡΙΑΣ,ΠΡΟ,110001,ΠΟΛΙΤΙΚΗ ΕΠΙΣΤΗΜΗ Ι,1,3,ΥΠ,1,,
25646,1,ΠΟΛΙΤΙΚΗΣ ΕΠΙΣΤΗΜΗΣ ΚΑΙ ΙΣΤΟΡΙΑΣ,ΠΡΟ,110005,ΚΟΙΝΩΝΙΚΗ ΘΕΩΡΙΑ - ΕΙΣΑΓΩΓΗ,1,3,ΥΠ,1,,
25647,1,ΠΟΛΙΤΙΚΗΣ ΕΠΙΣΤΗΜΗΣ ΚΑΙ ΙΣΤΟΡΙΑΣ,ΠΡΟ,110008,ΠΟΛΙΤΙΚΗ ΕΠΙΣΤΗΜΗ ΙΙ,2,3,ΥΠ,1,,
25648,1,ΠΟΛΙΤΙΚΗΣ ΕΠΙΣΤΗΜΗΣ ΚΑΙ ΙΣΤΟΡΙΑΣ,ΠΡΟ,110011,ΠΟΛΙΤΙΚΗ ΟΙΚΟΝΟΜΙΑ - ΜΑΚΡΟ-ΟΙΚΟΝΟΜΙΚΗ ΘΕΩΡΙΑ ΚΑΙ ΠΟΛΙΤΙΚΗ - POLITICAL ECONOMY - MACROECONOMIC THEORY AND POLICY,1,3,ΕΥ,1,,
25649,1,ΠΟΛΙΤΙΚΗΣ ΕΠΙΣΤΗΜΗΣ ΚΑΙ ΙΣΤΟΡΙΑΣ,ΠΡΟ,110012,ΚΟΙΝΩΝΙΚΗ ΘΕΩΡΙΑ - ΜΑΡΞ ΚΑΙ ΒΕΜΠΕΡ,2,3,ΥΠ,1,,
25650,1,ΠΟΛΙΤΙΚΗΣ ΕΠΙΣΤΗΜΗΣ ΚΑΙ ΙΣΤΟΡΙΑΣ,ΠΡΟ,110018,"ΘΕΩΡΙΕΣ ΤΗΣ ΠΟΛΙΤΙΚΗΣ -ΧΟΜΠΣ, ΛΟΚ, ΡΟΥΣΣΩ",2,3,ΕΥ,1,,
25651,1,ΠΟΛΙΤΙΚΗΣ ΕΠΙΣΤΗΜΗΣ ΚΑΙ ΙΣΤΟΡΙΑΣ,ΠΡΟ,110021,ΝΕΩΤΕΡΗ ΕΥΡΩΠΑΪΚΗ ΙΣΤΟΡΙΑ -19ος αιών.,1,3,ΥΠ,1,,
25652,1,ΠΟΛΙΤΙΚΗΣ ΕΠΙΣΤΗΜΗΣ ΚΑΙ ΙΣΤΟΡΙΑΣ,ΠΡΟ,110029, ΚΟΙΝΩΝΙΚΗ ΘΕΩΡΙΑ - ΣΥΓΧΡΟΝΑ ΡΕΥΜΑΤΑ,3,3,ΥΠ,1,,
25653,1,ΠΟΛΙΤΙΚΗΣ ΕΠΙΣΤΗΜΗΣ ΚΑΙ ΙΣΤΟΡΙΑΣ,ΠΡΟ,110168,ΙΣΤΟΡΙΑ ΕΛΛΗΝΙΚΟΥ ΚΡΑΤΟΥΣ (19ος - 20ος αι.),2,3,ΥΠ,1,,
25654,1,ΠΟΛΙΤΙΚΗΣ ΕΠΙΣΤΗΜΗΣ ΚΑΙ ΙΣΤΟΡΙΑΣ,ΠΡΟ,110219,ΠΟΛΙΤΙΚΗ ΘΕΩΡΙΑ ΤΟΥ ΦΙΛΕΛΕΥΘΕΡΙΣΜΟΥ,5,3,ΕΕ,1,,
25655,1,ΠΟΛΙΤΙΚΗΣ ΕΠΙΣΤΗΜΗΣ ΚΑΙ ΙΣΤΟΡΙΑΣ,ΠΡΟ,110222,ΙΣΤΟΡΙΚΗ ΔΗΜΟΓΡΑΦΙΑ Ι - ΒΑΣΙΚΕΣ ΕΝΝΟΙΕΣ,1,3,ΕΥ,1,,
25656,1,ΠΟΛΙΤΙΚΗΣ ΕΠΙΣΤΗΜΗΣ ΚΑΙ ΙΣΤΟΡΙΑΣ,ΠΡΟ,110223,ΙΣΤΟΡΙΚΗ ΔΗΜΟΓΡΑΦΙΑ ΙΙ - ΜΕΘΟΔΟΛΟΓΙΑ ΚΑΙ ΕΦΑΡΜΟΓΕΣ,2,3,ΕΥ,1,,
25657,1,ΠΟΛΙΤΙΚΗΣ ΕΠΙΣΤΗΜΗΣ ΚΑΙ ΙΣΤΟΡΙΑΣ,ΠΡΟ,110248,ΣΥΝΤΑΓΜΑΤΙΚΑ ΔΙΚΑΙΩΜΑΤΑ,6,3,ΕΕ,1,,
25658,1,ΠΟΛΙΤΙΚΗΣ ΕΠΙΣΤΗΜΗΣ ΚΑΙ ΙΣΤΟΡΙΑΣ,ΠΡΟ,110300,ΙΣΤΟΡΙΚΕΣ ΣΧΟΛΕΣ ΚΑΙ ΜΕΘΟΔΟΙ Ι (ΕΥΡΩΠΑΪΚΗ ΚΑΙ ΕΛΛΗΝΙΚΗ ΙΣΤΟΡΙΟΓΡΑΦΙΑ),3,3,ΥΠ,1,,
25659,1,ΠΟΛΙΤΙΚΗΣ ΕΠΙΣΤΗΜΗΣ ΚΑΙ ΙΣΤΟΡΙΑΣ,ΠΡΟ,110307,ΟΘΩΜΑΝΙΚΗ ΙΣΤΟΡΙΑ,5,3,ΕΕ,1,,
25660,1,ΠΟΛΙΤΙΚΗΣ ΕΠΙΣΤΗΜΗΣ ΚΑΙ ΙΣΤΟΡΙΑΣ,ΠΡΟ,110308,ΔΗΜΟΚΡΑΤΙΑ ΚΑΙ ΑΝΤΙΠΡΟΣΩΠΕΥΣΗ.ΘΕΩΡΙΑ ΚΑΙ ΠΡΑΞΗ,5,3,ΕΕ,1,,
25661,1,ΠΟΛΙΤΙΚΗΣ ΕΠΙΣΤΗΜΗΣ ΚΑΙ ΙΣΤΟΡΙΑΣ,ΠΡΟ,110312,ΕΛΛΗΝΙΚΗ ΙΣΤΟΡΙΑ ΤΟΥ 20ου ΑΙΩΝΑ: Η ΔΕΚΑΕΤΙΑ 1940-1950,5,3,ΕΕ,1,,
25662,1,ΠΟΛΙΤΙΚΗΣ ΕΠΙΣΤΗΜΗΣ ΚΑΙ ΙΣΤΟΡΙΑΣ,ΠΡΟ,110322,ΙΣΤΟΡΙΚΕΣ ΣΧΟΛΕΣ ΚΑΙ ΜΕΘΟΔΟΙ ΙΙ (ΕΥΡΩΠΑΪΚΗ  ΚΑΙ ΕΛΛΗΝΙΚΗ ΙΣΤΟΡΙΟΓΡΑΦΙΑ),2,3,ΕΥ,1,,
25663,1,ΠΟΛΙΤΙΚΗΣ ΕΠΙΣΤΗΜΗΣ ΚΑΙ ΙΣΤΟΡΙΑΣ,ΠΡΟ,110343,ΕΙΣΑΓΩΓΗ ΣΤΗΝ ΕΚΛΟΓΙΚΗ ΚΟΙΝΩΝΙΟΛΟΓΙΑ,1,3,ΕΥ,1,,
25664,1,ΠΟΛΙΤΙΚΗΣ ΕΠΙΣΤΗΜΗΣ ΚΑΙ ΙΣΤΟΡΙΑΣ,ΠΡΟ,110355,ΕΛΛΗΝΙΚΗ ΣΥΝΤΑΓΜΑΤΙΚΗ ΙΣΤΟΡΙΑ,5,3,ΕΕ,1,,
25665,1,ΠΟΛΙΤΙΚΗΣ ΕΠΙΣΤΗΜΗΣ ΚΑΙ ΙΣΤΟΡΙΑΣ,ΠΡΟ,110357,ΔΙΕΘΝΕΙΣ ΣΧΕΣΕΙΣ: ΘΕΩΡΙΑ ΚΑΙ ΚΡΙΤΙΚΗ,5,3,ΕΕ,1,,
25666,1,ΠΟΛΙΤΙΚΗΣ ΕΠΙΣΤΗΜΗΣ ΚΑΙ ΙΣΤΟΡΙΑΣ,ΠΡΟ,110360,"STATISTICAL ANALYSES IN SOCIAL RESEARCH I: PRINCIPLES, METHODS AND COMPUTER APPLICATIONS",1,3,ΕΥ,1,,
25667,1,ΠΟΛΙΤΙΚΗΣ ΕΠΙΣΤΗΜΗΣ ΚΑΙ ΙΣΤΟΡΙΑΣ,ΠΡΟ,110369,ΠΟΛΙΤΙΚΗ ΦΙΛΟΣΟΦΙΑ - PHILOSOPHIE POLITIQUE,6,3,ΕΕ,1,,
25668,1,ΠΟΛΙΤΙΚΗΣ ΕΠΙΣΤΗΜΗΣ ΚΑΙ ΙΣΤΟΡΙΑΣ,ΠΡΟ,110376,ΙΔΕΟΛΟΓΙΑ ΚΑΙ ΤΥΠΟΣ (19ος - 20ος αιων.),2,3,ΕΥ,1,,
25669,1,ΠΟΛΙΤΙΚΗΣ ΕΠΙΣΤΗΜΗΣ ΚΑΙ ΙΣΤΟΡΙΑΣ,ΠΡΟ,110377,"ΣΤΑΤΙΣΤΙΚΕΣ ΑΝΑΛΥΣΕΙΣ ΣΤΗΝ  ΚΟΙΝΩΝΙΚΗ ΕΡΕΥΝΑ ΙΙ ΑΝΑΛΥΣΕΙΣ ΜΕΓΑΛΩΝ ΣΩΜΑΤΩΝ ΔΕΔΟΜΕΝΩΝ ΜΕ ΤΗ ΧΡΗΣΗ ΥΠΟΛΟΓΙΣΤΙΚΩΝ ΣΥΣΤΗΜΑΤΩΝ
",2,3,ΕΥ,1,,
25670,1,ΠΟΛΙΤΙΚΗΣ ΕΠΙΣΤΗΜΗΣ ΚΑΙ ΙΣΤΟΡΙΑΣ,ΠΡΟ,110382,"ΦΑΣΙΣΜΟΣ, ΝΑΖΙΣΜΟΣ : ΘΕΩΡΗΤΙΚΕΣ ΠΡΟΣΕΓΓΙΣΕΙΣ ΚΑΙ ΖΗΤΗΜΑΤΑ ΙΣΤΟΡΙΟΓΡΑΦΙΑΣ",6,3,ΕΕ,1,,
25671,1,ΠΟΛΙΤΙΚΗΣ ΕΠΙΣΤΗΜΗΣ ΚΑΙ ΙΣΤΟΡΙΑΣ,ΠΡΟ,110386,Η ΕΛΛΗΝΟ-ΤΟΥΡΚΙΚΗ ΔΙΕΝΕΞΗ - THE GREEK-TURKISH CONFLICT,6,3,ΕΕ,1,,
25672,1,ΠΟΛΙΤΙΚΗΣ ΕΠΙΣΤΗΜΗΣ ΚΑΙ ΙΣΤΟΡΙΑΣ,ΠΡΟ,110403,ΟΙΚΟΝΟΜΙΑ ΚΑΙ ΚΟΙΝΩΝΙΑ,2,3,ΥΠ,1,,
25673,1,ΠΟΛΙΤΙΚΗΣ ΕΠΙΣΤΗΜΗΣ ΚΑΙ ΙΣΤΟΡΙΑΣ,ΠΡΟ,110415,ΕΙΣΑΓΩΓΗ ΣΤΗΝ ΕΥΡΩΠΑΪΚΗ ΘΕΩΡΙΑ ΤΟΥ ΚΡΑΤΟΥΣ ΚΑΙ ΤΟΥ ΔΙΚΑΙΟΥ,1,3,ΥΠ,1,,
25674,1,ΠΟΛΙΤΙΚΗΣ ΕΠΙΣΤΗΜΗΣ ΚΑΙ ΙΣΤΟΡΙΑΣ,ΠΡΟ,110417,ΙΔΙΟΤΗΤΑ ΤΟΥ ΠΟΛΙΤΗ ΚΑΙ ΜΕΤΑΝΑΣΤΕΥΣΗ,6,3,ΕΕ,1,,
25675,1,ΠΟΛΙΤΙΚΗΣ ΕΠΙΣΤΗΜΗΣ ΚΑΙ ΙΣΤΟΡΙΑΣ,ΠΡΟ,110418,ΕΥΡΩΠΑΪΚΗ ΑΚΡΑ ΔΕΞΙΑ : ΘΕΩΡΙΑ - ΜΕΘΟΔΟΛΟΓΙΑ - ΣΥΓΚΡΙΤΙΚΗ ΑΝΑΛΥΣΗ,6,3,ΕΕ,1,,
25676,1,ΠΟΛΙΤΙΚΗΣ ΕΠΙΣΤΗΜΗΣ ΚΑΙ ΙΣΤΟΡΙΑΣ,ΠΡΟ,110426,ΑΛΒΑΝΙΚΗ ΙΣΤΟΡΙΑ ΚΑΙ ΠΟΛΙΤΙΣΜΟΣ,5,3,ΕΕ,1,,
25677,1,ΠΟΛΙΤΙΚΗΣ ΕΠΙΣΤΗΜΗΣ ΚΑΙ ΙΣΤΟΡΙΑΣ,ΠΡΟ,110428,ΜΕΙΟΝΟΤΗΤΕΣ ΣΤΗΝ ΕΥΡΩΠΗ,6,3,ΕΕ,1,,
25678,1,ΠΟΛΙΤΙΚΗΣ ΕΠΙΣΤΗΜΗΣ ΚΑΙ ΙΣΤΟΡΙΑΣ,ΠΡΟ,110429,ΕΙΣΑΓΩΓΗ ΣΤΗ ΣΥΓΚΡΙΤΙΚΗ ΠΟΛΙΤΙΚΗ,4,3,ΥΠ,1,,
25679,1,ΠΟΛΙΤΙΚΗΣ ΕΠΙΣΤΗΜΗΣ ΚΑΙ ΙΣΤΟΡΙΑΣ,ΠΡΟ,110430,Η ΕΞΕΛΙΞΗ ΤΗΣ ΔΙΕΘΝΟΥΣ ΚΟΙΝΩΝΙΑΣ,4,3,ΥΠ,1,,
25680,1,ΠΟΛΙΤΙΚΗΣ ΕΠΙΣΤΗΜΗΣ ΚΑΙ ΙΣΤΟΡΙΑΣ,ΠΡΟ,110433,ΕΛΛΗΝΙΚΗ ΟΙΚΟΝΟΜΙΑ,5,3,ΕΕ,1,,
25681,1,ΠΟΛΙΤΙΚΗΣ ΕΠΙΣΤΗΜΗΣ ΚΑΙ ΙΣΤΟΡΙΑΣ,ΠΡΟ,110436,ΣΥΓΧΡΟΝΗ ΕΛΛΗΝΙΚΗ ΠΟΛΙΤΙΚΗ Ι. ΟΙ ΠΟΛΙΤΙΚΕΣ ΕΞΕΛΙΞΕΙΣ 1950-2009.,1,3,ΕΥ,1,,
25682,1,ΠΟΛΙΤΙΚΗΣ ΕΠΙΣΤΗΜΗΣ ΚΑΙ ΙΣΤΟΡΙΑΣ,ΠΡΟ,110437,ΠΤΥΧΙΑΚΗ ΕΡΓΑΣΙΑ,8,6,ΕΕ,1,,
25683,1,ΠΟΛΙΤΙΚΗΣ ΕΠΙΣΤΗΜΗΣ ΚΑΙ ΙΣΤΟΡΙΑΣ,ΠΡΟ,110438,ΠΤΥΧΙΑΚΗ ΕΡΓΑΣΙΑ,7,6,ΕΕ,1,,
25684,1,ΠΟΛΙΤΙΚΗΣ ΕΠΙΣΤΗΜΗΣ ΚΑΙ ΙΣΤΟΡΙΑΣ,ΠΡΟ,110442,Η  ΕΛΛΗΝΙΚΗ ΕΞΩΤΕΡΙΚΗ ΠΟΛΙΤΙΚΗ (1830-1930),6,3,ΕΕ,1,,
25685,1,ΠΟΛΙΤΙΚΗΣ ΕΠΙΣΤΗΜΗΣ ΚΑΙ ΙΣΤΟΡΙΑΣ,ΠΡΟ,110444,"ΤΕΧΝΗ, ΕΛΕΥΘΕΡΙΑ, ΛΟΓΟΚΡΙΣΙΑ",5,3,ΕΕ,1,,
25686,1,ΠΟΛΙΤΙΚΗΣ ΕΠΙΣΤΗΜΗΣ ΚΑΙ ΙΣΤΟΡΙΑΣ,ΠΡΟ,110448,ΠΟΛΙΤΙΚΗ ΣΤΗΝ ΕΠΟΧΗ ΤΗΣ ΠΑΓΚΟΣΜΙΟΠΟΙΗΣΗΣ,6,3,ΕΕ,1,,
25687,1,ΠΟΛΙΤΙΚΗΣ ΕΠΙΣΤΗΜΗΣ ΚΑΙ ΙΣΤΟΡΙΑΣ,ΠΡΟ,110451,ΦΙΛΟΣΟΦΙΑ ΤΩΝ ΕΠΙΣΤΗΜΩΝ Ι - ΒΑΣΙΚΕΣ ΣΧΟΛΕΣ,5,3,ΕΕ,1,,
25688,1,ΠΟΛΙΤΙΚΗΣ ΕΠΙΣΤΗΜΗΣ ΚΑΙ ΙΣΤΟΡΙΑΣ,ΠΡΟ,110452,ΦΙΛΟΣΟΦΙΑ ΤΩΝ ΕΠΙΣΤΗΜΩΝ ΙΙ - ΟΙ ΕΝΑΛΛΑΚΤΙΚΕΣ ΘΕΩΡΙΕΣ,6,3,ΕΕ,1,,
25689,1,ΠΟΛΙΤΙΚΗΣ ΕΠΙΣΤΗΜΗΣ ΚΑΙ ΙΣΤΟΡΙΑΣ,ΠΡΟ,110453,ΠΑΡΟΙΚΙΑΚΟΣ ΕΛΛΗΝΙΣΜΟΣ,5,3,ΕΕ,1,,
25690,1,ΠΟΛΙΤΙΚΗΣ ΕΠΙΣΤΗΜΗΣ ΚΑΙ ΙΣΤΟΡΙΑΣ,ΠΡΟ,110454,ΕΥΕΡΓΕΤΙΣΜΟΣ ΤΗΣ ΕΛΛΗΝΙΚΗΣ ΔΙΑΣΠΟΡΑΣ,6,3,ΕΕ,1,,
25691,1,ΠΟΛΙΤΙΚΗΣ ΕΠΙΣΤΗΜΗΣ ΚΑΙ ΙΣΤΟΡΙΑΣ,ΠΡΟ,110455,ΔΗΜΟΣΙΑ ΠΟΛΙΤΙΚΗ,1,3,ΕΥ,1,,
25692,1,ΠΟΛΙΤΙΚΗΣ ΕΠΙΣΤΗΜΗΣ ΚΑΙ ΙΣΤΟΡΙΑΣ,ΠΡΟ,110456,ΔΙΕΘΝΗΣ ΔΙΑΚΥΒΕΡΝΗΣΗ ΚΑΙ ΔΙΕΘΝΕΙΣ ΟΡΓΑΝΙΣΜΟΙ,2,3,ΕΥ,1,,
25693,1,ΠΟΛΙΤΙΚΗΣ ΕΠΙΣΤΗΜΗΣ ΚΑΙ ΙΣΤΟΡΙΑΣ,ΠΡΟ,110461,ΕΥΡΩΠΑΪΚΗ ΕΝΩΣΗ ΚΑΙ ΔΗΜΟΣΙΑ ΠΟΛΙΤΙΚΗ,1,3,ΕΥ,1,,
25694,1,ΠΟΛΙΤΙΚΗΣ ΕΠΙΣΤΗΜΗΣ ΚΑΙ ΙΣΤΟΡΙΑΣ,ΠΡΟ,110463,ΠΡΑΚΤΙΚΗ ΑΣΚΗΣΗ Ι,7,3,ΕΕ,1,,
25695,1,ΠΟΛΙΤΙΚΗΣ ΕΠΙΣΤΗΜΗΣ ΚΑΙ ΙΣΤΟΡΙΑΣ,ΠΡΟ,110464,ΠΟΛΙΤΙΚΟΣ ΑΝΤΑΓΩΝΙΣΜΟΣ ΚΑΙ Μ.Μ.Ε. ΣΤΗΝ ΕΛΛΑΔΑ,2,3,ΕΥ,1,,
25696,1,ΠΟΛΙΤΙΚΗΣ ΕΠΙΣΤΗΜΗΣ ΚΑΙ ΙΣΤΟΡΙΑΣ,ΠΡΟ,110465,ΠΟΛΙΤΙΚΗ ΕΠΙΚΟΙΝΩΝΙΑ,1,3,ΕΥ,1,,
25697,1,ΠΟΛΙΤΙΚΗΣ ΕΠΙΣΤΗΜΗΣ ΚΑΙ ΙΣΤΟΡΙΑΣ,ΠΡΟ,110467, ΔΗΜΟΣΙΑ ΠΡΟΒΛΗΜΑΤΑ-ΚΡΑΤΙΚΕΣ ΠΟΛΙΤΙΚΕΣ,6,3,ΕΕ,1,,
25698,1,ΠΟΛΙΤΙΚΗΣ ΕΠΙΣΤΗΜΗΣ ΚΑΙ ΙΣΤΟΡΙΑΣ,ΠΡΟ,110470,ΠΡΑΚΤΙΚΗ ΑΣΚΗΣΗ ΙΙ,8,3,ΕΕ,1,,
25699,1,ΠΟΛΙΤΙΚΗΣ ΕΠΙΣΤΗΜΗΣ ΚΑΙ ΙΣΤΟΡΙΑΣ,ΠΡΟ,110472,"HISTORIOGRAPHY IN CRISIS? DEBATES, POLEMICS AND CONVERSATIONS",6,3,ΕΕ,1,,
25700,1,ΠΟΛΙΤΙΚΗΣ ΕΠΙΣΤΗΜΗΣ ΚΑΙ ΙΣΤΟΡΙΑΣ,ΠΡΟ,110473,ΣΥΓΧΡΟΝΗ ΕΥΡΩΠΑΪΚΗ ΙΣΤΟΡΙΑ (20ος ΑΙΩΝΑΣ),1,3,ΕΥ,1,,
25701,1,ΠΟΛΙΤΙΚΗΣ ΕΠΙΣΤΗΜΗΣ ΚΑΙ ΙΣΤΟΡΙΑΣ,ΠΡΟ,110474,INTERNATIONAL ETHICS AND WAR : A HISTORY,5,3,ΕΕ,1,,
25702,1,ΠΟΛΙΤΙΚΗΣ ΕΠΙΣΤΗΜΗΣ ΚΑΙ ΙΣΤΟΡΙΑΣ,ΠΡΟ,110477,ΝΕΩΤΕΡΗ ΒΑΛΚΑΝΙΚΗ ΙΣΤΟΡΙΑ Ι (18ος αι.εως 1878),1,3,ΕΥ,1,,
25703,1,ΠΟΛΙΤΙΚΗΣ ΕΠΙΣΤΗΜΗΣ ΚΑΙ ΙΣΤΟΡΙΑΣ,ΠΡΟ,110478,ΝΕΩΤΕΡΗ ΒΑΛΚΑΝΙΚΗ ΙΣΤΟΡΙΑ ΙΙ - (1878-1923),2,3,ΕΥ,1,,
25704,1,ΠΟΛΙΤΙΚΗΣ ΕΠΙΣΤΗΜΗΣ ΚΑΙ ΙΣΤΟΡΙΑΣ,ΠΡΟ,110480,ΙΣΤΟΡΙΑ ΤΩΝ ΕΥΡΩΠΑΪΚΩΝ ΜΕΤΑΝΑΣΤΕΥΣΕΩΝ (19ος - 20ος αι.) - (ΣΕ),5,3,ΣΕ,1,,
25705,1,ΠΟΛΙΤΙΚΗΣ ΕΠΙΣΤΗΜΗΣ ΚΑΙ ΙΣΤΟΡΙΑΣ,ΠΡΟ,110482,"ΣΥΓΧΡΟΝΟ ΣΥΝΔΙΚΑΛΙΣΤΙΚΟ ΚΙΝΗΜΑ: ΙΔΕΟΛΟΓΙΑ, ΠΟΛΙΤΙΚΕΣ, ΟΡΓΑΝΩΣΗ, ΘΕΣΜΟΙ",6,3,ΕΕ,1,,
25706,1,ΠΟΛΙΤΙΚΗΣ ΕΠΙΣΤΗΜΗΣ ΚΑΙ ΙΣΤΟΡΙΑΣ,ΠΡΟ,110483,ΚΟΙΝΩΝΙΚΟΙ ΜΕΤΑΣΧΗΜΑΤΙΣΜΟΙ ΣΤΗΝ ΕΥΡΩΠΗ (19ος-20ος αι.),6,3,ΕΕ,1,,
25707,1,ΠΟΛΙΤΙΚΗΣ ΕΠΙΣΤΗΜΗΣ ΚΑΙ ΙΣΤΟΡΙΑΣ,ΠΡΟ,110484,ΕΚΛΟΓΕΣ ΔΕΥΤΕΡΗΣ ΤΑΞΗΣ: ΕΥΡΩΕΚΛΟΓΕΣ - (ΣΕ),6,3,ΣΕ,1,,
25708,1,ΠΟΛΙΤΙΚΗΣ ΕΠΙΣΤΗΜΗΣ ΚΑΙ ΙΣΤΟΡΙΑΣ,ΠΡΟ,110487,ΓΕΩΓΡΑΦΙΚΑ ΠΛΗΡΟΦΟΡΙΑΚΑ ΣΥΣΤΗΜΑΤΑ ΣΤΙΣ ΚΟΙΝΩΝΙΚΕΣ ΕΠΙΣΤΗΜΕΣ  (ΣΕ),5,3,ΣΕ,1,,
25709,1,ΠΟΛΙΤΙΚΗΣ ΕΠΙΣΤΗΜΗΣ ΚΑΙ ΙΣΤΟΡΙΑΣ,ΠΡΟ,110488,ΘΕΩΡΙΕΣ ΤΗΣ ΠΟΛΙΤΙΚΗΣ - ΚΑΡΛ ΜΑΡΞ - (ΣΕ),5,3,ΣΕ,1,,
25710,1,ΠΟΛΙΤΙΚΗΣ ΕΠΙΣΤΗΜΗΣ ΚΑΙ ΙΣΤΟΡΙΑΣ,ΠΡΟ,110489,ΜΕΘΟΔΟΙ ΚΑΙ ΤΕΧΝΙΚΕΣ ΕΡΕΥΝΑΣ ΣΤΗΝ ΠΟΛΙΤΙΚΗ ΕΠΙΣΤΗΜΗ - (ΣΕ),5,3,ΣΕ,1,,
25711,1,ΠΟΛΙΤΙΚΗΣ ΕΠΙΣΤΗΜΗΣ ΚΑΙ ΙΣΤΟΡΙΑΣ,ΠΡΟ,110490,ΠΟΛΕΙΣ ΤΩΝ ΒΑΛΚΑΝΙΩΝ ΚΑΙ ΤΗΣ ΑΝΑΤΟΛΙΚΗΣ ΜΕΣΟΓΕΙΟΥ (15ος - 19ος ΑΙ.) - (ΣΕ),6,3,ΣΕ,1,,
25712,1,ΠΟΛΙΤΙΚΗΣ ΕΠΙΣΤΗΜΗΣ ΚΑΙ ΙΣΤΟΡΙΑΣ,ΠΡΟ,110491,ΕΙΔΙΚΑ ΘΕΜΑΤΑ ΝΕΟΤΕΡΗΣ ΕΛΛΗΝΙΚΗΣ ΙΣΤΟΡΙΑΣ - ΑΝΑΓΝΩΣΗ ΙΣΤΟΡΙΚΟΥ ΛΟΓΟΥ - (ΣΕ),6,3,ΣΕ,1,,
25713,1,ΠΟΛΙΤΙΚΗΣ ΕΠΙΣΤΗΜΗΣ ΚΑΙ ΙΣΤΟΡΙΑΣ,ΠΡΟ,110494,ΑΝΑΛΥΣΗ ΠΕΡΙΕΧΟΜΕΝΟΥ ΤΟΥ ΠΟΛΙΤΙΚΟΥ ΛΟΓΟΥ ΜΕ ΤΗ ΧΡΗΣΗ ΥΠΟΛΟΓΙΣΤΙΚΩΝ ΣΥΣΤΗΜΑΤΩΝ - (ΣΕ),6,3,ΣΕ,1,,
25714,1,ΠΟΛΙΤΙΚΗΣ ΕΠΙΣΤΗΜΗΣ ΚΑΙ ΙΣΤΟΡΙΑΣ,ΠΡΟ,110497,ΕΥΡΩΠΑΪΚΗ ΑΡΙΣΤΕΡΑ,5,3,ΕΕ,1,,
25715,1,ΠΟΛΙΤΙΚΗΣ ΕΠΙΣΤΗΜΗΣ ΚΑΙ ΙΣΤΟΡΙΑΣ,ΠΡΟ,110499,"ΙΣΤΟΡΙΑ, ΠΟΛΙΤΙΚΟ ΣΥΣΤΗΜΑ ΚΑΙ ΚΟΥΛΤΟΥΡΑ ΤΩΝ Η.Π.Α. (19ος-21ος αιώνας)",6,3,ΕΕ,1,,
25716,1,ΠΟΛΙΤΙΚΗΣ ΕΠΙΣΤΗΜΗΣ ΚΑΙ ΙΣΤΟΡΙΑΣ,ΠΡΟ,110501,"ΣΟΣΙΑΛΔΗΜΟΚΡΑΤΙΑ ΚΑΙ ΡΙΖΟΣΠΑΣΤΙΚΗ ΑΡΙΣΤΕΡΑ: ΙΣΤΟΡΙΚΗ ΠΡΟΣΕΓΓΙΣΗ, ΣΥΓΧΡΟΝΕΣ ΤΑΣΕΙΣ  (ΣΕ)",6,3,ΣΕ,1,,
25717,1,ΠΟΛΙΤΙΚΗΣ ΕΠΙΣΤΗΜΗΣ ΚΑΙ ΙΣΤΟΡΙΑΣ,ΠΡΟ,110506,"ΒΡΕΤΑΝΙΑ ΚΑΙ ΕΥΡΩΠΗ, 19ος-20ός αι.",6,3,ΕΕ,1,,
25718,1,ΠΟΛΙΤΙΚΗΣ ΕΠΙΣΤΗΜΗΣ ΚΑΙ ΙΣΤΟΡΙΑΣ,ΠΡΟ,110507,θΕΩΡΙΕΣ ΑΛΛΟΤΡΙΩΣΗΣ ΣΤΗ ΝΕΩΤΕΡΗ ΚΟΙΝΩΝΙΚΗ ΘΕΩΡΙΑ,5,3,ΕΕ,1,,
25719,1,ΠΟΛΙΤΙΚΗΣ ΕΠΙΣΤΗΜΗΣ ΚΑΙ ΙΣΤΟΡΙΑΣ,ΠΡΟ,110508,ΚΕΙΜΕΝΑ ΕΛΛΗΝΩΝ ΙΣΤΟΡΙΚΩΝ ΚΑΙ ΚΟΙΝΩΝΙΟΛΟΓΩΝ,5,3,ΣΕ,1,,
25720,1,ΠΟΛΙΤΙΚΗΣ ΕΠΙΣΤΗΜΗΣ ΚΑΙ ΙΣΤΟΡΙΑΣ,ΠΡΟ,110509,ΟΙ ΡΟΜΑ ΣΤΗΝ ΕΛΛΑΔΑ ΚΑΙ ΤΗΝ ΕΥΡΩΠΗ: ΙΣΤΟΡΙΑ ΚΑΙ ΠΟΛΙΤΙΚΕΣ ΤΟΝ 19ο-20ό αι.,6,3,ΕΕ,1,,
25721,2,"ΔΙΕΘΝΩΝ, ΕΥΡΩΠΑΪΚΩΝ ΚΑΙ ΠΕΡΙΦΕΡΕΙΑΚΩΝ ΣΠΟΥΔΩΝ",ΠΡΟ,120109,ΔΙΕΘΝΕΣ ΔΙΚΑΙΟ ΤΗΣ ΑΝΑΠΤΥΞΗΣ,6,3,ΕΥ,1,,
25722,2,"ΔΙΕΘΝΩΝ, ΕΥΡΩΠΑΪΚΩΝ ΚΑΙ ΠΕΡΙΦΕΡΕΙΑΚΩΝ ΣΠΟΥΔΩΝ",ΠΡΟ,120112,ΔΙΕΘΝΕΣ ΑΝΘΡΩΠΙΣΤΙΚΟ ΔΙΚΑΙΟ,5,3,ΥΠ,1,,
25723,2,"ΔΙΕΘΝΩΝ, ΕΥΡΩΠΑΪΚΩΝ ΚΑΙ ΠΕΡΙΦΕΡΕΙΑΚΩΝ ΣΠΟΥΔΩΝ",ΠΡΟ,120115,ΔΙΕΘΝΕΣ ΔΙΚΑΙΟ ΙΙΙ (ΔΙΚΑΙΟ ΤΗΣ ΘΑΛΑΣΣΑΣ),7,3,ΥΠ,1,,
25724,2,"ΔΙΕΘΝΩΝ, ΕΥΡΩΠΑΪΚΩΝ ΚΑΙ ΠΕΡΙΦΕΡΕΙΑΚΩΝ ΣΠΟΥΔΩΝ",ΠΡΟ,120125,ΠΟΛΙΤΙΚΕΣ ΤΗΣ ΕΥΡΩΠΑΙΚΗΣ ΕΝΩΣΗΣ ΙΙ:ΟΝΕ - ΕΝΙΑΙΟΣ ΧΡΗΜΑΤΟΠΙΣΤΩΤΙΚΟΣ ΧΩΡΟΣ,8,3,ΥΠ,1,,
25725,2,"ΔΙΕΘΝΩΝ, ΕΥΡΩΠΑΪΚΩΝ ΚΑΙ ΠΕΡΙΦΕΡΕΙΑΚΩΝ ΣΠΟΥΔΩΝ",ΠΡΟ,120132,ΔΙΕΘΝΕΣ ΔΙΚΑΙΟ ΤΟΥ ΠΕΡΙΒΑΛΛΟΝΤΟΣ ΚΑΙ ΜΕΣΟΓΕΙΟΣ,8,3,ΥΠ,1,,
25726,2,"ΔΙΕΘΝΩΝ, ΕΥΡΩΠΑΪΚΩΝ ΚΑΙ ΠΕΡΙΦΕΡΕΙΑΚΩΝ ΣΠΟΥΔΩΝ",ΠΡΟ,120211,ΣΤΡΑΤΗΓΙΚΕΣ ΣΠΟΥΔΕΣ,5,3,ΥΠ,1,,
25727,2,"ΔΙΕΘΝΩΝ, ΕΥΡΩΠΑΪΚΩΝ ΚΑΙ ΠΕΡΙΦΕΡΕΙΑΚΩΝ ΣΠΟΥΔΩΝ",ΠΡΟ,120254,ΔΙΕΘΝΗΣ ΠΡΟΣΤΑΣΙΑ ΠΕΡΙΒΑΛΛΟΝΤΟΣ,7,3,ΥΠ,1,,
25728,2,"ΔΙΕΘΝΩΝ, ΕΥΡΩΠΑΪΚΩΝ ΚΑΙ ΠΕΡΙΦΕΡΕΙΑΚΩΝ ΣΠΟΥΔΩΝ",ΠΡΟ,120262,ΙΔΙΩΤΙΚΟ ΔΙΕΘΝΕΣ ΔΙΚΑΙΟ,8,3,ΕΥ,1,,
25729,2,"ΔΙΕΘΝΩΝ, ΕΥΡΩΠΑΪΚΩΝ ΚΑΙ ΠΕΡΙΦΕΡΕΙΑΚΩΝ ΣΠΟΥΔΩΝ",ΠΡΟ,120280,ΕΥΡΩΠΑΪΚΟ ΔΙΚΑΙΟ,4,3,ΥΠ,1,,
25730,2,"ΔΙΕΘΝΩΝ, ΕΥΡΩΠΑΪΚΩΝ ΚΑΙ ΠΕΡΙΦΕΡΕΙΑΚΩΝ ΣΠΟΥΔΩΝ",ΠΡΟ,120286,"ΕΥΡΩΠΑΙΚΗ ΑΣΦΑΛΕΙΑ, ΑΜΥΝΑ ΚΑΙ ΠΟΛΙΤΙΚΗ ΕΝΟΠΟΙΗΣΗ",6,3,ΕΥ,1,,
25731,2,"ΔΙΕΘΝΩΝ, ΕΥΡΩΠΑΪΚΩΝ ΚΑΙ ΠΕΡΙΦΕΡΕΙΑΚΩΝ ΣΠΟΥΔΩΝ",ΠΡΟ,120287,ΔΙΕΘΝΕΣ ΔΙΚΑΙΟ IV (ΘΕΩΡΙΑ ΚΑΙ ΜΕΘΟΔΟΛΟΓΙΑ  ΔΙΕΘΝΟΥΣ ΔΙΚΑΙΟΥ),8,3,ΥΠ,1,,
25732,2,"ΔΙΕΘΝΩΝ, ΕΥΡΩΠΑΪΚΩΝ ΚΑΙ ΠΕΡΙΦΕΡΕΙΑΚΩΝ ΣΠΟΥΔΩΝ",ΠΡΟ,120302,ΕΙΣΑΓΩΓΗ ΣΤΟ  ΔΙΚΑΙΟ,1,3,ΥΠ,1,,
25733,2,"ΔΙΕΘΝΩΝ, ΕΥΡΩΠΑΪΚΩΝ ΚΑΙ ΠΕΡΙΦΕΡΕΙΑΚΩΝ ΣΠΟΥΔΩΝ",ΠΡΟ,120303,ΠΟΛΙΤΙΚΟΙ ΘΕΣΜΟΙ,1,3,ΥΠ,1,,
25734,2,"ΔΙΕΘΝΩΝ, ΕΥΡΩΠΑΪΚΩΝ ΚΑΙ ΠΕΡΙΦΕΡΕΙΑΚΩΝ ΣΠΟΥΔΩΝ",ΠΡΟ,120306,ΜΙΚΡΟΟΙΚΟΝΟΜΙΚΗ,1,3,ΥΠ,1,,
25735,2,"ΔΙΕΘΝΩΝ, ΕΥΡΩΠΑΪΚΩΝ ΚΑΙ ΠΕΡΙΦΕΡΕΙΑΚΩΝ ΣΠΟΥΔΩΝ",ΠΡΟ,120308,ΙΣΤΟΡΙΑ ΤΩΝ ΔΙΕΘΝΩΝ ΣΧΕΣΕΩΝ ΚΑΙ ΣΤΡΑΤΗΓΙΚΗΣ Ι,2,3,ΥΠ,1,,
25736,2,"ΔΙΕΘΝΩΝ, ΕΥΡΩΠΑΪΚΩΝ ΚΑΙ ΠΕΡΙΦΕΡΕΙΑΚΩΝ ΣΠΟΥΔΩΝ",ΠΡΟ,120309,ΔΙΕΘΝΕΙΣ ΣΧΕΣΕΙΣ Ι,2,3,ΥΠ,1,,
25737,2,"ΔΙΕΘΝΩΝ, ΕΥΡΩΠΑΪΚΩΝ ΚΑΙ ΠΕΡΙΦΕΡΕΙΑΚΩΝ ΣΠΟΥΔΩΝ",ΠΡΟ,120310,ΤΥΠΟΛΟΓΙΑ ΤΩΝ ΠΟΛΙΤΙΚΩΝ ΣΥΣΤΗΜΑΤΩΝ,2,3,ΥΠ,1,,
25738,2,"ΔΙΕΘΝΩΝ, ΕΥΡΩΠΑΪΚΩΝ ΚΑΙ ΠΕΡΙΦΕΡΕΙΑΚΩΝ ΣΠΟΥΔΩΝ",ΠΡΟ,120312,ΜΑΚΡΟΟΙΚΟΝΟΜΙΚΗ,2,3,ΥΠ,1,,
25739,2,"ΔΙΕΘΝΩΝ, ΕΥΡΩΠΑΪΚΩΝ ΚΑΙ ΠΕΡΙΦΕΡΕΙΑΚΩΝ ΣΠΟΥΔΩΝ",ΠΡΟ,120313,ΔΙΕΘΝΕΣ ΔΙΚΑΙΟ Ι,3,3,ΥΠ,1,,
25740,2,"ΔΙΕΘΝΩΝ, ΕΥΡΩΠΑΪΚΩΝ ΚΑΙ ΠΕΡΙΦΕΡΕΙΑΚΩΝ ΣΠΟΥΔΩΝ",ΠΡΟ,120315,ΘΕΩΡΙΑ ΚΑΙ ΔΙΚΑΙΟ ΤΩΝ ΔΙΕΘΝΩΝ ΟΡΓΑΝΙΣΜΩΝ,5,3,ΕΥ,1,,
25741,2,"ΔΙΕΘΝΩΝ, ΕΥΡΩΠΑΪΚΩΝ ΚΑΙ ΠΕΡΙΦΕΡΕΙΑΚΩΝ ΣΠΟΥΔΩΝ",ΠΡΟ,120316,ΙΣΤΟΡΙΑ ΤΩΝ ΔΙΕΘΝΩΝ ΣΧΕΣΕΩΝ ΚΑΙ ΣΤΡΑΤΗΓΙΚΗΣ  ΙΙ,7,3,ΥΠ,1,,
25742,2,"ΔΙΕΘΝΩΝ, ΕΥΡΩΠΑΪΚΩΝ ΚΑΙ ΠΕΡΙΦΕΡΕΙΑΚΩΝ ΣΠΟΥΔΩΝ",ΠΡΟ,120317,ΔΙΕΘΝΕΙΣ ΣΧΕΣΕΙΣ ΙΙ,3,3,ΥΠ,1,,
25743,2,"ΔΙΕΘΝΩΝ, ΕΥΡΩΠΑΪΚΩΝ ΚΑΙ ΠΕΡΙΦΕΡΕΙΑΚΩΝ ΣΠΟΥΔΩΝ",ΠΡΟ,120319,ΔΙΕΘΝΕΣ ΔΙΚΑΙΟ ΙΙ,4,3,ΥΠ,1,,
25744,2,"ΔΙΕΘΝΩΝ, ΕΥΡΩΠΑΪΚΩΝ ΚΑΙ ΠΕΡΙΦΕΡΕΙΑΚΩΝ ΣΠΟΥΔΩΝ",ΠΡΟ,120321,ΘΕΩΡΙΑ ΕΞΩΤΕΡΙΚΗΣ ΠΟΛΙΤΙΚΗΣ,4,3,ΥΠ,1,,
25745,2,"ΔΙΕΘΝΩΝ, ΕΥΡΩΠΑΪΚΩΝ ΚΑΙ ΠΕΡΙΦΕΡΕΙΑΚΩΝ ΣΠΟΥΔΩΝ",ΠΡΟ,120324,ΔΙΕΘΝΗΣ ΠΟΛΙΤΙΚΗ ΟΙΚΟΝΟΜΙΑ,4,3,ΥΠ,1,,
25746,2,"ΔΙΕΘΝΩΝ, ΕΥΡΩΠΑΪΚΩΝ ΚΑΙ ΠΕΡΙΦΕΡΕΙΑΚΩΝ ΣΠΟΥΔΩΝ",ΠΡΟ,120327,ΑΜΕΡΙΚΑΝΙΚΗ ΕΣΩΤΕΡΙΚΗ ΚΑΙ ΕΞΩΤΕΡΙΚΗ ΠΟΛΙΤΙΚΗ,6,3,ΥΠ,1,,
25747,2,"ΔΙΕΘΝΩΝ, ΕΥΡΩΠΑΪΚΩΝ ΚΑΙ ΠΕΡΙΦΕΡΕΙΑΚΩΝ ΣΠΟΥΔΩΝ",ΠΡΟ,120331,ΕΛΛΗΝΟΤΟΥΡΚΙΚΕΣ ΣΧΕΣΕΙΣ (ΑΠΟ ΤΗ ΛΩΖΑΝΗ ΩΣ ΣΗΜΕΡΑ),8,3,ΥΠ,1,,
25748,2,"ΔΙΕΘΝΩΝ, ΕΥΡΩΠΑΪΚΩΝ ΚΑΙ ΠΕΡΙΦΕΡΕΙΑΚΩΝ ΣΠΟΥΔΩΝ",ΠΡΟ,120332,ΕΥΡΩΠΑΪΚΗ ΟΙΚΟΝΟΜΙΚΗ ΟΛΟΚΛΗΡΩΣΗ,7,3,ΥΠ,1,,
25749,2,"ΔΙΕΘΝΩΝ, ΕΥΡΩΠΑΪΚΩΝ ΚΑΙ ΠΕΡΙΦΕΡΕΙΑΚΩΝ ΣΠΟΥΔΩΝ",ΠΡΟ,120335,ΙΣΤΟΡΙΑ ΔΟΜΗ ΚΑΙ ΛΕΙΤΟΥΡΓΙΑ ΤΗΣ ΕΥΡΩΠΑΪΚΗΣ ΕΝΩΣΗΣ,2,3,ΥΠ,1,,
25750,2,"ΔΙΕΘΝΩΝ, ΕΥΡΩΠΑΪΚΩΝ ΚΑΙ ΠΕΡΙΦΕΡΕΙΑΚΩΝ ΣΠΟΥΔΩΝ",ΠΡΟ,120341,ΕΙΔΙΚΑ ΘΕΜΑΤΑ ΔΙΕΘΝΩΝ ΣΧΕΣΕΩΝ,7,3,ΥΠ,1,,
25751,2,"ΔΙΕΘΝΩΝ, ΕΥΡΩΠΑΪΚΩΝ ΚΑΙ ΠΕΡΙΦΕΡΕΙΑΚΩΝ ΣΠΟΥΔΩΝ",ΠΡΟ,120343,ΕΙΣΑΓΩΓΗ ΣΤΗ ΔΙΕΘΝΗ ΠΟΛΙΤΙΚΗ ΚΑΙ ΤΟΥΣ ΔΙΕΘΝΕΙΣ ΘΕΣΜΟΥΣ,1,3,ΥΠ,1,,
25752,2,"ΔΙΕΘΝΩΝ, ΕΥΡΩΠΑΪΚΩΝ ΚΑΙ ΠΕΡΙΦΕΡΕΙΑΚΩΝ ΣΠΟΥΔΩΝ",ΠΡΟ,120344,ΕΙΣΑΓΩΓΗ ΣΤΙΣ ΜΕΘΟΔΟΥΣ ΤΩΝ ΚΟΙΝΩΝΙΚΩΝ ΕΠΙΣΤΗΜΩΝ (ΤΕΧΝΙΚΕΣ ΕΡΕΥΝΑΣ ΚΑΙ ΣΥΓΓΡΑΦΗΣ),1,3,ΥΠ,1,,
25753,2,"ΔΙΕΘΝΩΝ, ΕΥΡΩΠΑΪΚΩΝ ΚΑΙ ΠΕΡΙΦΕΡΕΙΑΚΩΝ ΣΠΟΥΔΩΝ",ΠΡΟ,120345,ΔΙΠΛΩΜΑΤΙΚΗ ΙΣΤΟΡΙΑ,2,3,ΥΠ,1,,
25754,2,"ΔΙΕΘΝΩΝ, ΕΥΡΩΠΑΪΚΩΝ ΚΑΙ ΠΕΡΙΦΕΡΕΙΑΚΩΝ ΣΠΟΥΔΩΝ",ΠΡΟ,120418,ΠΟΛΙΤΙΚΑ ΣΥΣΤΗΜΑΤΑ ΚΑΙ ΚΑΘΕΣΤΩΤΑ  ΣΤΗ ΜΕΣΗ ΑΝΑΤΟΛΗ,8,3,ΥΠ,1,,
25755,2,"ΔΙΕΘΝΩΝ, ΕΥΡΩΠΑΪΚΩΝ ΚΑΙ ΠΕΡΙΦΕΡΕΙΑΚΩΝ ΣΠΟΥΔΩΝ",ΠΡΟ,120426,ΒΑΛΚΑΝΙΚΗ ΑΣΦΑΛΕΙΑ & ΕΥΡΩΠΑΪΚΗ ΟΛΟΚΛΗΡΩΣΗ / BALKAN SECURITY AND EUROPEAN INTERGATION,7,3,ΥΠ,1,,
25756,2,"ΔΙΕΘΝΩΝ, ΕΥΡΩΠΑΪΚΩΝ ΚΑΙ ΠΕΡΙΦΕΡΕΙΑΚΩΝ ΣΠΟΥΔΩΝ",ΠΡΟ,120428,ΕΥΡΩΠΑΪΚΗ ΠΟΛΙΤΙΚΗ ΠΡΟΣΤΑΣΙΑΣ ΠΕΡΙΒΑΛΛΟΝΤΟΣ (JEAN MONNET),8,3,ΥΠ,1,,
25757,2,"ΔΙΕΘΝΩΝ, ΕΥΡΩΠΑΪΚΩΝ ΚΑΙ ΠΕΡΙΦΕΡΕΙΑΚΩΝ ΣΠΟΥΔΩΝ",ΠΡΟ,120430,ΕΥΡΩΠΑΪΚΗ ΠΟΛΙΤΙΚΗ ΑΣΥΛΟΥ ΚΑΙ ΜΕΤΑΝΑΣΤΕΥΤΙΚΗ ΠΟΛΙΤΙΚΗ,7,3,ΕΥ,1,,
25758,2,"ΔΙΕΘΝΩΝ, ΕΥΡΩΠΑΪΚΩΝ ΚΑΙ ΠΕΡΙΦΕΡΕΙΑΚΩΝ ΣΠΟΥΔΩΝ",ΠΡΟ,120431,ΔΙΕΘΝΕΙΣ ΚΑΙ ΕΥΡΩΠΑΪΚΕΣ ΔΡΑΣΕΙΣ ΓΙΑ ΤΗΝ ΙΣΟΤΗΤΑ ΤΩΝ ΦΥΛΩΝ,8,3,ΕΥ,1,,
25759,2,"ΔΙΕΘΝΩΝ, ΕΥΡΩΠΑΪΚΩΝ ΚΑΙ ΠΕΡΙΦΕΡΕΙΑΚΩΝ ΣΠΟΥΔΩΝ",ΠΡΟ,120432,ΔΙΕΘΝΗΣ ΧΡΗΜΑΤΟΟΙΚΟΝΟΜΙΚΗ,5,3,ΥΠ,1,,
25760,2,"ΔΙΕΘΝΩΝ, ΕΥΡΩΠΑΪΚΩΝ ΚΑΙ ΠΕΡΙΦΕΡΕΙΑΚΩΝ ΣΠΟΥΔΩΝ",ΠΡΟ,120435,ΔΙΑΧΕΙΡΙΣΗ ΚΡΙΣΕΩΝ ΚΑΙ ΠΟΛΥΜΕΡΗΣ ΔΙΠΛΩΜΑΤΙΑ,6,3,ΥΠ,1,,
25761,2,"ΔΙΕΘΝΩΝ, ΕΥΡΩΠΑΪΚΩΝ ΚΑΙ ΠΕΡΙΦΕΡΕΙΑΚΩΝ ΣΠΟΥΔΩΝ",ΠΡΟ,120438,ΕΛΛΗΝΙΚΟ ΠΟΛΙΤΙΚΟ ΣΥΣΤΗΜΑ,3,3,ΕΥ,1,,
25762,2,"ΔΙΕΘΝΩΝ, ΕΥΡΩΠΑΪΚΩΝ ΚΑΙ ΠΕΡΙΦΕΡΕΙΑΚΩΝ ΣΠΟΥΔΩΝ",ΠΡΟ,120443,ΤΟ ΦΥΛΟ ΣΤΙΣ ΔΙΕΘΝΕΙΣ ΣΠΟΥΔΕΣ/GENDER IN INTERNATIONAL RELATIONS,5,3,ΕΥ,1,,
25763,2,"ΔΙΕΘΝΩΝ, ΕΥΡΩΠΑΪΚΩΝ ΚΑΙ ΠΕΡΙΦΕΡΕΙΑΚΩΝ ΣΠΟΥΔΩΝ",ΠΡΟ,120444,ΠΟΛΙΤΙΚΗ ΙΣΤΟΡΙΑ ΤΩΝ ΒΑΛΚΑΝΙΚΩΝ ΛΑΩΝ,5,3,ΕΥ,1,,
25764,2,"ΔΙΕΘΝΩΝ, ΕΥΡΩΠΑΪΚΩΝ ΚΑΙ ΠΕΡΙΦΕΡΕΙΑΚΩΝ ΣΠΟΥΔΩΝ",ΠΡΟ,120445,ΜΕΘΟΔΟΛΟΓΙΑ ΣΥΓΚΡΙΤΙΚΗΣ ΠΟΛΙΤΙΚΗΣ,3,3,ΥΠ,1,,
25765,2,"ΔΙΕΘΝΩΝ, ΕΥΡΩΠΑΪΚΩΝ ΚΑΙ ΠΕΡΙΦΕΡΕΙΑΚΩΝ ΣΠΟΥΔΩΝ",ΠΡΟ,120448,"ΤΟΥΡΚΙΑ : ΚΟΙΝΩΝΙΚΗ ΣΥΓΚΡΟΤΗΣΗ, ΠΟΛΙΤΙΚΟ ΣΥΣΤΗΜΑ ΚΑΙ ΕΞΩΤΕΡΙΚΗ ΠΟΛΙΤΙΚΗ",4,3,ΕΥ,1,,
25766,2,"ΔΙΕΘΝΩΝ, ΕΥΡΩΠΑΪΚΩΝ ΚΑΙ ΠΕΡΙΦΕΡΕΙΑΚΩΝ ΣΠΟΥΔΩΝ",ΠΡΟ,120451,ΠΟΛΙΤΙΚΑ ΣΥΣΤΗΜΑΤΑ ΕΥΡΩΠΗΣ ΚΑΙ ΑΜΕΡΙΚΗΣ,4,3,ΕΥ,1,,
25767,2,"ΔΙΕΘΝΩΝ, ΕΥΡΩΠΑΪΚΩΝ ΚΑΙ ΠΕΡΙΦΕΡΕΙΑΚΩΝ ΣΠΟΥΔΩΝ",ΠΡΟ,120454,ΕΛΛΗΝΙΚΗ ΔΙΠΛΩΜΑΤΙΚΗ ΙΣΤΟΡΙΑ,4,3,ΕΥ,1,,
25768,2,"ΔΙΕΘΝΩΝ, ΕΥΡΩΠΑΪΚΩΝ ΚΑΙ ΠΕΡΙΦΕΡΕΙΑΚΩΝ ΣΠΟΥΔΩΝ",ΠΡΟ,120460,ΟΙΚΟΝΟΜΙΚΗ ΠΟΛΙΤΙΚΗ,7,3,ΥΠ,1,,
25769,2,"ΔΙΕΘΝΩΝ, ΕΥΡΩΠΑΪΚΩΝ ΚΑΙ ΠΕΡΙΦΕΡΕΙΑΚΩΝ ΣΠΟΥΔΩΝ",ΠΡΟ,120461,ΠΟΛΙΤΙΚΕΣ ΤΗΣ ΕΥΡΩΠΑΪΚΗΣ ΕΝΩΣΗΣ Ι: ΕΝΙΑΙΑ ΕΥΡΩΠΑΪΚΗ ΑΓΟΡΑ & ΣΥΝΟΔΕΥΤΙΚΕΣ ΠΟΛΙΤΙΚΕΣ,7,3,ΥΠ,1,,
25770,2,"ΔΙΕΘΝΩΝ, ΕΥΡΩΠΑΪΚΩΝ ΚΑΙ ΠΕΡΙΦΕΡΕΙΑΚΩΝ ΣΠΟΥΔΩΝ",ΠΡΟ,120462,ΕΥΡΩΠΑ'Ι'ΚΗ ΠΟΛΙΤΙΚΗ ΕΝΟΠΟΙΗΣΗ,8,3,ΥΠ,1,,
25771,2,"ΔΙΕΘΝΩΝ, ΕΥΡΩΠΑΪΚΩΝ ΚΑΙ ΠΕΡΙΦΕΡΕΙΑΚΩΝ ΣΠΟΥΔΩΝ",ΠΡΟ,120465,ΕΥΡΩΠΑΪΚΗ ΠΟΛΙΤΙΚΗ ΟΙΚΟΝΟΜΙΑ,8,3,ΥΠ,1,,
25772,2,"ΔΙΕΘΝΩΝ, ΕΥΡΩΠΑΪΚΩΝ ΚΑΙ ΠΕΡΙΦΕΡΕΙΑΚΩΝ ΣΠΟΥΔΩΝ",ΠΡΟ,120466,ΟΙ ΟΙΚΟΝΟΜΙΕΣ ΤΩΝ ΒΑΛΚΑΝΙΩΝ,8,3,ΥΠ,1,,
25773,2,"ΔΙΕΘΝΩΝ, ΕΥΡΩΠΑΪΚΩΝ ΚΑΙ ΠΕΡΙΦΕΡΕΙΑΚΩΝ ΣΠΟΥΔΩΝ",ΠΡΟ,120469,ΔΙΕΘΝΕΙΣ ΣΧΕΣΕΙΣ ΣΤΗΝ ΑΝΑΤΟΛΙΚΗ ΑΣΙΑ,8,3,ΥΠ,1,,
25774,2,"ΔΙΕΘΝΩΝ, ΕΥΡΩΠΑΪΚΩΝ ΚΑΙ ΠΕΡΙΦΕΡΕΙΑΚΩΝ ΣΠΟΥΔΩΝ",ΠΡΟ,120470,ΠΟΛΙΤΙΚΕΣ ΔΙΕΘΝΩΝ ΟΙΚΟΝΟΜΙΚΩΝ ΟΡΓΑΝΙΣΜΩΝ & ΟΙ ΣΥΧΡΟΝΕΣ ΤΑΣΕΙΣ ΣΤΗΝ ΠΑΓΚΟΣΜΙΑ ΟΙΚΟΝΟΜΙΑ,4,3,ΕΥ,1,,
25775,2,"ΔΙΕΘΝΩΝ, ΕΥΡΩΠΑΪΚΩΝ ΚΑΙ ΠΕΡΙΦΕΡΕΙΑΚΩΝ ΣΠΟΥΔΩΝ",ΠΡΟ,120473,ΣΤΟΙΧΕΙΑ Η/Υ,3,3,ΕΥ,1,,
25776,2,"ΔΙΕΘΝΩΝ, ΕΥΡΩΠΑΪΚΩΝ ΚΑΙ ΠΕΡΙΦΕΡΕΙΑΚΩΝ ΣΠΟΥΔΩΝ",ΠΡΟ,120474,ΣΤΟΙΧΕΙΑ Η/Υ ΙΙ,4,0,ΕΥ,1,,
25777,2,"ΔΙΕΘΝΩΝ, ΕΥΡΩΠΑΪΚΩΝ ΚΑΙ ΠΕΡΙΦΕΡΕΙΑΚΩΝ ΣΠΟΥΔΩΝ",ΠΡΟ,120476,Η ΓΕΩΓΡΑΦΙΑ ΣΤΙΣ ΔΙΕΘΝΕΙΣ ΣΠΟΥΔΕΣ,1,3,ΥΠ,1,,
25778,2,"ΔΙΕΘΝΩΝ, ΕΥΡΩΠΑΪΚΩΝ ΚΑΙ ΠΕΡΙΦΕΡΕΙΑΚΩΝ ΣΠΟΥΔΩΝ",ΠΡΟ,120478,ΠΟΣΟΤΙΚΕΣ ΚΑΙ ΠΟΙΟΤΙΚΕΣ ΜΕΘΟΔΟΙ ΣΤΙΣ ΚΟΙΝΩΝΙΚΕΣ ΕΠΙΣΤΗΜΕΣ,6,3,ΥΠ,1,,
25779,2,"ΔΙΕΘΝΩΝ, ΕΥΡΩΠΑΪΚΩΝ ΚΑΙ ΠΕΡΙΦΕΡΕΙΑΚΩΝ ΣΠΟΥΔΩΝ",ΠΡΟ,120479,ΘΕΩΡΙΑ ΚΑΙ ΤΕΧΝΙΚΗ ΤΩΝ ΔΙΑΠΡΑΓΜΑΤΕΥΣΕΩΝ ΓΙΑ ΤΗΝ ΕΠΙΤΕΥΞΗ ΔΙΕΘΝΩΝ ΣΥΜΦΩΝΙΩΝ,5,3,ΥΠ,1,,
25780,2,"ΔΙΕΘΝΩΝ, ΕΥΡΩΠΑΪΚΩΝ ΚΑΙ ΠΕΡΙΦΕΡΕΙΑΚΩΝ ΣΠΟΥΔΩΝ",ΠΡΟ,120481,ΣΤΟΙΧΕΙΑ Η/Υ IV,6,0,ΕΥ,1,,
25781,2,"ΔΙΕΘΝΩΝ, ΕΥΡΩΠΑΪΚΩΝ ΚΑΙ ΠΕΡΙΦΕΡΕΙΑΚΩΝ ΣΠΟΥΔΩΝ",ΠΡΟ,120484,ΘΕΩΡΙΑ ΔΙΕΘΝΩΝ ΟΙΚΟΝΟΜΙΚΩΝ ΣΧΕΣΕΩΝ,3,3,ΥΠ,1,,
25782,2,"ΔΙΕΘΝΩΝ, ΕΥΡΩΠΑΪΚΩΝ ΚΑΙ ΠΕΡΙΦΕΡΕΙΑΚΩΝ ΣΠΟΥΔΩΝ",ΠΡΟ,120485,ΔΙΕΘΝΗΣ ΠΡΟΣΤΑΣΙΑ ΔΙΚΑΙΩΜΑΤΩΝ ΤΟΥ ΑΝΘΡΩΠΟΥ,6,3,ΥΠ,1,,
25783,2,"ΔΙΕΘΝΩΝ, ΕΥΡΩΠΑΪΚΩΝ ΚΑΙ ΠΕΡΙΦΕΡΕΙΑΚΩΝ ΣΠΟΥΔΩΝ",ΠΡΟ,120486,"ΚΙΝΑ: ΚΡΑΤΟΣ, ΚΟΙΝΩΝΙΑ & ΒΙΩΣΙΜΗ ΔΙΑΚΥΒΕΡΝΗΣΗ",6,3,ΕΥ,1,,
25784,2,"ΔΙΕΘΝΩΝ, ΕΥΡΩΠΑΪΚΩΝ ΚΑΙ ΠΕΡΙΦΕΡΕΙΑΚΩΝ ΣΠΟΥΔΩΝ",ΠΡΟ,120487,ΔΙΕΘΝΗΣ ΔΙΚΑΙΟΣΥΝΗ,7,3,ΥΠ,1,,
25785,2,"ΔΙΕΘΝΩΝ, ΕΥΡΩΠΑΪΚΩΝ ΚΑΙ ΠΕΡΙΦΕΡΕΙΑΚΩΝ ΣΠΟΥΔΩΝ",ΠΡΟ,120488,ΜΕΙΟΝΟΤΗΤΕΣ - ΜΕΤΑΝΑΣΤΕΥΤΙΚΗ ΠΟΛΙΤΙΚΗ,7,3,ΕΥ,1,,
25786,2,"ΔΙΕΘΝΩΝ, ΕΥΡΩΠΑΪΚΩΝ ΚΑΙ ΠΕΡΙΦΕΡΕΙΑΚΩΝ ΣΠΟΥΔΩΝ",ΠΡΟ,120489,ΔΙΚΑΙΟ ΤΟΥ ΑΕΡΑ & ΤΟΥ ΔΙΑΣΤΗΜΑΤΟΣ,8,3,ΥΠ,1,,
25787,2,"ΔΙΕΘΝΩΝ, ΕΥΡΩΠΑΪΚΩΝ ΚΑΙ ΠΕΡΙΦΕΡΕΙΑΚΩΝ ΣΠΟΥΔΩΝ",ΠΡΟ,120491,ΕΥΡΩΠΑΪΚΟΣ ΣΥΝΤΑΓΜΑΤΙΚΟΣ ΠΟΛΙΤΙΣΜΟΣ,3,3,ΕΥ,1,,
25788,2,"ΔΙΕΘΝΩΝ, ΕΥΡΩΠΑΪΚΩΝ ΚΑΙ ΠΕΡΙΦΕΡΕΙΑΚΩΝ ΣΠΟΥΔΩΝ",ΠΡΟ,120492,ΔΙΕΘΝΗΣ ΣΥΝΕΡΓΑΣΙΑ ΣΕ ΠΟΙΝΙΚΕΣ ΥΠΟΘΕΣΕΙΣ,8,3,ΕΥ,1,,
25789,2,"ΔΙΕΘΝΩΝ, ΕΥΡΩΠΑΪΚΩΝ ΚΑΙ ΠΕΡΙΦΕΡΕΙΑΚΩΝ ΣΠΟΥΔΩΝ",ΠΡΟ,120493,ΔΗΜΟΣΙΑ ΟΙΚΟΝΟΜΙΚΗ,8,3,ΥΠ,1,,
25790,2,"ΔΙΕΘΝΩΝ, ΕΥΡΩΠΑΪΚΩΝ ΚΑΙ ΠΕΡΙΦΕΡΕΙΑΚΩΝ ΣΠΟΥΔΩΝ",ΠΡΟ,120494,ΘΡΗΣΚΕΙΑ ΚΑΙ ΔΙΕΘΝΗΣ ΠΟΛΙΤΙΚΗ,7,3,ΥΠ,1,,
25791,2,"ΔΙΕΘΝΩΝ, ΕΥΡΩΠΑΪΚΩΝ ΚΑΙ ΠΕΡΙΦΕΡΕΙΑΚΩΝ ΣΠΟΥΔΩΝ",ΠΡΟ,120500,ΖΗΤΗΜΑΤΑ ΕΛΛΗΝΙΚΗΣ ΟΙΚΟΝΟΜΙΑΣ,7,3,ΥΠ,1,,
25792,2,"ΔΙΕΘΝΩΝ, ΕΥΡΩΠΑΪΚΩΝ ΚΑΙ ΠΕΡΙΦΕΡΕΙΑΚΩΝ ΣΠΟΥΔΩΝ",ΠΡΟ,120502,SELECTED QUESTIONS OF PUBLIC INTERNATIONAL LAW,3,3,ΕΥ,1,,
25793,2,"ΔΙΕΘΝΩΝ, ΕΥΡΩΠΑΪΚΩΝ ΚΑΙ ΠΕΡΙΦΕΡΕΙΑΚΩΝ ΣΠΟΥΔΩΝ",ΠΡΟ,120503,ΓΛΩΣΣΑ ΕΙΔΙΚΟΤΗΤΑΣ ΑΓΓΛΙΚΩΝ ΣΤΙΣ ΔΙΕΘΝΕΙΣ  ΕΥΡΩΠΑΪΚΕΣ & ΠΕΡΙΦΕΡΕΙΑΚΕΣ ΣΠΟΥΔΕΣ,4,2,ΕΕ,1,,
25794,2,"ΔΙΕΘΝΩΝ, ΕΥΡΩΠΑΪΚΩΝ ΚΑΙ ΠΕΡΙΦΕΡΕΙΑΚΩΝ ΣΠΟΥΔΩΝ",ΠΡΟ,120504,ΓΛΩΣΣΑ ΕΙΔΙΚΟΤΗΤΑΣ ΓΑΛΛΙΚΩΝ ΣΤΙΣ ΔΙΕΘΝΕΙΣ  ΕΥΡΩΠΑΪΚΕΣ & ΠΕΡΙΦΕΡΕΙΑΚΕΣ ΣΠΟΥΔΕΣ,4,2,ΕΕ,1,,
25795,2,"ΔΙΕΘΝΩΝ, ΕΥΡΩΠΑΪΚΩΝ ΚΑΙ ΠΕΡΙΦΕΡΕΙΑΚΩΝ ΣΠΟΥΔΩΝ",ΠΡΟ,120505,ΓΛΩΣΣΑ ΕΙΔΙΚΟΤΗΤΑΣ ΙΤΑΛΙΚΩΝ ΣΤΙΣ ΔΙΕΘΝΕΙΣ  ΕΥΡΩΠΑΪΚΕΣ & ΠΕΡΙΦΕΡΕΙΑΚΕΣ ΣΠΟΥΔΕΣ,4,2,ΕΕ,1,,
25796,2,"ΔΙΕΘΝΩΝ, ΕΥΡΩΠΑΪΚΩΝ ΚΑΙ ΠΕΡΙΦΕΡΕΙΑΚΩΝ ΣΠΟΥΔΩΝ",ΠΡΟ,120507,SELECTED QUESTIONS OF E.U. INSTITUTIONAL AND SUBSTANTIVE LAW (ERASMUS STUDENTS),6,3,ΕΥ,1,,
25797,2,"ΔΙΕΘΝΩΝ, ΕΥΡΩΠΑΪΚΩΝ ΚΑΙ ΠΕΡΙΦΕΡΕΙΑΚΩΝ ΣΠΟΥΔΩΝ",ΠΡΟ,120508,ΕΞΩΤΕΡΙΚΗ ΠΟΛΙΤΙΚΗ ΤΩΝ ΜΕΓΑΛΩΝ ΕΥΡΩΠΑΪΚΩΝ ΔΥΝΑΜΕΩΝ,7,3,ΕΥ,1,,
25798,2,"ΔΙΕΘΝΩΝ, ΕΥΡΩΠΑΪΚΩΝ ΚΑΙ ΠΕΡΙΦΕΡΕΙΑΚΩΝ ΣΠΟΥΔΩΝ",ΠΡΟ,120509,ΕΙΔΙΚΑ ΘΕΜΑΤΑ ΔΙΕΘΝΩΝ ΟΙΚΟΝΟΜΙΚΩΝ ΣΧΕΣΕΩΝ,7,3,ΕΥ,1,,
25799,2,"ΔΙΕΘΝΩΝ, ΕΥΡΩΠΑΪΚΩΝ ΚΑΙ ΠΕΡΙΦΕΡΕΙΑΚΩΝ ΣΠΟΥΔΩΝ",ΠΡΟ,120510,ΠΟΣΟΤΙΚΕΣ & ΠΟΙΟΤΙΚΕΣ ΜΕΘΟΔΟΙ ΣΤΙΣ ΚΟΙΝΩΝΙΚΕΣ ΕΠΙΣΤΗΜΕΣ ΙΙ,8,3,ΕΥ,1,,
25800,2,"ΔΙΕΘΝΩΝ, ΕΥΡΩΠΑΪΚΩΝ ΚΑΙ ΠΕΡΙΦΕΡΕΙΑΚΩΝ ΣΠΟΥΔΩΝ",ΠΡΟ,120511,INTERNATIONAL RELATION IN EAST ASIA (ERASMUS STUDENTS),8,3,ΕΥ,1,,
25801,2,"ΔΙΕΘΝΩΝ, ΕΥΡΩΠΑΪΚΩΝ ΚΑΙ ΠΕΡΙΦΕΡΕΙΑΚΩΝ ΣΠΟΥΔΩΝ",ΠΡΟ,120512,"CRISES AND CHANGE IN SOUTHERN EUROPE, GREECE, ITALY, SPAIN, PORTUGAL",8,3,ΕΥ,1,,
25802,2,"ΔΙΕΘΝΩΝ, ΕΥΡΩΠΑΪΚΩΝ ΚΑΙ ΠΕΡΙΦΕΡΕΙΑΚΩΝ ΣΠΟΥΔΩΝ",ΠΡΟ,120513,ΕΥΡΩΑΤΛΑΝΤΙΚΕΣ ΣΧΕΣΕΙΣ,8,3,ΕΥ,1,,
25803,3,ΚΟΙΝΩΝΙΟΛΟΓΙΑΣ,ΠΡΟ,300012,ΑΡΧΕΣ ΚΟΙΝΩΝΙΟΛΟΓΙΑΣ Ι,1,3,ΥΠ,1,,
25804,3,ΚΟΙΝΩΝΙΟΛΟΓΙΑΣ,ΠΡΟ,300013,ΕΙΣΑΓΩΓΗ ΣΤΗΝ ΕΠΙΣΤΗΜΟΛΟΓΙΑ,3,3,ΥΠ,1,,
25805,3,ΚΟΙΝΩΝΙΟΛΟΓΙΑΣ,ΠΡΟ,300014,ΕΙΣΑΓΩΓΗ  ΣΤΗΝ  ΠΟΛΙΤΙΚΗ   ΟΙΚΟΝΟΜΙΑ Ι,1,3,ΥΠ,1,,
25806,3,ΚΟΙΝΩΝΙΟΛΟΓΙΑΣ,ΠΡΟ,300015,ΑΡΧΕΣ ΚΟΙΝΩΝΙΟΛΟΓΙΑΣ ΙΙ,2,3,ΥΠ,1,,
25807,3,ΚΟΙΝΩΝΙΟΛΟΓΙΑΣ,ΠΡΟ,300017,ΟΙΚΟΝΟΜΙΑ ΚΑΙ ΚΟΙΝΩΝΙΑ ΣΤΗΝ ΕΛΛΑΔΑ ΤΟΥ 19ου ΑΙ.,2,3,ΥΠ,1,,
25808,3,ΚΟΙΝΩΝΙΟΛΟΓΙΑΣ,ΠΡΟ,300019,ΕΓΚΛΗΜΑΤΟΛΟΓΙΚΕΣ ΠΡΟΣΕΓΓΙΣΕΙΣ ΤΟΥ ΠΟΙΝΙΚΟΥ ΔΙΚΑΙΟΥ ΚΑΙ ΤΩΝ ΘΕΣΜΩΝ ΠΟΙΝΙΚΗΣ ΔΙΚΑΙΟΣΥΝΗΣ Ι,5,3,ΕΥ,1,,
25809,3,ΚΟΙΝΩΝΙΟΛΟΓΙΑΣ,ΠΡΟ,300023,ΕΓΚΛΗΜΑΤΟΛΟΓΙΚΕΣ ΠΡΟΣΕΓΓΙΣΕΙΣ ΤΟΥ ΠΟΙΝΙΚΟΥ ΔΙΚΑΙΟΥ ΚΑΙ ΤΩΝ ΘΕΣΜΩΝ ΠΟΙΝΙΚΗΣ ΔΙΚΑΙΟΣΥΝΗΣ ΙΙ,6,3,ΕΥ,1,,
25810,3,ΚΟΙΝΩΝΙΟΛΟΓΙΑΣ,ΠΡΟ,300030,ΠΡΑΚΤΙΚΗ ΑΣΚΗΣΗ (ΓΚ),7,5,ΕΡΓ,1,,
25811,3,ΚΟΙΝΩΝΙΟΛΟΓΙΑΣ,ΠΡΟ,300032,ΠΡΑΚΤΙΚΗ ΑΣΚΗΣΗ (ΕΓΚ),7,5,ΕΡΓ,1,,
25812,3,ΚΟΙΝΩΝΙΟΛΟΓΙΑΣ,ΠΡΟ,300033,ΠΡΑΚΤΙΚΗ ΑΣΚΗΣΗ (ΝΚ),7,5,ΕΡΓ,1,,
25813,3,ΚΟΙΝΩΝΙΟΛΟΓΙΑΣ,ΠΡΟ,300034,ΠΡΑΚΤΙΚΗ ΑΣΚΗΣΗ (ΓΚ),8,5,ΕΡΓ,1,,
25814,3,ΚΟΙΝΩΝΙΟΛΟΓΙΑΣ,ΠΡΟ,300036,ΠΡΑΚΤΙΚΗ ΑΣΚΗΣΗ (ΕΓΚ),8,5,ΕΡΓ,1,,
25815,3,ΚΟΙΝΩΝΙΟΛΟΓΙΑΣ,ΠΡΟ,300037,ΠΡΑΚΤΙΚΗ ΑΣΚΗΣΗ (ΝΚ),8,5,ΕΡΓ,1,,
25816,3,ΚΟΙΝΩΝΙΟΛΟΓΙΑΣ,ΠΡΟ,300041,ΕΓΚΛΗΜΑΤΟΛΟΓΙΚΕΣ ΚΑΙ ΠΟΙΝΙΚΕΣ ΟΨΕΙΣ ΤΗΣ ΕΥΡΩΠΑΪΚΗΣ ΟΛΟΚΛΗΡΩΣΗΣ,8,3,ΣΕ,1,,
25817,3,ΚΟΙΝΩΝΙΟΛΟΓΙΑΣ,ΠΡΟ,300044,ΚΟΙΝΩΝΙΚΗ ΛΑΟΓΡΑΦΙΑ,6,3,ΕΥ,1,,
25818,3,ΚΟΙΝΩΝΙΟΛΟΓΙΑΣ,ΠΡΟ,300049,ΘΕΩΡΙΑ ΚΟΙΝΩΝΙΚΗΣ ΣΤΡΩΜΑΤΩΣΗΣ,2,3,ΥΠ,1,,
25819,3,ΚΟΙΝΩΝΙΟΛΟΓΙΑΣ,ΠΡΟ,300052,ΣΥΓΧΡΟΝΗ ΚΟΙΝΩΝΙΚΗ ΚΑΙ ΠΟΛΙΤΙΚΗ ΦΙΛΟΣΟΦΙΑ Ι,5,3,ΕΥ,1,,
25820,3,ΚΟΙΝΩΝΙΟΛΟΓΙΑΣ,ΠΡΟ,300055,Η ΣΥΓΚΡΟΤΗΣΗ ΤΩΝ ΕΛΛΗΝΙΚΩΝ ΠΟΛΕΩΝ,7,3,ΕΥ,1,,
25821,3,ΚΟΙΝΩΝΙΟΛΟΓΙΑΣ,ΠΡΟ,300057,ΣΥΓΧΡΟΝΗ ΚΟΙΝΩΝΙΚΗ ΚΑΙ ΠΟΛΙΤΙΚΗ ΦΙΛΟΣΟΦΙΑ ΙΙ,6,3,ΕΥ,1,,
25822,3,ΚΟΙΝΩΝΙΟΛΟΓΙΑΣ,ΠΡΟ,300071,ΣΤΡΑΤΙΩΤΙΚΑ -ΚΟΙΝΩΝΙΚΑ ΚΙΝΗΜΑΤΑ ΚΑΙ ΡΙΖΟΣΠΑΣΤΙΚΟΠΟΙΗΣΗ ΣΤΑ ΒΑΛΚΑΝΙΑ,6,3,ΕΥ,1,,
25823,3,ΚΟΙΝΩΝΙΟΛΟΓΙΑΣ,ΠΡΟ,300072,ΟΡΓΑΝΩΜΕΝΟ ΕΓΚΛΗΜΑ,6,3,ΕΥ,1,,
25824,3,ΚΟΙΝΩΝΙΟΛΟΓΙΑΣ,ΠΡΟ,300080,ΕΓΚΛΗΜΑΤΟΛΟΓΙΑ ΚΑΙ ΛΟΓΟΤΕΧΝΙΑ,7,3,ΣΕ,1,,
25825,3,ΚΟΙΝΩΝΙΟΛΟΓΙΑΣ,ΠΡΟ,300086,ΟΡΓΑΝΩΣΙΑΚΗ ΚΟΙΝΩΝΙΟΛΟΓΙΑ ΚΑΙ ΕΝΟΠΛΕΣ ΔΥΝΑΜΕΙΣ,5,3,ΕΥ,1,,
25826,3,ΚΟΙΝΩΝΙΟΛΟΓΙΑΣ,ΠΡΟ,300087,"Η ΕΛΛΑΔΑ ΣΤΑ ΧΡΟΝΙΑ 1940-1950, ΚΑΤΟΧΗ, ΑΝΤΙΣΤΑΣΗ, ΕΜΦΥΛΙΟΣ",7,3,ΣΕ,1,,
25827,3,ΚΟΙΝΩΝΙΟΛΟΓΙΑΣ,ΠΡΟ,300100,ΛΑΙΚΗ ΤΕΧΝΗ ΚΑΙ ΚΟΙΝΩΝΙΑ. ΘΕΜΑΤΑ ΛΟΓΟΤΕΧΝΙΑΣ ΚΑΙ ΚΙΝΗΜΑΤΟΓΡΑΦΟΥ,4,3,ΕΥ,1,,
25828,3,ΚΟΙΝΩΝΙΟΛΟΓΙΑΣ,ΠΡΟ,300110,ΘΕΜΑΤΑ ΟΙΚΟΛΟΓΙΚΗΣ ΦΙΛΟΣΟΦΙΑΣ,6,3,ΣΕ,1,,
25829,3,ΚΟΙΝΩΝΙΟΛΟΓΙΑΣ,ΠΡΟ,300116,ΦΥΛΟ ΚΑΙ ΣΥΓΧΡΟΝΗ ΚΟΙΝΩΝΙΚΗ ΘΕΩΡΙΑ,6,3,ΕΥ,1,,
25830,3,ΚΟΙΝΩΝΙΟΛΟΓΙΑΣ,ΠΡΟ,300117,ΠΑΓΚΟΣΜΙΟΠΟΙΗΣΗ ΚΑΙ ΚΟΙΝΩΝΙΚΗ ΠΡΟΣΤΑΣΙΑ,5,3,ΕΥ,1,,
25831,3,ΚΟΙΝΩΝΙΟΛΟΓΙΑΣ,ΠΡΟ,300118,ΚΟΙΝΩΝΙΚΕΣ ΑΝΑΠΑΡΑΣΤΑΣΕΙΣ ΤΟΥ ΦΥΛΟΥ ΣΤΑ Μ.Μ.Ε.,6,3,ΕΥ,1,,
25832,3,ΚΟΙΝΩΝΙΟΛΟΓΙΑΣ,ΠΡΟ,300119,ΚΟΙΝΩΝΙΑ ΚΑΙ ΥΓΕΙΑ - ΠΟΛΙΤΙΚΕΣ ΥΓΕΙΑΣ,6,3,ΕΥ,1,,
25833,3,ΚΟΙΝΩΝΙΟΛΟΓΙΑΣ,ΠΡΟ,300129,ΚΟΙΝΩΝΙΟΛΟΓΙΑ ΤΩΝ ΠΟΛΙΤΙΚΩΝ ΣΥΣΤΗΜΑΤΩΝ Ι : ΜΟΡΦΕΣ ΤΩΝ ΣΥΓΧΡΟΝΩΝ ΠΟΛΙΤΙΚΩΝ ΣΥΣΤΗΜΑΤΩΝ,7,3,ΕΥ,1,,
25834,3,ΚΟΙΝΩΝΙΟΛΟΓΙΑΣ,ΠΡΟ,300131,(ΜΕΤΑ)ΝΕΟΤΕΡΙΚΟΤΗΤΑ ΚΑΙ ΚΟΙΝΩΝΙΟΛΟΓΙΚΗ ΘΕΩΡΙΑ,5,3,ΕΥ,1,,
25835,3,ΚΟΙΝΩΝΙΟΛΟΓΙΑΣ,ΠΡΟ,300132,ΠΟΛΙΤΙΚΗ ΚΟΙΝΩΝΙΟΛΟΓΙΑ : ΣΥΓΧΡΟΝΕΣ ΘΕΩΡΙΕΣ ΓΙΑ ΤΗΝ ΕΞΟΥΣΙΑ ΚΑΙ ΤΗΝ ΠΟΛΙΤΙΚΗ ΝΟΜΙΜΟΠΟΙΗΣΗ,6,3,ΕΥ,1,,
25836,3,ΚΟΙΝΩΝΙΟΛΟΓΙΑΣ,ΠΡΟ,300133,ΚΟΙΝΩΝΙΟΛΟΓΙΑ ΤΩΝ ΠΟΛΙΤΙΚΩΝ ΣΥΣΤΗΜΑΤΩΝ ΙΙ: ΜΟΡΦΕΣ ΤΩΝ ΣΥΓΧΡΟΝΩΝ ΚΟΜΜΑΤΙΚΩΝ ΣΥΣΤΗΜΑΤΩΝ,8,3,ΕΥ,1,,
25837,3,ΚΟΙΝΩΝΙΟΛΟΓΙΑΣ,ΠΡΟ,300134,ΤΕΧΝΟΛΟΓΙΚΟΣ ΜΕΤΑΣΧΗΜΑΤΙΣΜΟΣ ΚΑΙ ΟΙΚΟΝΟΜΙΚΗ ΑΝΑΠΤΥΞΗ,6,3,ΕΥ,1,,
25838,3,ΚΟΙΝΩΝΙΟΛΟΓΙΑΣ,ΠΡΟ,300136,ΕΙΔΙΚΑ ΘΕΜΑΤΑ ΠΟΙΟΤΙΚΗΣ ΕΡΕΥΝΑΣ. ΠΡΟΣΕΓΓΙΣΕΙΣ ΣΤΗ ΛΟΓΟΤΕΧΝΙΑ ΚΑΙ ΣΤΟΝ ΚΙΝΗΜΑΤΟΓΡΑΦΟ,7,3,ΣΕ,1,,
25839,3,ΚΟΙΝΩΝΙΟΛΟΓΙΑΣ,ΠΡΟ,300142,ΝΑΡΚΩΤΙΚΑ ΝΟΜΟΘΕΣΙΑ ΚΑΙ ΠΟΛΙΤΙΚΕΣ,5,3,ΕΥ,1,,
25840,3,ΚΟΙΝΩΝΙΟΛΟΓΙΑΣ,ΠΡΟ,300145,ΚΟΙΝΩΝΙΚΕΣ ΑΝΙΣΟΤΗΤΕΣ Ι,5,3,ΕΥ,1,,
25841,3,ΚΟΙΝΩΝΙΟΛΟΓΙΑΣ,ΠΡΟ,300146,ΚΟΙΝΩΝΙΚΕΣ ΑΝΙΣΟΤΗΤΕΣ ΙΙ.  ΠΟΛΙΤΙΚΕΣ ΓΙΑ ΤΗΝ ΚΑΤΑΠΟΛΕΜΗΣΗ ΤΟΥ ΚΟΙΝΩΝΙΚΟΥ ΑΠΟΚΛΕΙΣΜΟΥ,6,3,ΕΥ,1,,
25842,3,ΚΟΙΝΩΝΙΟΛΟΓΙΑΣ,ΠΡΟ,300147,ΚΟΙΝΩΝΙΟΛΟΓΙΑ ΤΟΥ ΑΘΛΗΤΙΣΜΟΥ,8,3,ΕΥ,1,,
25843,3,ΚΟΙΝΩΝΙΟΛΟΓΙΑΣ,ΠΡΟ,300148,ΠΟΛΗ ΚΑΙ ΝΕΩΤΕΡΙΚΟΤΗΤΑ,4,3,ΕΥ,1,,
25844,3,ΚΟΙΝΩΝΙΟΛΟΓΙΑΣ,ΠΡΟ,300155,ΚΟΙΝΩΝΙΑ ΚΑΙ ΚΟΙΝΟΤΙΣΜΟΣ,6,3,ΕΥ,1,,
25845,3,ΚΟΙΝΩΝΙΟΛΟΓΙΑΣ,ΠΡΟ,300156,ΤΟΠΙΚΗ ΚΟΙΝΩΝΙΑ ΚΑΙ ΠΕΡΙΦΕΡΕΙΑΚΗ ΟΡΓΑΝΩΣΗ ΣΤΟ ΕΥΡΩΠΑΪΚΟ ΠΛΑΙΣΙΟ,6,3,ΕΥ,1,,
25846,3,ΚΟΙΝΩΝΙΟΛΟΓΙΑΣ,ΠΡΟ,300157,ΤΟΠΙΚΗ ΚΟΙΝΩΝΙΑ ΚΑΙ ΔΙΟΙΚΗΣΗ,5,3,ΕΥ,1,,
25847,3,ΚΟΙΝΩΝΙΟΛΟΓΙΑΣ,ΠΡΟ,300158,ΚΟΙΝΩΝΙΟΛΟΓΙΑ ΤΗΣ ΕΠΙΚΟΙΝΩΝΙΑΣ-ΕΠΙΚΟΙΝΩΝΙΑ ΣΤΗ ΣΥΓΧΡΟΝΗ ΚΑΘΗΜΕΡΙΝΗ ΖΩΗ,5,3,ΕΥ,1,,
25848,3,ΚΟΙΝΩΝΙΟΛΟΓΙΑΣ,ΠΡΟ,300159,ΑΓΓΛΙΚΗ ΓΛΩΣΣΑ ΕΙΔΙΚΟΤΗΤΑΣ Ι,5,3,ΣΕ,1,,
25849,3,ΚΟΙΝΩΝΙΟΛΟΓΙΑΣ,ΠΡΟ,300160,ΓΑΛΛΙΚΗ ΓΛΩΣΣΑ ΕΙΔΙΚΟΤΗΤΑΣ Ι,5,3,ΣΕ,1,,
25850,3,ΚΟΙΝΩΝΙΟΛΟΓΙΑΣ,ΠΡΟ,300161,ΤΟΠΙΚΗ ΚΟΙΝΩΝΙΑ ΕΥΡΩΠΑΪΚΗ ΟΛΟΚΛΗΡΩΣΗ ΚΑΙ ΜΕΙΟΝΟΤΗΤΕΣ,5,3,ΕΥ,1,,
25851,3,ΚΟΙΝΩΝΙΟΛΟΓΙΑΣ,ΠΡΟ,300162,ΑΝΑΠΑΡΑΣΤΑΣΕΙΣ ΚΑΙ ΣΥΜΒΟΛΙΣΜΟΙ ΤΗΣ ΚΑΘΗΜΕΡΙΝΗΣ ΖΩΗΣ (ΜΕΣΑ ΕΠΙΚΟΙΝΩΝΙΑΣ),6,3,ΕΥ,1,,
25852,3,ΚΟΙΝΩΝΙΟΛΟΓΙΑΣ,ΠΡΟ,300163,ΑΓΓΛΙΚΗ ΓΛΩΣΣΑ ΕΙΔΙΚΟΤΗΤΑΣ ΙΙ,6,3,ΣΕ,1,,
25853,3,ΚΟΙΝΩΝΙΟΛΟΓΙΑΣ,ΠΡΟ,300164,ΓΑΛΛΙΚΗ ΓΛΩΣΣΑ ΕΙΔΙΚΟΤΗΤΑΣ ΙΙ,6,3,ΣΕ,1,,
25854,3,ΚΟΙΝΩΝΙΟΛΟΓΙΑΣ,ΠΡΟ,300165,ΚΟΙΝΩΝΙΟΛΟΓΙΑ ΤΟΥ ΕΛΕΥΘΕΡΟΥ ΧΡΟΝΟΥ,7,3,ΕΥ,1,,
25855,3,ΚΟΙΝΩΝΙΟΛΟΓΙΑΣ,ΠΡΟ,300167,ΙΤΑΛΙΚΗ ΓΛΩΣΣΑ ΕΙΔΙΚΟΤΗΤΑΣ Ι,7,3,ΣΕ,1,,
25856,3,ΚΟΙΝΩΝΙΟΛΟΓΙΑΣ,ΠΡΟ,300168,ΟΙΚΟΝΟΜΙΚΟΣ ΚΑΙ ΚΟΙΝΩΝΙΚΟΣ ΜΕΤΑΣΧΗΜΑΤΙΣΜΟΣ ΣΤΗΝ ΑΝΑΤΟΛΙΚΗ ΕΥΡΩΠΗ,6,3,ΕΥ,1,,
25857,3,ΚΟΙΝΩΝΙΟΛΟΓΙΑΣ,ΠΡΟ,300171,ΕΙΣΑΓΩΓΗ ΣΤΗΝ ΚΟΙΝΩΝΙΟΛΟΓΙΑ ΤΟΥ ΣΥΓΧΡΟΝΟΥ ΦΑΝΤΑΣΙΑΚΟΥ,8,3,ΕΥ,1,,
25858,3,ΚΟΙΝΩΝΙΟΛΟΓΙΑΣ,ΠΡΟ,300173,ΙΤΑΛΙΚΗ ΓΛΩΣΣΑ ΕΙΔΙΚΟΤΗΤΑΣ ΙΙ,8,3,ΣΕ,1,,
25859,3,ΚΟΙΝΩΝΙΟΛΟΓΙΑΣ,ΠΡΟ,300174,ΣΥΓΚΡΟΤΗΣΗ ΤΗΣ ΣΥΓΧΡΟΝΗΣ ΕΛΛΗΝΙΚΗΣ ΔΙΑΝΟΗΣΗΣ ΙΙ,8,3,ΕΥ,1,,
25860,3,ΚΟΙΝΩΝΙΟΛΟΓΙΑΣ,ΠΡΟ,300175,ΦΙΛΟΣΟΦΙΑ ΤΗΣ ΙΣΤΟΡΙΑΣ,4,3,ΕΥ,1,,
25861,3,ΚΟΙΝΩΝΙΟΛΟΓΙΑΣ,ΠΡΟ,300176,ΕΓΚΛΗΜΑΤΙΚΟΤΗΤΑ ΚΑΙ ΚΟΙΝΩΝΙΚΟΣ ΕΛΕΓΧΟΣ ΑΝΗΛΙΚΩΝ,4,3,ΕΥ,1,,
25862,3,ΚΟΙΝΩΝΙΟΛΟΓΙΑΣ,ΠΡΟ,300177,ΟΙΚΟΝΟΜΙΚΗ ΚΑΙ ΚΟΙΝΩΝΙΚΗ ΑΝΑΠΤΥΞΗ ΣΤΑ ΒΑΛΚΑΝΙΑ ΚΑΙ Ο ΡΟΛΟΣ ΤΗΣ ΕΛΛΑΔΑΣ,7,3,ΕΥ,1,,
25863,3,ΚΟΙΝΩΝΙΟΛΟΓΙΑΣ,ΠΡΟ,300179,MARX. ΦΙΛΟΣΟΦΙΑ ΚΑΙ ΠΟΛΙΤΙΚΗ,7,3,ΕΥ,1,,
25864,3,ΚΟΙΝΩΝΙΟΛΟΓΙΑΣ,ΠΡΟ,300180,ΙΣΤΟΡΙΑ ΤΩΝ ΙΔΕΩΝ ΙΙ: ΜΑΡΞΙΣΜΟΣ,8,3,ΕΥ,1,,
25865,3,ΚΟΙΝΩΝΙΟΛΟΓΙΑΣ,ΠΡΟ,300181,ΟΙΚΟΝΟΜΙΚΗ ΕΓΚΛΗΜΑΤΙΚΟΤΗΤΑ ΙΙ. ΠΟΛΙΤΙΚΟΟΙΚΟΝΟΜΙΚΗ ΠΡΟΣΕΓΓΙΣΗ,8,3,ΕΥ,1,,
25866,3,ΚΟΙΝΩΝΙΟΛΟΓΙΑΣ,ΠΡΟ,300183,ΔΗΜΟΣΙΟΝΟΜΙΚΟΙ ΘΕΣΜΟΙ ΚΟΙΝΩΝΙΑ ΚΑΙ ΔΗΜΟΣΙΑ ΑΠΑΣΧΟΛΗΣΗ,4,3,ΕΥ,1,,
25867,3,ΚΟΙΝΩΝΙΟΛΟΓΙΑΣ,ΠΡΟ,300185,ΚΟΙΝΩΝΙΑ ΚΑΙ ΦΙΛΟΣΟΦΙΑ ΤΩΝ ΕΛΛΗΝΩΝ ΕΩΣ ΤΟΝ 15ο ΑΙΩΝΑ,8,3,ΕΥ,1,,
25868,3,ΚΟΙΝΩΝΙΟΛΟΓΙΑΣ,ΠΡΟ,300187,ΚΟΙΝΩΝΙΑ ΚΑΙ ΔΙΑΦΘΟΡΑ,4,3,ΕΥ,1,,
25869,3,ΚΟΙΝΩΝΙΟΛΟΓΙΑΣ,ΠΡΟ,300188,ΠΟΙΝΙΚΗ ΔΙΚΑΙΟΣΥΝΗ ΚΑΙ ΑΝΤΙΜΕΤΩΠΙΣΗ ΘΥΜΑΤΩΝ,5,3,ΕΥ,1,,
25870,3,ΚΟΙΝΩΝΙΟΛΟΓΙΑΣ,ΠΡΟ,300191,ΔΙΑΦΘΟΡΑ: ΟΨΕΙΣ ΚΑΙ ΕΚΔΗΛΩΣΕΙΣ ΣΤΗΝ ΕΛΛΗΝΙΚΗ ΚΟΙΝΩΝΙΑ ΚΑΙ ΟΙΚΟΝΟΜΙΑ,6,3,ΕΥ,1,,
25871,3,ΚΟΙΝΩΝΙΟΛΟΓΙΑΣ,ΠΡΟ,300195,ΕΙΔΙΚΑ ΘΕΜΑΤΑ ΒΙΑΙΗΣ ΕΓΚΛΗΜΑΤΙΚΟΤΗΤΑΣ: ΜΕΛΕΤΗ ΠΕΡΙΠΤΩΣΕΩΝ,8,3,ΣΕ,1,,
25872,3,ΚΟΙΝΩΝΙΟΛΟΓΙΑΣ,ΠΡΟ,300198,ΘΥΜΑΤΟΛΟΓΙΑ,7,3,ΣΕ,1,,
25873,3,ΚΟΙΝΩΝΙΟΛΟΓΙΑΣ,ΠΡΟ,300201,ΖΗΤΗΜΑΤΑ ΔΙΑΦΘΟΡΑΣ ΣΕ ΜΕΤΑΒΑΤΙΚΕΣ ΚΟΙΝΩΝΙΕΣ,7,3,ΕΥ,1,,
25874,3,ΚΟΙΝΩΝΙΟΛΟΓΙΑΣ,ΠΡΟ,300204,ΚΟΙΝΩΝΙΚΗ ΘΕΩΡΙΑ ΤΗΣ ΓΝΩΣΗΣ Ι,7,3,ΕΥ,1,,
25875,3,ΚΟΙΝΩΝΙΟΛΟΓΙΑΣ,ΠΡΟ,300205,ΘΕΜΑΤΑ ΚΟΙΝΩΝΙΚΗΣ ΘΕΩΡΙΑΣ ΤΗΣ ΓΝΩΣΗΣ,8,3,ΣΕ,1,,
25876,3,ΚΟΙΝΩΝΙΟΛΟΓΙΑΣ,ΠΡΟ,300206,ΑΤΟΜΙΚΑ ΚΑΙ ΚΟΙΝΩΝΙΚΑ ΔΙΚΑΙΩΜΑΤΑ,4,3,ΕΥ,1,,
25877,3,ΚΟΙΝΩΝΙΟΛΟΓΙΑΣ,ΠΡΟ,300207,ΣΥΓΧΡΟΝΑ ΠΟΛΙΤΙΚΑ ΣΥΣΤΗΜΑΤΑ ΔΙΑΚΥΒΕΡΝΗΣΗΣ,5,3,ΕΥ,1,,
25878,3,ΚΟΙΝΩΝΙΟΛΟΓΙΑΣ,ΠΡΟ,300208,"ΚΛΙΜΑΤΙΚΗ ΑΛΛΑΓΗ , ΒΙΩΣΙΜΗ ΑΝΑΠΤΥΞΗ ΚΑΙ ΠΡΑΣΙΝΗ ΟΙΚΟΝΟΜΙΑ",8,3,ΕΥ,1,,
25879,3,ΚΟΙΝΩΝΙΟΛΟΓΙΑΣ,ΠΡΟ,300209,ΚΟΙΝΩΝΙΚΗ ΘΕΩΡΙΑ ΤΗΣ ΓΝΩΣΗΣ ΙΙ,8,3,ΕΥ,1,,
25880,3,ΚΟΙΝΩΝΙΟΛΟΓΙΑΣ,ΠΡΟ,300211,ΚΟΙΝΩΝΙΑ ΚΑΙ ΔΙΑΔΙΚΤΥΟ : Η ΚΟΙΝΩΝΙΚΗ ΘΕΩΡΙΑ ΣΤΗΝ ΕΠΟΧΗ ΤΗΣ ΠΛΗΡΟΦΟΡΙΑΣ,7,3,ΕΥ,1,,
25881,3,ΚΟΙΝΩΝΙΟΛΟΓΙΑΣ,ΠΡΟ,300212,"ΒΙΟΛΟΓΙΑ, ΤΑΞΗ ΚΑΙ ΕΓΚΛΗΜΑ",7,3,ΕΥ,1,,
25882,3,ΚΟΙΝΩΝΙΟΛΟΓΙΑΣ,ΠΡΟ,300213,Η ΕΥΡΩΠΑΪΚΗ ΔΙΑΣΤΑΣΗ ΤΩΝ ΘΕΜΕΛΙΩΔΩΝ ΔΙΚΑΙΩΜΑΤΩΝ,8,3,ΕΥ,1,,
25883,3,ΚΟΙΝΩΝΙΟΛΟΓΙΑΣ,ΠΡΟ,300214,ΕΙΣΑΓΩΓΗ ΣΤΗΝ ΕΓΚΛΗΜΑΤΟΛΟΓΙΑ ΙΙ,4,3,ΥΠ,1,,
25884,3,ΚΟΙΝΩΝΙΟΛΟΓΙΑΣ,ΠΡΟ,300215,ΚΟΙΝΩΝΙΑ ΚΑΙ ΧΩΡΟΣ,3,3,ΕΥ,1,,
25885,3,ΚΟΙΝΩΝΙΟΛΟΓΙΑΣ,ΠΡΟ,300216,ΠΡΟΒΙΟΜΗΧΑΝΙΚΕΣ ΚΟΙΝΩΝΙΕΣ Ι,5,3,ΕΥ,1,,
25886,3,ΚΟΙΝΩΝΙΟΛΟΓΙΑΣ,ΠΡΟ,300218,ΠΡΟΒΙΟΜΗΧΑΝΙΚΕΣ ΚΟΙΝΩΝΙΕΣ ΙΙ,6,3,ΕΥ,1,,
25887,3,ΚΟΙΝΩΝΙΟΛΟΓΙΑΣ,ΠΡΟ,300219,ΦΥΛΟ ΚΑΙ ΣΕΞΟΥΑΛΙΚΟΤΗΤΕΣ,7,3,ΕΥ,1,,
25888,3,ΚΟΙΝΩΝΙΟΛΟΓΙΑΣ,ΠΡΟ,300221,ΟΙΚΟΝΟΜΙΕΣ ΤΟΥ ΑΡΧΑΙΟΥ ΚΟΣΜΟΥ,8,3,ΕΥ,1,,
25889,3,ΚΟΙΝΩΝΙΟΛΟΓΙΑΣ,ΠΡΟ,300223,ΤΡΑΓΟΥΔΩΝΤΑΣ ΣΤΗ ΦΥΛΑΚΗ :ΑΡΧΑΙΚΕΣ ΠΑΡΑΔΟΣΙΑΚΕΣ ΚΑΙ ΣΥΓΧΡΟΝΕΣ ΕΙΚΟΝΕΣ ΤΗΣ ΦΥΛΑΚΗΣ,8,3,ΣΕ,1,,
25890,3,ΚΟΙΝΩΝΙΟΛΟΓΙΑΣ,ΠΡΟ,300224,ΠΟΙΝΙΚΟ ΔΙΚΑΙΟ ΠΕΡΙΒΑΛΛΟΝΤΟΣ Ι,7,3,ΕΥ,1,,
25891,3,ΚΟΙΝΩΝΙΟΛΟΓΙΑΣ,ΠΡΟ,300225,ΠΟΙΝΙΚΗ ΠΡΟΣΤΑΣΙΑ ΤΟΥ ΚΑΤΑΝΑΛΩΤΗ,7,3,ΕΥ,1,,
25892,3,ΚΟΙΝΩΝΙΟΛΟΓΙΑΣ,ΠΡΟ,300226,ΠΟΙΝΙΚΟ ΔΙΚΑΙΟ ΠΕΡΙΒΑΛΛΟΝΤΟΣ ΙΙ,8,3,ΕΥ,1,,
25893,3,ΚΟΙΝΩΝΙΟΛΟΓΙΑΣ,ΠΡΟ,300227,ΕΓΚΛΗΜΑΤΑ ΠΟΥ ΣΥΝΔΕΟΝΤΑΙ ΜΕ ΠΡΟΣΒΟΛΕΣ ΤΟΥ ΠΟΛΙΤΕΥΜΑΤΟΣ ΚΑΙ ΕΓΚΛΗΜΑΤΑ ΚΑΤΑ ΤΗΣ ΠΟΛΙΤΕΙΑΚΗΣ ΕΞΟΥΣΙΑΣ,8,3,ΕΥ,1,,
25894,3,ΚΟΙΝΩΝΙΟΛΟΓΙΑΣ,ΠΡΟ,300228,ΕΓΚΛΗΜΑΤΑ ΔΙΑΦΘΟΡΑΣ,8,3,ΕΥ,1,,
25895,3,ΚΟΙΝΩΝΙΟΛΟΓΙΑΣ,ΠΡΟ,300604,ΕΙΣΑΓΩΓΗ ΣΤΗΝ ΕΓΚΛΗΜΑΤΟΛΟΓΙΑ Ι,1,3,ΥΠ,1,,
25896,3,ΚΟΙΝΩΝΙΟΛΟΓΙΑΣ,ΠΡΟ,300605,ΣΤΑΤΙΣΤΙΚΗ Ι :ΕΙΣΑΓΩΓΗ ΣΤΙΣ ΜΕΘΟΔΟΥΣ ΜΟΝΟΔΙΑΣΤΑΤΗΣ ΑΝΑΛΥΣΗΣ,1,4,ΥΠ,1,,
25897,3,ΚΟΙΝΩΝΙΟΛΟΓΙΑΣ,ΠΡΟ,300611,ΣΤΑΤΙΣΤΙΚΗ ΙΙ :ΕΙΣΑΓΩΓΗ ΣΤΙΣ ΜΕΘΟΔΟΥΣ ΔΙΣΔΙΑΣΤΑΤΗΣ ΚΑΙ ΠΟΛΥΔΙΑΣΤΑΤΗΣ ΑΝΑΛΥΣΗΣ,2,4,ΥΠ,1,,
25898,3,ΚΟΙΝΩΝΙΟΛΟΓΙΑΣ,ΠΡΟ,300613,ΚΟΙΝΩΝΙΚΗ ΘΕΩΡΙΑ Ι  (ΚΛΑΣΙΚΟΙ ΚΟΙΝΩΝΙΟΛΟΓΟΙ),3,3,ΥΠ,1,,
25899,3,ΚΟΙΝΩΝΙΟΛΟΓΙΑΣ,ΠΡΟ,300614,ΜΕΘΟΔΟΙ ΚΑΙ ΤΕΧΝΙΚΕΣ ΤΗΣ ΚΟΙΝΩΝΙΚΗΣ ΕΡΕΥΝΑΣ Ι - Η  ΠΟΣΟΤΙΚΗ  ΠΡΟΣΕΓΓΙΣΗ,4,3,ΥΠ,1,,
25900,3,ΚΟΙΝΩΝΙΟΛΟΓΙΑΣ,ΠΡΟ,300615,ΕΓΚΛΗΜΑΤΟΛΟΓΙΚΗ ΘΕΩΡΙΑ Ι,3,3,ΕΥ,1,,
25901,3,ΚΟΙΝΩΝΙΟΛΟΓΙΑΣ,ΠΡΟ,300618,ΣΥΓΧΡΟΝΗ ΚΟΙΝΩΝΙΚΗ ΘΕΩΡΙΑ,4,3,ΥΠ,1,,
25902,3,ΚΟΙΝΩΝΙΟΛΟΓΙΑΣ,ΠΡΟ,300619,ΜΕΘΟΔΟΙ ΚΑΙ ΤΕΧΝΙΚΕΣ ΤΗΣ ΚΟΙΝΩΝΙΚΗΣ ΕΡΕΥΝΑΣ ΙΙ -  Η  ΠΟΙΟΤΙΚΗ   ΠΡΟΣΕΓΓΙΣΗ,3,3,ΥΠ,1,,
25903,3,ΚΟΙΝΩΝΙΟΛΟΓΙΑΣ,ΠΡΟ,300622,ΕΙΣΑΓΩΓΗ ΣΤΗΝ ΚΟΙΝΩΝΙΚΗ ΑΝΘΡΩΠΟΛΟΓΙΑ,2,3,ΥΠ,1,,
25904,3,ΚΟΙΝΩΝΙΟΛΟΓΙΑΣ,ΠΡΟ,300630,ΚΟΙΝΩΝΙΟΛΟΓΙΑ ΤΗΣ ΑΝΑΠΤΥΞΗΣ,7,3,ΕΥ,1,,
25905,3,ΚΟΙΝΩΝΙΟΛΟΓΙΑΣ,ΠΡΟ,300632,ΟΙΚΟΝΟΜΙΑ ΚΑΙ ΚΟΙΝΩΝΙΑ ΣΤΗΝ ΕΛΛΑΔΑ ΤΟΥ 20ου ΑΙΩΝΑ Ι,4,3,ΥΠ,1,,
25906,3,ΚΟΙΝΩΝΙΟΛΟΓΙΑΣ,ΠΡΟ,300634,ΟΙΚΟΝΟΜΙΑ ΚΑΙ ΚΟΙΝΩΝΙΑ ΣΤΗΝ  ΕΛΛΑΔΑ ΤΟΥ 20ου ΑΙΩΝΑ ΙΙ,5,3,ΕΥ,1,,
25907,3,ΚΟΙΝΩΝΙΟΛΟΓΙΑΣ,ΠΡΟ,300635,ΔΙΔΑΚΤΙΚΗ ΤΗΣ ΚΟΙΝΩΝΙΟΛΟΓΙΑΣ - ΕΙΔΙΚΗ ΔΙΔΑΚΤΙΚΗ ΚΟΙΝΩΝΙΚΩΝ ΕΠΙΣΤΗΜΩΝ,7,3,ΕΥ,1,,
25908,3,ΚΟΙΝΩΝΙΟΛΟΓΙΑΣ,ΠΡΟ,300636,ΓΕΝΙΚΟ ΜΕΡΟΣ ΠΟΙΝΙΚΟΥ ΔΙΚΑΙΟΥ ΚΑΙ ΣΤΟΙΧΕΙΑ ΠΟΙΝΙΚΗΣ ΔΙΚΟΝΟΜΙΑΣ,3,3,ΕΥ,1,,
25909,3,ΚΟΙΝΩΝΙΟΛΟΓΙΑΣ,ΠΡΟ,300643,ΟΙΚΟΝΟΜΙΑ ΚΑΙ ΚΟΙΝΩΝΙΑ ΣΤΗ ΣΥΓΧΡΟΝΗ ΕΥΡΩΠΗ,3,2,ΥΠ,1,,
25910,3,ΚΟΙΝΩΝΙΟΛΟΓΙΑΣ,ΠΡΟ,300656,ΑΝΑΚΡΙΤΙΚΗ ΚΑΙ ΔΙΚΑΙΩΜΑΤΑ ΤΟΥ ΑΝΘΡΩΠΟΥ,6,3,ΕΥ,1,,
25911,3,ΚΟΙΝΩΝΙΟΛΟΓΙΑΣ,ΠΡΟ,300657,ΠΟΙΝΟΛΟΓΙΑ - ΣΩΦΡΟΝΙΣΤΙΚΗ,6,3,ΕΥ,1,,
25912,3,ΚΟΙΝΩΝΙΟΛΟΓΙΑΣ,ΠΡΟ,300670,ΚΟΙΝΩΝΙΟΛΟΓΙΑ ΤΟΥ ΠΑΓΚΟΣΜΙΟΥ ΣΥΣΤΗΜΑΤΟΣ,8,3,ΕΥ,1,,
25913,3,ΚΟΙΝΩΝΙΟΛΟΓΙΑΣ,ΠΡΟ,300677,ΣΥΓΚΡΙΤΙΚΕΣ ΚΑΙ ΙΣΤΟΡΙΚΕΣ ΜΕΘΟΔΟΙ ΣΤΗΝ ΚΟΙΝΩΝΙΟΛΟΓΙΑ,1,3,ΥΠ,1,,
25914,3,ΚΟΙΝΩΝΙΟΛΟΓΙΑΣ,ΠΡΟ,300680,ΙΣΤΟΡΙΑ ΕΓΚΛΗΜΑΤΟΛΟΓΙΚΩΝ ΘΕΩΡΙΩΝ,4,3,ΕΥ,1,,
25915,3,ΚΟΙΝΩΝΙΟΛΟΓΙΑΣ,ΠΡΟ,300684,ΚΟΙΝΩΝΙΚΗ ΘΕΩΡΙΑ ΙΙ (ΚΛΑΣΙΚΟΙ ΚΟΙΝΩΝΙΟΛΟΓΟΙ),4,3,ΥΠ,1,,
25916,3,ΚΟΙΝΩΝΙΟΛΟΓΙΑΣ,ΠΡΟ,300690,ΙΣΤΟΡΙΑ ΤΩΝ ΙΔΕΩΝ Ι : ΕΥΡΩΠΑ'Ι'ΚΟΣ ΔΙΑΦΩΤΙΣΜΟΣ,3,3,ΕΥ,1,,
25917,3,ΚΟΙΝΩΝΙΟΛΟΓΙΑΣ,ΠΡΟ,300692,ΣΥΓΚΡΟΤΗΣΗ ΤΗΣ ΣΥΓΧΡΟΝΗΣ ΕΛΛΗΝΙΚΗΣ ΔΙΑΝΟΗΣΗΣ Ι,5,3,ΕΥ,1,,
25918,3,ΚΟΙΝΩΝΙΟΛΟΓΙΑΣ,ΠΡΟ,300706,ΣΥΓΚΡΙΤΙΚΗ ΕΓΚΛΗΜΑΤΟΛΟΓΙΑ,5,3,ΕΥ,1,,
25919,3,ΚΟΙΝΩΝΙΟΛΟΓΙΑΣ,ΠΡΟ,300708,ΚΟΙΝΩΝΙΟΛΟΓΙΑ ΤΗΣ ΕΚΠΑΙΔΕΥΣΗΣ Ι,5,3,ΕΥ,1,,
25920,3,ΚΟΙΝΩΝΙΟΛΟΓΙΑΣ,ΠΡΟ,300718,ΣΥΓΧΡΟΝΗ ΕΛΛΗΝΙΚΗ ΚΟΙΝΩΝΙΑ: ΣΧΗΜΑΤΙΣΜΟΣ ΤΩΝ ΔΟΜΩΝ Ι,2,3,ΥΠ,1,,
25921,3,ΚΟΙΝΩΝΙΟΛΟΓΙΑΣ,ΠΡΟ,300719,ΣΥΓΧΡΟΝΗ ΕΛΛΗΝΙΚΗ ΚΟΙΝΩΝΙΑ: ΣΧΗΜΑΤΙΣΜΟΣ ΤΩΝ ΔΟΜΩΝ ΙΙ,3,3,ΕΥ,1,,
25922,3,ΚΟΙΝΩΝΙΟΛΟΓΙΑΣ,ΠΡΟ,300723,ΚΡΙΤΙΚΗ ΕΓΚΛΗΜΑΤΟΛΟΓΙΑ,5,3,ΕΥ,1,,
25923,3,ΚΟΙΝΩΝΙΟΛΟΓΙΑΣ,ΠΡΟ,300728,ΣΤΑΤΙΣΤΙΚΗ ΙΙΙ :ΠΡΟΧΩΡΗΜΕΝΕΣ ΜΕΘΟΔΟΙ ΑΝΑΛΥΣΗΣ ΔΕΔΟΜΕΝΩΝ ΜΕ ΤΗ ΧΡΗΣΗ ΣΤΑΤΙΣΤΙΚΩΝ ΠΑΚΕΤΩΝ Η/Υ,3,3,ΕΥ,1,,
25924,3,ΚΟΙΝΩΝΙΟΛΟΓΙΑΣ,ΠΡΟ,300744,ΘΕΩΡΙΑ ΤΗΣ ΕΛΛΗΝΙΚΗΣ ΚΟΙΝΩΝΙΚΗΣ ΔΟΜΗΣ : ΣΥΓΧΡΟΝΟΙ ΔΙΑΛΟΓΟΙ ΚΑΙ ΜΕΤΑΝΑΣΤΕΥΣΗ,3,3,ΕΥ,1,,
25925,3,ΚΟΙΝΩΝΙΟΛΟΓΙΑΣ,ΠΡΟ,300748,ΕΥΡΩΠΑΪΚΗ ΚΟΙΝΩΝΙΚΗ ΠΟΛΙΤΙΚΗ,6,3,ΕΥ,1,,
25926,3,ΚΟΙΝΩΝΙΟΛΟΓΙΑΣ,ΠΡΟ,300749,ΘΕΩΡΙΑ ΤΩΝ ΚΟΙΝΩΝΙΚΩΝ ΤΑΞΕΩΝ ΙΙ : ΣΥΓΧΡΟΝΑ ΡΕΥΜΑΤΑ,5,3,ΕΥ,1,,
25927,3,ΚΟΙΝΩΝΙΟΛΟΓΙΑΣ,ΠΡΟ,300750,ΚΟΙΝΩΝΙΚΗ ΠΟΛΙΤΙΚΗ,3,3,ΥΠ,1,,
25928,3,ΚΟΙΝΩΝΙΟΛΟΓΙΑΣ,ΠΡΟ,300754,ΚΟΙΝΩΝΙΟΛΟΓΙΑ ΤΗΣ ΕΚΠΑΙΔΕΥΣΗΣ ΙΙ,6,3,ΕΥ,1,,
25929,3,ΚΟΙΝΩΝΙΟΛΟΓΙΑΣ,ΠΡΟ,300755,ΚΟΙΝΩΝΙΟΛΟΓΙΑ ΤΗΣ ΘΡΗΣΚΕΙΑΣ Ι: ΘΕΩΡΗΤΙΚΑ ΡΕΥΜΑΤΑ ΚΑΙ ΣΥΓΓΡΑΦΕΙΣ,5,3,ΕΥ,1,,
25930,3,ΚΟΙΝΩΝΙΟΛΟΓΙΑΣ,ΠΡΟ,300756,ΚΟΙΝΩΝΙΟΛΟΓΙΑ ΤΗΣ ΘΡΗΣΚΕΙΑΣ ΙΙ: ΚΡΑΤΟΣ ΚΑΙ ΕΚΚΛΗΣΙΑ ΣΤΗ ΣΥΓΧΡΟΝΗ ΕΛΛΗΝΙΚΗ ΚΟΙΝΩΝΙΑ,6,3,ΕΥ,1,,
25931,3,ΚΟΙΝΩΝΙΟΛΟΓΙΑΣ,ΠΡΟ,300763,ΙΣΛΑΜ ΚΑΙ ΡΙΖΟΣΠΑΣΤΙΚΟΠΟΙΗΣΗ ΣΕ ΝΟΤΙΟΑΝΑΤΟΛΙΚΗ ΕΥΡΩΠΗ ΚΑΙ ΕΥΡΩΠΑΙΚΗ ΕΝΩΣΗ,8,3,ΕΥ,1,,
25932,3,ΚΟΙΝΩΝΙΟΛΟΓΙΑΣ,ΠΡΟ,300765,Η ΕΓΚΛΗΜΑΤΟΛΟΓΙΚΗ ΣΥΜΒΟΛΗ ΤΩΝ ΔΙΕΘΝΩΝ ΟΡΓΑΝΙΣΜΩΝ,7,3,ΕΥ,1,,
25933,3,ΚΟΙΝΩΝΙΟΛΟΓΙΑΣ,ΠΡΟ,300773,ΕΓΚΛΗΜΑΤΟΛΟΓΙΚΗ ΘΕΩΡΙΑ ΙΙ: ΘΕΩΡΙΕΣ ΤΟΥ ΕΛΕΓΧΟΥ ΚΑΙ ΤΗΣ ΔΙΑΚΙΝΔΥΝΕΥΣΗΣ,4,3,ΕΥ,1,,
25934,3,ΚΟΙΝΩΝΙΟΛΟΓΙΑΣ,ΠΡΟ,300774,ΕΜΠΕΙΡΙΚΗ ΕΓΚΛΗΜΑΤΟΛΟΓΙΑ Ι,3,3,ΕΥ,1,,
25935,3,ΚΟΙΝΩΝΙΟΛΟΓΙΑΣ,ΠΡΟ,300778,ΚΟΙΝΩΝΙΚΟΣ ΕΛΕΓΧΟΣ ΤΟΥ ΕΓΚΛΗΜΑΤΟΣ,3,3,ΕΥ,1,,
25936,3,ΚΟΙΝΩΝΙΟΛΟΓΙΑΣ,ΠΡΟ,300779,ΕΜΠΕΙΡΙΚΗ ΕΓΚΛΗΜΑΤΟΛΟΓΙΑ ΙΙ,4,3,ΕΥ,1,,
25937,3,ΚΟΙΝΩΝΙΟΛΟΓΙΑΣ,ΠΡΟ,300783,ΕΛΛΗΝΙΚΗ  ΟΙΚΟΝΟΜΙΑ  ΚΑΙ  ΕΥΡΩΠΑΙΚΗ  ΕΝΟΠΟΙΗΣΗ,6,3,ΕΥ,1,,
25938,3,ΚΟΙΝΩΝΙΟΛΟΓΙΑΣ,ΠΡΟ,300785,ΕΘΝΙΚΗ ΤΑΥΤΟΤΗΤΑ KAI ΕΛΛΗΝΙΣΜΟΣ ΤΗΣ ΔΙΑΣΠΟΡΑΣ,7,3,ΕΥ,1,,
25939,3,ΚΟΙΝΩΝΙΟΛΟΓΙΑΣ,ΠΡΟ,300786,ΑΣΤΙΚΟΣ ΛΑΪΚΟΣ ΠΟΛΙΤΙΣΜΟΣ: ΚΑΡΑΓΚΙΟΖΗΣ ΚΑΙ ΡΕΜΠΕΤΙΚΟ ΤΡΑΓΟΥΔΙ,7,3,ΕΥ,1,,
25940,3,ΚΟΙΝΩΝΙΟΛΟΓΙΑΣ,ΠΡΟ,300793,ΜΕΙΟΝΟΤΗΤΕΣ ΚΑΙ ΜΕΤΑΝΑΣΤΕΣ ΣΤΑ ΒΑΛΚΑΝΙΑ,7,3,ΣΕ,1,,
25941,3,ΚΟΙΝΩΝΙΟΛΟΓΙΑΣ,ΠΡΟ,300794,ΕΙΣΑΓΩΓΗ ΣΤΗΝ ΚΟΙΝΩΝΙΚΗ   ΚΑΙ  ΠΟΛΙΤΙΚΗ   ΦΙΛΟΣΟΦΙΑ-ΘΕΩΡΙΑ ΚΑΙ ΦΙΛΟΣΟΦΙΑ ΤΗΣ ΑΓΩΓΗΣ,1,2,ΥΠ,1,,
25942,3,ΚΟΙΝΩΝΙΟΛΟΓΙΑΣ,ΠΡΟ,300797,Ο ΣΥΓΧΡΟΝΟΣ ΚΑΠΙΤΑΛΙΣΜΟΣ. ΣΥΓΚΡΙΤΙΚΗ ΚΑΙ ΙΣΤΟΡΙΚΗ ΠΡΟΣΕΓΓΙΣΗ,5,3,ΕΥ,1,,
25943,3,ΚΟΙΝΩΝΙΟΛΟΓΙΑΣ,ΠΡΟ,300822,ΕΥΡΩΠΑΪΚΗ ΕΝΟΠΟΙΗΣΗ : ΘΕΣΜΟΙ ΚΑΙ ΕΞΕΛΙΞΕΙΣ,7,3,ΕΥ,1,,
25944,3,ΚΟΙΝΩΝΙΟΛΟΓΙΑΣ,ΠΡΟ,300823,ΕΝΔΟΟΙΚΟΓΕΝΕΙΑΚΗ ΒΙΑ,5,3,ΕΥ,1,,
25945,3,ΚΟΙΝΩΝΙΟΛΟΓΙΑΣ,ΠΡΟ,300824,ΕΠΑΝΟΡΘΩΤΙΚΗ ΔΙΚΑΙΟΣΥΝΗ,6,3,ΕΥ,1,,
25946,3,ΚΟΙΝΩΝΙΟΛΟΓΙΑΣ,ΠΡΟ,300825,ΟΙΚΟΝΟΜΙΚΗ ΕΓΚΛΗΜΑΤΙΚΟΤΗΤΑ Ι: ΠΟΙΝΙΚΕΣ ΠΡΟΣΕΓΓΙΣΕΙΣ,7,3,ΕΥ,1,,
25947,3,ΚΟΙΝΩΝΙΟΛΟΓΙΑΣ,ΠΡΟ,300826,ΕΓΚΛΗΜΑΤΑ ΣΤΟ ΤΡΑΠΕΖΙΚΟ ΣΥΣΤΗΜΑ ΜΕ ΕΜΦΑΣΗ ΣΤΟ ΞΕΠΛΥΜΑ ΧΡΗΜΑΤΟΣ,7,3,ΕΥ,1,,
25948,3,ΚΟΙΝΩΝΙΟΛΟΓΙΑΣ,ΠΡΟ,300828,"ΚΟΙΝΩΝΙΚΗ ΔΙΑΜΕΣΟΛΑΒΗΣΗ: ΕΝΝΟΙΕΣ, ΠΡΑΚΤΙΚΕΣ, ΕΦΑΡΜΟΓΕΣ ΚΑΙ ΕΚΠΑΙΔΕΥΣΗ",8,3,ΣΕ,1,,
25949,4,"ΕΠΙΚΟΙΝΩΝΙΑΣ, ΜΕΣΩΝ ΚΑΙ ΠΟΛΙΤΙΣΜΟΥ",ΠΡΟ,410005,ΠΟΛΙΤΙΚΗ ΚΟΙΝΩΝΙΟΛΟΓΙΑ,3,3,ΕΥ,1,,
25950,4,"ΕΠΙΚΟΙΝΩΝΙΑΣ, ΜΕΣΩΝ ΚΑΙ ΠΟΛΙΤΙΣΜΟΥ",ΠΡΟ,410028,ΣΥΓΧΡΟΝΗ ΚΟΙΝΩΝΙΑ ΚΑΙ ΜΕΣΑ ΕΠΙΚΟΙΝΩΝΙΑΣ,3,3,ΕΥ,1,,
25951,4,"ΕΠΙΚΟΙΝΩΝΙΑΣ, ΜΕΣΩΝ ΚΑΙ ΠΟΛΙΤΙΣΜΟΥ",ΠΡΟ,410036,ΕΛΛΗΝΙΚΗ ΚΑΙ ΕΥΡΩΠΑΙΚΗ ΛΟΓΟΤΕΧΝΙΑ,6,3,ΕΥ,1,,
25952,4,"ΕΠΙΚΟΙΝΩΝΙΑΣ, ΜΕΣΩΝ ΚΑΙ ΠΟΛΙΤΙΣΜΟΥ",ΠΡΟ,410043,ΠΟΛΙΤΙΣΤΙΚΗ ΠΟΛΙΤΙΚΗ,4,3,ΕΥ,1,,
25953,4,"ΕΠΙΚΟΙΝΩΝΙΑΣ, ΜΕΣΩΝ ΚΑΙ ΠΟΛΙΤΙΣΜΟΥ",ΠΡΟ,410058,ΕΙΣΑΓΩΓΗ ΣΤΗΝ ΙΣΤΟΡΙΑ ΤΗΣ ΤΕΧΝΗΣ,1,3,ΕΥ,1,,
25954,4,"ΕΠΙΚΟΙΝΩΝΙΑΣ, ΜΕΣΩΝ ΚΑΙ ΠΟΛΙΤΙΣΜΟΥ",ΠΡΟ,410061,ΜΟΥΣΙΚΗ ΚΑΙ ΕΠΙΚΟΙΝΩΝΙΑ,2,3,ΕΥ,1,,
25955,4,"ΕΠΙΚΟΙΝΩΝΙΑΣ, ΜΕΣΩΝ ΚΑΙ ΠΟΛΙΤΙΣΜΟΥ",ΠΡΟ,410079,ΣΥΓΧΡΟΝΕΣ ΘΕΩΡΙΕΣ ΤΩΝ ΜΕΣΩΝ,4,3,ΕΥ,1,,
25956,4,"ΕΠΙΚΟΙΝΩΝΙΑΣ, ΜΕΣΩΝ ΚΑΙ ΠΟΛΙΤΙΣΜΟΥ",ΠΡΟ,410082,"Η/Υ- ΕΙΣΑΓΩΓΗ ΣΤΗΝ  ΕΠΙΣΤΗΜΗ ΤΟΥ ΙΣΤΟΥ: ΤΕΧΝΟΛΟΓΙΕΣ,ΥΠΗΡΕΣΙΕΣ,ΕΦΑΡΜΟΓΕΣ",2,3,ΕΥ,1,,
25957,4,"ΕΠΙΚΟΙΝΩΝΙΑΣ, ΜΕΣΩΝ ΚΑΙ ΠΟΛΙΤΙΣΜΟΥ",ΠΡΟ,410086,ΟΙΚΟΝΟΜΙΚΑ ΤΩΝ ΜΜΕ,6,3,ΕΥ,1,,
25958,4,"ΕΠΙΚΟΙΝΩΝΙΑΣ, ΜΕΣΩΝ ΚΑΙ ΠΟΛΙΤΙΣΜΟΥ",ΠΡΟ,410087,ΔΙΚΑΙΟ ΤΩΝ ΜΕΣΩΝ ΙΙ : ΔΙΚΑΙΟ ΤΗΣ  ΡΑΔΙΟΤΗΛΕΟΡΑΣΗΣ,8,3,ΕΥ,1,,
25959,4,"ΕΠΙΚΟΙΝΩΝΙΑΣ, ΜΕΣΩΝ ΚΑΙ ΠΟΛΙΤΙΣΜΟΥ",ΠΡΟ,410091,ΙΣΤΟΡΙΑ ΤΟΥ ΚΙΝΗΜΑΤΟΓΡΑΦΟΥ Ι,3,3,ΕΥ,1,,
25960,4,"ΕΠΙΚΟΙΝΩΝΙΑΣ, ΜΕΣΩΝ ΚΑΙ ΠΟΛΙΤΙΣΜΟΥ",ΠΡΟ,410092,HISTORY OF THEATRE,6,3,ΕΥ,1,,
25961,4,"ΕΠΙΚΟΙΝΩΝΙΑΣ, ΜΕΣΩΝ ΚΑΙ ΠΟΛΙΤΙΣΜΟΥ",ΠΡΟ,410099,Η/Υ ΕΙΣΑΓΩΓΗ ΣΤΗ ΠΛΗΡΟΦΟΡΙΚΗ,1,3,ΕΥ,1,,
25962,4,"ΕΠΙΚΟΙΝΩΝΙΑΣ, ΜΕΣΩΝ ΚΑΙ ΠΟΛΙΤΙΣΜΟΥ",ΠΡΟ,410107,ΙΣΤΟΡΙΑ ΤΟΥ ΚΙΝΗΜΑΤΟΓΡΑΦΟΥ ΙΙ,4,3,ΕΥ,1,,
25963,4,"ΕΠΙΚΟΙΝΩΝΙΑΣ, ΜΕΣΩΝ ΚΑΙ ΠΟΛΙΤΙΣΜΟΥ",ΠΡΟ,410114,ΕΙΣΑΓΩΓΗ ΣΤΙΣ ΣΠΟΥΔΕΣ ΤΩΝ ΜΕΣΩΝ  ΚΑΙ ΤΗΣ  ΜΑΖΙΚΗΣ  ΕΠΙΚΟΙΝΩΝΙΑΣ,1,3,ΕΥ,1,,
25964,4,"ΕΠΙΚΟΙΝΩΝΙΑΣ, ΜΕΣΩΝ ΚΑΙ ΠΟΛΙΤΙΣΜΟΥ",ΠΡΟ,410115,ΔΙΚΑΙΟ ΤΩΝ ΜΕΣΩΝ Ι : ΔΙΚΑΙΟ  ΤΟΥ ΤΥΠΟΥ,7,3,ΕΥ,1,,
25965,4,"ΕΠΙΚΟΙΝΩΝΙΑΣ, ΜΕΣΩΝ ΚΑΙ ΠΟΛΙΤΙΣΜΟΥ",ΠΡΟ,410127,ΙΣΤΟΡΙΑ ΤΩΝ ΠΟΛΙΤΙΚΩΝ ΙΔΕΩΝ,5,3,ΕΥ,1,,
25966,4,"ΕΠΙΚΟΙΝΩΝΙΑΣ, ΜΕΣΩΝ ΚΑΙ ΠΟΛΙΤΙΣΜΟΥ",ΠΡΟ,410140,ΦΙΛΟΣΟΦΙΑ ΤΩΝ ΜΕΣΩΝ,4,3,ΕΥ,1,,
25967,4,"ΕΠΙΚΟΙΝΩΝΙΑΣ, ΜΕΣΩΝ ΚΑΙ ΠΟΛΙΤΙΣΜΟΥ",ΠΡΟ,410148,ΑΦΗΓΗΜΑΤΙΚΟΣ ΛΟΓΟΣ : ΘΕΩΡΙΕΣ ΚΑΙ ΕΦΑΡΜΟΓΕΣ,7,3,ΕΥ,1,,
25968,4,"ΕΠΙΚΟΙΝΩΝΙΑΣ, ΜΕΣΩΝ ΚΑΙ ΠΟΛΙΤΙΣΜΟΥ",ΠΡΟ,410154,ΣΥΓΧΡΟΝΗ ΕΛΛΗΝΙΚΗ ΚΑΙ ΕΥΡΩΠΑΪΚΗ ΙΣΤΟΡΙΑ,2,3,ΕΥ,1,,
25969,4,"ΕΠΙΚΟΙΝΩΝΙΑΣ, ΜΕΣΩΝ ΚΑΙ ΠΟΛΙΤΙΣΜΟΥ",ΠΡΟ,410157,ΑΝΑΛΥΣΗ ΜΗΝΥΜΑΤΟΣ,8,3,ΕΥ,1,,
25970,4,"ΕΠΙΚΟΙΝΩΝΙΑΣ, ΜΕΣΩΝ ΚΑΙ ΠΟΛΙΤΙΣΜΟΥ",ΠΡΟ,410165,ΜΕΘΟΔΟΙ ΕΠΙΚΟΙΝΩΝΙΑΚΗΣ ΕΡΕΥΝΑΣ,3,3,ΕΥ,1,,
25971,4,"ΕΠΙΚΟΙΝΩΝΙΑΣ, ΜΕΣΩΝ ΚΑΙ ΠΟΛΙΤΙΣΜΟΥ",ΠΡΟ,410167,ΕΙΣΑΓΩΓΗ ΣΤΗΝ ΠΟΛΙΤΙΚΗ ΟΙΚΟΝΟΜΙΑ,1,3,ΕΥ,1,,
25972,4,"ΕΠΙΚΟΙΝΩΝΙΑΣ, ΜΕΣΩΝ ΚΑΙ ΠΟΛΙΤΙΣΜΟΥ",ΠΡΟ,410168,ΕΠΙΚΟΙΝΩΝΙΑ ΚΑΙ ΓΛΩΣΣΑ ΙΙ,5,3,ΕΥ,1,,
25973,4,"ΕΠΙΚΟΙΝΩΝΙΑΣ, ΜΕΣΩΝ ΚΑΙ ΠΟΛΙΤΙΣΜΟΥ",ΠΡΟ,410176,ΑΙΣΘΗΤΙΚΗ ΤΩΝ ΜΕΣΩΝ,6,3,ΕΥ,1,,
25974,4,"ΕΠΙΚΟΙΝΩΝΙΑΣ, ΜΕΣΩΝ ΚΑΙ ΠΟΛΙΤΙΣΜΟΥ",ΠΡΟ,410185,ΠΟΛΙΤΙΚΗ ΕΠΙΚΟΙΝΩΝΙΑ,6,3,ΕΥ,1,,
25975,4,"ΕΠΙΚΟΙΝΩΝΙΑΣ, ΜΕΣΩΝ ΚΑΙ ΠΟΛΙΤΙΣΜΟΥ",ΠΡΟ,410190,ΙΣΤΟΡΙΑ ΤΗΣ ΤΕΧΝΗΣ Ι,4,3,ΕΥ,1,,
25976,4,"ΕΠΙΚΟΙΝΩΝΙΑΣ, ΜΕΣΩΝ ΚΑΙ ΠΟΛΙΤΙΣΜΟΥ",ΠΡΟ,410192,ΙΣΤΟΡΙΑ  ΤΗΣ ΤΕΧΝΗΣ ΙΙ,5,3,ΕΥ,1,,
25977,4,"ΕΠΙΚΟΙΝΩΝΙΑΣ, ΜΕΣΩΝ ΚΑΙ ΠΟΛΙΤΙΣΜΟΥ",ΠΡΟ,410196,ΣΤΡΑΤΗΓΙΚΗ ΕΠΙΧΕΙΡΗΣΕΩΝ ΚΑΙ ΟΡΓΑΝΙΣΜΩΝ Ι,6,3,ΕΥ,1,,
25978,4,"ΕΠΙΚΟΙΝΩΝΙΑΣ, ΜΕΣΩΝ ΚΑΙ ΠΟΛΙΤΙΣΜΟΥ",ΠΡΟ,410202,ΟΡΓΑΝΩΣΗ ΚΑΙ ΔΙΟΙΚΗΣΗ,2,3,ΕΥ,1,,
25979,4,"ΕΠΙΚΟΙΝΩΝΙΑΣ, ΜΕΣΩΝ ΚΑΙ ΠΟΛΙΤΙΣΜΟΥ",ΠΡΟ,410204,SOCIAL ISSUES SOCIAL INNOVATION AND CORPORATE RESPONSIBILITY,5,3,ΕΥ,1,,
25980,4,"ΕΠΙΚΟΙΝΩΝΙΑΣ, ΜΕΣΩΝ ΚΑΙ ΠΟΛΙΤΙΣΜΟΥ",ΠΡΟ,410206,ΘΕΩΡΙΕΣ ΤΗΣ ΕΠΙΚΟΙΝΩΝΙΑΣ,7,3,ΕΥ,1,,
25981,4,"ΕΠΙΚΟΙΝΩΝΙΑΣ, ΜΕΣΩΝ ΚΑΙ ΠΟΛΙΤΙΣΜΟΥ",ΠΡΟ,410210,ΕΙΚΟΝΑ ΚΑΙ ΠΟΛΙΤΙΣΜΟΣ: ΥΠΟΛΟΓΙΣΤΙΚΗ ΑΝΑΛΥΣΗ ΟΠΤΙΚΟΥ ΠΟΛΙΤΙΣΜΟΥ,8,3,ΕΥ,1,,
25982,4,"ΕΠΙΚΟΙΝΩΝΙΑΣ, ΜΕΣΩΝ ΚΑΙ ΠΟΛΙΤΙΣΜΟΥ",ΠΡΟ,410214,ΚΑΝΟΝΕΣ ΔΗΜΟΣΙΟΓΡΑΦΙΚΗΣ ΔΕΟΝΤΟΛΟΓΙΑΣ,5,3,ΕΥ,1,,
25983,4,"ΕΠΙΚΟΙΝΩΝΙΑΣ, ΜΕΣΩΝ ΚΑΙ ΠΟΛΙΤΙΣΜΟΥ",ΠΡΟ,410216,ΕΙΣΑΓΩΓΗ ΣΤΗ ΔΙΑΦΗΜΙΣΗ & ΣΤΙΣ ΔΗΜΟΣΙΕΣ ΣΧΕΣΕΙΣ,4,3,ΕΥ,1,,
25984,4,"ΕΠΙΚΟΙΝΩΝΙΑΣ, ΜΕΣΩΝ ΚΑΙ ΠΟΛΙΤΙΣΜΟΥ",ΠΡΟ,410219,ΕΠΙΚΟΙΝΩΝΙΑ ΚΑΙ ΓΛΩΣΣΑ Ι,4,3,ΕΥ,1,,
25985,4,"ΕΠΙΚΟΙΝΩΝΙΑΣ, ΜΕΣΩΝ ΚΑΙ ΠΟΛΙΤΙΣΜΟΥ",ΠΡΟ,410220, ΣΠΟΥΔΕΣ ΟΠΤΙΚΟΥ ΠΟΛΙΤΙΣΜΟΥ,2,3,ΕΥ,1,,
25986,4,"ΕΠΙΚΟΙΝΩΝΙΑΣ, ΜΕΣΩΝ ΚΑΙ ΠΟΛΙΤΙΣΜΟΥ",ΠΡΟ,410223,ΚΕΙΜΕΝΑ ΤΟΥ ΠΟΛΙΤΙΣΜΟΥ: ΓΡΑΦΗ-ΑΝΑΓΝΩΣΗ-ΒΙΒΛΙΟ,7,3,ΕΥ,1,,
25987,4,"ΕΠΙΚΟΙΝΩΝΙΑΣ, ΜΕΣΩΝ ΚΑΙ ΠΟΛΙΤΙΣΜΟΥ",ΠΡΟ,410227,"ΑΡΧΕΣ  MARKETING. ΠΡΟΙΟΝΤΑ, ΥΠΗΡΕΣΙΕΣ, ΠΟΛΙΤΙΣΜΟΣ",3,3,ΕΥ,1,,
25988,4,"ΕΠΙΚΟΙΝΩΝΙΑΣ, ΜΕΣΩΝ ΚΑΙ ΠΟΛΙΤΙΣΜΟΥ",ΠΡΟ,410228,ΕΙΣΑΓΩΓΗ ΣΤΗ ΔΗΜΟΣΙΟΓΡΑΦΙΑ,1,3,ΕΥ,1,,
25989,4,"ΕΠΙΚΟΙΝΩΝΙΑΣ, ΜΕΣΩΝ ΚΑΙ ΠΟΛΙΤΙΣΜΟΥ",ΠΡΟ,410233,ΕΡΓΑΣΤΗΡΙΟ ΠΟΛΙΤΙΣΜΟΥ Ι : ΜΟΥΣΕΙΑ - ΠΟΛΙΤΙΣΤΙΚΗ ΚΛΗΡΟΝΟΜΙΑ,5,3,ΥΠ,1,,
25990,4,"ΕΠΙΚΟΙΝΩΝΙΑΣ, ΜΕΣΩΝ ΚΑΙ ΠΟΛΙΤΙΣΜΟΥ",ΠΡΟ,410234,ΕΡΓΑΣΤΗΡΙΟ ΠΟΛΙΤΙΣΜΟΥ Ι Ι : ΚΙΝΗΜΑΤΟΓΡΑΦΟΣ,5,3,ΥΠ,1,,
25991,4,"ΕΠΙΚΟΙΝΩΝΙΑΣ, ΜΕΣΩΝ ΚΑΙ ΠΟΛΙΤΙΣΜΟΥ",ΠΡΟ,410235,ΕΡΓΑΣΤΗΡΙΟ ΔΗΜΟΣΙΟΓΡΑΦΙΑΣ Ι :ΕΙΣΑΓΩΓΗ ΣΤΟ ΡΕΠΟΡΤΑΖ,5,3,ΥΠ,1,,
25992,4,"ΕΠΙΚΟΙΝΩΝΙΑΣ, ΜΕΣΩΝ ΚΑΙ ΠΟΛΙΤΙΣΜΟΥ",ΠΡΟ,410236,"ΕΡΓΑΣΤΗΡΙΟ ΔΗΜΟΣΙΟΓΡΑΦΙΑΣ Ι Ι : ΕΙΣΑΓΩΓΗ ΣΤΗ ΡΑΔΙΟΦΩΝΙΚΗ ΔΗΜΟΣΙΟΓΡΑΦΙΑ, ΡΑΔΙΟΦΩΝΙΚΕΣ ΠΡΑΚΤΙΚΕΣ",5,3,ΥΠ,1,,
25993,4,"ΕΠΙΚΟΙΝΩΝΙΑΣ, ΜΕΣΩΝ ΚΑΙ ΠΟΛΙΤΙΣΜΟΥ",ΠΡΟ,410237,ΕΡΓΑΣΤΗΡΙΟ ΠΟΛΙΤΙΣΜΟΥ Ι Ι Ι : SOCIAL MEDIA ΚΑΙ ΠΟΛΙΤΙΣΤΙΚΗ ΕΠΙΚΟΙΝΩΝΙΑ,6,3,ΥΠ,1,,
25994,4,"ΕΠΙΚΟΙΝΩΝΙΑΣ, ΜΕΣΩΝ ΚΑΙ ΠΟΛΙΤΙΣΜΟΥ",ΠΡΟ,410238,ΕΡΓΑΣΤΗΡΙΟ ΠΟΛΙΤΙΣΜΟΥ  Ι V : ΜΟΥΣΙΚΗ  ΚΑΙ ΦΩΝΗΤΙΚΗ ΕΚΦΡΑΣΗ,6,3,ΥΠ,1,,
25995,4,"ΕΠΙΚΟΙΝΩΝΙΑΣ, ΜΕΣΩΝ ΚΑΙ ΠΟΛΙΤΙΣΜΟΥ",ΠΡΟ,410239,ΕΡΓΑΣΤΗΡΙΟ ΔΗΜΟΣΙΟΓΡΑΦΙΑΣ   ΙΙΙ  : ΜΕΣΑ ΚΟΙΝΩΝΙΚΗΣ ΔΙΚΤΥΩΣΗΣ ΚΑΙ ΔΗΜΟΣΙΟΓΡΑΦΙΑ,6,3,ΥΠ,1,,
25996,4,"ΕΠΙΚΟΙΝΩΝΙΑΣ, ΜΕΣΩΝ ΚΑΙ ΠΟΛΙΤΙΣΜΟΥ",ΠΡΟ,410240,"ΕΡΓΑΣΤΗΡΙΟ ΔΗΜΟΣΙΟΓΡΑΦΙΑΣ Ι V : ΕΙΔΙΚΑ ΡΕΠΟΡΤΑΖ - ΠΟΛΙΤΙΣΜΟΣ, ΑΘΛΗΤΙΣΜΟΣ, ΕΥΡΩΠΗ",6,3,ΥΠ,1,,
25997,4,"ΕΠΙΚΟΙΝΩΝΙΑΣ, ΜΕΣΩΝ ΚΑΙ ΠΟΛΙΤΙΣΜΟΥ",ΠΡΟ,410241,ΕΡΓΑΣΤΗΡΙΟ ΠΟΛΙΤΙΣΜΟΥ  V : ΔΙΑΧΕΙΡΙΣΗ ΠΟΛΙΤΙΣΤΙΚΩΝ ΕΚΔΗΛΩΣΕΩΝ,7,3,ΥΠ,1,,
25998,4,"ΕΠΙΚΟΙΝΩΝΙΑΣ, ΜΕΣΩΝ ΚΑΙ ΠΟΛΙΤΙΣΜΟΥ",ΠΡΟ,410242,ΕΡΓΑΣΤΗΡΙΟ ΠΟΛΙΤΙΣΜΟΥ  V Ι : ΘΕΑΤΡΟ-ΣΥΓΧΡΟΝΗ ΠΑΡΑΣΤΑΣΙΟΛΟΓΙΑ,7,3,ΥΠ,1,,
25999,4,"ΕΠΙΚΟΙΝΩΝΙΑΣ, ΜΕΣΩΝ ΚΑΙ ΠΟΛΙΤΙΣΜΟΥ",ΠΡΟ,410243,"ΕΡΓΑΣΤΗΡΙΟ ΔΗΜΟΣΙΟΓΡΑΦΙΑΣ  V :  ΨΗΦΙΑΚΕΣ ΕΦΑΡΜΟΓΕΣ, DATA JOURNALISM ΚΑΙ ΨΗΦΙΑΚΗ ΔΗΜΙΟΥΡΓΗΚΟΤΗΤΑ",7,3,ΥΠ,1,,
26000,4,"ΕΠΙΚΟΙΝΩΝΙΑΣ, ΜΕΣΩΝ ΚΑΙ ΠΟΛΙΤΙΣΜΟΥ",ΠΡΟ,410244,ΕΡΓΑΣΤΗΡΙΟ ΔΗΜΟΣΙΟΓΡΑΦΙΑΣ  V Ι : ΔΗΜΟΣΙΟΓΡΑΦΙΑ ΚΑΙ ΔΗΜΟΣΙΟΓΡΑΦΙΚΗ ΑΦΗΓΗΣΗ ΣΤΗΝ ΤΗΛΕΟΡΑΣΗ,7,3,ΥΠ,1,,
26001,4,"ΕΠΙΚΟΙΝΩΝΙΑΣ, ΜΕΣΩΝ ΚΑΙ ΠΟΛΙΤΙΣΜΟΥ",ΠΡΟ,410245,ΕΡΓΑΣΤΗΡΙΟ ΠΟΛΙΤΙΣΜΟΥ  V Ι Ι : ΕΙΚΑΣΤΙΚΑ,8,3,ΥΠ,1,,
26002,4,"ΕΠΙΚΟΙΝΩΝΙΑΣ, ΜΕΣΩΝ ΚΑΙ ΠΟΛΙΤΙΣΜΟΥ",ΠΡΟ,410246,ΕΡΓΑΣΤΗΡΙΟ ΠΟΛΙΤΙΣΜΟΥ  V Ι Ι Ι : ΣΧΕΔΙΑΣΜΟΣ ΚΑΙ ΟΡΓΑΝΩΣΗ ΕΚΘΕΣΕΩΝ,8,3,ΥΠ,1,,
26003,4,"ΕΠΙΚΟΙΝΩΝΙΑΣ, ΜΕΣΩΝ ΚΑΙ ΠΟΛΙΤΙΣΜΟΥ",ΠΡΟ,410247,ΕΡΓΑΣΤΗΡΙΟ ΔΗΜΟΣΙΟΓΡΑΦΙΑΣ  V Ι Ι : Η ΜΕΓΑΛΗ ΦΟΡΜΑ,8,3,ΥΠ,1,,
26004,4,"ΕΠΙΚΟΙΝΩΝΙΑΣ, ΜΕΣΩΝ ΚΑΙ ΠΟΛΙΤΙΣΜΟΥ",ΠΡΟ,410248,ΕΡΓΑΣΤΗΡΙΟ ΔΗΜΟΣΙΟΓΡΑΦΙΑΣ  V Ι Ι Ι : ΠΑΡΑΓΩΓΗ ΠΕΡΙΕΧΟΜΕΝΟΥ ΓΙΑ ON-LINE & WEB ΤΗΛΕΟΡΑΣΗ,8,3,ΥΠ,1,,
26005,4,"ΕΠΙΚΟΙΝΩΝΙΑΣ, ΜΕΣΩΝ ΚΑΙ ΠΟΛΙΤΙΣΜΟΥ",ΠΡΟ,410252,ΔΙΟΙΚΗΣΗ ΑΝΘΡΩΠΙΝΟΥ ΔΥΝΑΜΙΚΟΥ,7,3,ΕΥ,1,,
26006,4,"ΕΠΙΚΟΙΝΩΝΙΑΣ, ΜΕΣΩΝ ΚΑΙ ΠΟΛΙΤΙΣΜΟΥ",ΠΡΟ,410253,ΝΕΕΣ ΚΑΤΑΝΑΛΩΤΙΚΕΣ ΤΑΣΕΙΣ,7,3,ΕΥ,1,,
26007,4,"ΕΠΙΚΟΙΝΩΝΙΑΣ, ΜΕΣΩΝ ΚΑΙ ΠΟΛΙΤΙΣΜΟΥ",ΠΡΟ,410254,ΔΙΟΙΚΗΣΗ ΟΛΙΚΗΣ ΠΟΙΟΤΗΤΑΣ,6,3,ΕΥ,1,,
26008,4,"ΕΠΙΚΟΙΝΩΝΙΑΣ, ΜΕΣΩΝ ΚΑΙ ΠΟΛΙΤΙΣΜΟΥ",ΠΡΟ,410255,ΕΙΣΑΓΩΓΗ  ΣΤΗΝ  ΚΟΙΝΩΝΙΚΗ ΘΕΩΡΙΑ ΚΑΙ  ΕΡΕΥΝΑ,1,3,ΕΥ,1,,
26009,4,"ΕΠΙΚΟΙΝΩΝΙΑΣ, ΜΕΣΩΝ ΚΑΙ ΠΟΛΙΤΙΣΜΟΥ",ΠΡΟ,410257,ΕΙΣΑΓΩΓΗ ΣΤΗ ΜΟΥΣΕΙΟΛΟΓΙΑ,3,3,ΕΥ,1,,
26010,4,"ΕΠΙΚΟΙΝΩΝΙΑΣ, ΜΕΣΩΝ ΚΑΙ ΠΟΛΙΤΙΣΜΟΥ",ΠΡΟ,410259,ΜΕΛΕΤΗ ΚΑΙ ΕΡΜΗΝΕΙΑ ΥΛΙΚΟΥ ΠΟΛΙΤΙΣΜΟΥ,7,3,ΕΥ,1,,
26011,4,"ΕΠΙΚΟΙΝΩΝΙΑΣ, ΜΕΣΩΝ ΚΑΙ ΠΟΛΙΤΙΣΜΟΥ",ΠΡΟ,410261,ΕΡΓΑΣΤΗΡΙΟ ΔΙΑΦΗΜΙΣΗΣ & ΔΗΜΟΣΙΩΝ ΣΧΕΣΕΩΝ Ι : ΕΦΑΡΜΟΣΜΕΝΟ ΜΑΡΚΕΤΙΝΓΚ,5,3,ΥΠ,1,,
26012,4,"ΕΠΙΚΟΙΝΩΝΙΑΣ, ΜΕΣΩΝ ΚΑΙ ΠΟΛΙΤΙΣΜΟΥ",ΠΡΟ,410262,"ΕΡΓΑΣΤΗΡΙΟ ΔΙΑΦΗΜΙΣΗΣ & ΔΗΜΟΣΙΩΝ ΣΧΕΣΕΩΝ ΙΙ : ΨΗΦΙΑΚΗ ΔΗΜΙΟΥΡΓΙΚΟΤΗΤΑ : Apps,Games,Coding",5,3,ΥΠ,1,,
26013,4,"ΕΠΙΚΟΙΝΩΝΙΑΣ, ΜΕΣΩΝ ΚΑΙ ΠΟΛΙΤΙΣΜΟΥ",ΠΡΟ,410263,ΕΡΓΑΣΤΗΡΙΟ ΔΙΑΦΗΜΙΣΗΣ & ΔΗΜΟΣΙΩΝ ΣΧΕΣΕΩΝ ΙΙΙ : ΣΤΡΑΤΗΓΙΚΗ ΕΠΙΚΟΙΝΩΝΙΑ-SOCIAL MEDIA-STARTUP ΕΠΙΧΕΙΡΗΜΑΤΙΚΟΤΗΤΑ,6,3,ΥΠ,1,,
26014,4,"ΕΠΙΚΟΙΝΩΝΙΑΣ, ΜΕΣΩΝ ΚΑΙ ΠΟΛΙΤΙΣΜΟΥ",ΠΡΟ,410264,ΕΡΓΑΣΤΗΡΙΟ ΔΙΑΦΗΜΙΣΗΣ & ΔΗΜΟΣΙΩΝ ΣΧΕΣΕΩΝ  ΙV : ΕΡΕΥΝΑ ΑΓΟΡΑΣ-ΣΤΡΑΤΗΓΙΚΗ ΧΡΗΣΗΣ ΔΙΑΦΗΜΙΣΤΙΚΩΝ ΜΕΣΩΝ,6,3,ΥΠ,1,,
26015,4,"ΕΠΙΚΟΙΝΩΝΙΑΣ, ΜΕΣΩΝ ΚΑΙ ΠΟΛΙΤΙΣΜΟΥ",ΠΡΟ,410265,ΕΡΓΑΣΤΗΡΙΟ ΔΙΑΦΗΜΙΣΗΣ & ΔΗΜΟΣΙΩΝ ΣΧΕΣΕΩΝ V : ΔΗΜΟΣΙΕΣ ΣΧΕΣΕΙΣ-H ΤΕΧΝΗ ΤΗΣ ΑΦΗΓΗΣΗΣ STORY TELLING,7,3,ΥΠ,1,,
26016,4,"ΕΠΙΚΟΙΝΩΝΙΑΣ, ΜΕΣΩΝ ΚΑΙ ΠΟΛΙΤΙΣΜΟΥ",ΠΡΟ,410266,ΕΡΓΑΣΤΗΡΙΟ ΔΙΑΦΗΜΙΣΗΣ & ΔΗΜΟΣΙΩΝ ΣΧΕΣΕΩΝ VI : ΔΙΑΧΕΙΡΙΣΗ ΚΡΙΣΕΩΝ-ΠΡΟΣΟΜΟΙΩΣΗ ΣΤΟ ΦΥΣΙΚΟ ΚΟΣΜΟ  ΚΑΙ ΣΤΑ SOCIAL MEDIA,7,3,ΥΠ,1,,
26017,4,"ΕΠΙΚΟΙΝΩΝΙΑΣ, ΜΕΣΩΝ ΚΑΙ ΠΟΛΙΤΙΣΜΟΥ",ΠΡΟ,410267,ΕΡΓΑΣΤΗΡΙΟ ΔΙΑΦΗΜΙΣΗΣ & ΔΗΜΟΣΙΩΝ ΣΧΕΣΕΩΝ - ΔΗΜΟΣΙΕΣ ΣΧΕΣΕΙΣ VII : Η ΔΥΝΑΜΗ ΤΗΣ ΑΦΗΓΗΣΗΣ - ΥΛΟΠΟΙΗΣΗ,8,3,ΥΠ,1,,
26018,4,"ΕΠΙΚΟΙΝΩΝΙΑΣ, ΜΕΣΩΝ ΚΑΙ ΠΟΛΙΤΙΣΜΟΥ",ΠΡΟ,410268,ΕΡΓΑΣΤΗΡΙΟ ΔΙΑΦΗΜΙΣΗΣ & ΔΗΜΟΣΙΩΝ ΣΧΕΣΕΩΝ VIII : ΗΓΕΣΙΑ ΚΑΙ ΣΥΝΑΙΣΘΗΜΑΤΙΚΗ ΝΟΗΜΟΣΥΝΗ,8,3,ΥΠ,1,,
26019,4,"ΕΠΙΚΟΙΝΩΝΙΑΣ, ΜΕΣΩΝ ΚΑΙ ΠΟΛΙΤΙΣΜΟΥ",ΠΡΟ,410270,ΕΙΣΑΓΩΓΗ ΣΤΟΝ ΠΟΛΙΤΙΣΜΟ ΚΑΙ ΤΙΣ ΠΟΛΙΤΙΣΜΙΚΕΣ ΣΠΟΥΔΕΣ,1,3,ΕΥ,1,,
26020,4,"ΕΠΙΚΟΙΝΩΝΙΑΣ, ΜΕΣΩΝ ΚΑΙ ΠΟΛΙΤΙΣΜΟΥ",ΠΡΟ,410271,ΕΦΑΡΜΟΣΜΕΝΗ ΕΠΙΚΟΙΝΩΝΙΑΚΗ ΕΡΕΥΝΑ,8,3,ΕΥ,1,,
26021,4,"ΕΠΙΚΟΙΝΩΝΙΑΣ, ΜΕΣΩΝ ΚΑΙ ΠΟΛΙΤΙΣΜΟΥ",ΠΡΟ,410273,ΕΙΣΑΓΩΓΗ ΣΤΑ ΒΑΣΙΚΑ ΣΥΣΤΑΤΙΚΑ ΣΤΟΙΧΕΙΑ ΤΗΣ ΕΠΙΧΕΙΡΗΜΑΤΙΚΟΤΗΤΑΣ,7,3,ΕΥ,1,,
26022,4,"ΕΠΙΚΟΙΝΩΝΙΑΣ, ΜΕΣΩΝ ΚΑΙ ΠΟΛΙΤΙΣΜΟΥ",ΠΡΟ,410274,ΕΦΑΡΜΟΓΕΣ ΣΧΕΔΙΑΣΜΟΥ ΕΠΙΧΕΙΡΗΜΑΤΙΚΟΥ ΣΧΕΔΙΟΥ,8,3,ΕΥ,1,,
26023,4,"ΕΠΙΚΟΙΝΩΝΙΑΣ, ΜΕΣΩΝ ΚΑΙ ΠΟΛΙΤΙΣΜΟΥ",ΠΡΟ,410276,ΜΟΥΣΙΚΗ ΜΥΘΟΙ ΚΑΙ ΤΕΛΕΤΟΥΡΓΙΕΣ,7,3,ΕΥ,1,,
26024,4,"ΕΠΙΚΟΙΝΩΝΙΑΣ, ΜΕΣΩΝ ΚΑΙ ΠΟΛΙΤΙΣΜΟΥ",ΠΡΟ,410277,ΕΙΣΑΓΩΓΗ ΣΤΗ ΔΙΕΘΝΗ ΠΟΛΙΤΙΚΗ ΚΑΙ ΤΟΥΣ ΔΙΕΘΝΕΙΣ ΘΕΣΜΟΥΣ,1,3,ΕΕ,1,,
26025,4,"ΕΠΙΚΟΙΝΩΝΙΑΣ, ΜΕΣΩΝ ΚΑΙ ΠΟΛΙΤΙΣΜΟΥ",ΠΡΟ,410282,ΔΙΕΘΝΕΣ ΑΝΘΡΩΠΙΣΤΙΚΟ ΔΙΚΑΙΟ,5,3,ΕΥ,1,,
26026,4,"ΕΠΙΚΟΙΝΩΝΙΑΣ, ΜΕΣΩΝ ΚΑΙ ΠΟΛΙΤΙΣΜΟΥ",ΠΡΟ,410283,ΠΟΛΙΤΙΣΜΟΣ ΤΩΝ ΜΕΣΩΝ ΚΑΙ ΔΗΜΟΚΡΑΤΙΑ,6,3,ΕΥ,1,,
26027,4,"ΕΠΙΚΟΙΝΩΝΙΑΣ, ΜΕΣΩΝ ΚΑΙ ΠΟΛΙΤΙΣΜΟΥ",ΠΡΟ,410285,ΚΡΑΤΟΣ ΚΑΙ ΣΥΝΤΑΓΜΑ,4,3,ΕΥ,1,,
26028,4,"ΕΠΙΚΟΙΝΩΝΙΑΣ, ΜΕΣΩΝ ΚΑΙ ΠΟΛΙΤΙΣΜΟΥ",ΠΡΟ,410286,ΠΑΙΧΝΙΔΙ ΚΑΙ ΕΠΙΚΟΙΝΩΝΙΑ,1,3,ΕΥ,1,,
26029,4,"ΕΠΙΚΟΙΝΩΝΙΑΣ, ΜΕΣΩΝ ΚΑΙ ΠΟΛΙΤΙΣΜΟΥ",ΠΡΟ,410290,ΕΠΙΚΟΙΝΩΝΙΑ ΚΑΙ ΛΟΓΟΤΕΧΝΙΑ,2,3,ΕΥ,1,,
26030,4,"ΕΠΙΚΟΙΝΩΝΙΑΣ, ΜΕΣΩΝ ΚΑΙ ΠΟΛΙΤΙΣΜΟΥ",ΠΡΟ,410295,ΕΙΣΑΓΩΓΗ ΣΤΗ ΝΕΟΕΛΛΗΝΙΚΗ ΚΟΙΝΩΝΙΑ,2,3,ΕΕ,1,,
26031,4,"ΕΠΙΚΟΙΝΩΝΙΑΣ, ΜΕΣΩΝ ΚΑΙ ΠΟΛΙΤΙΣΜΟΥ",ΠΡΟ,410304,ΔΗΜΟΣΙΟΓΡΑΦΙΚΗ ΠΡΑΚΤΙΚΗ ΚΑΙ ΝΕΑ ΜΕΣΑ,3,3,ΕΥ,1,,
26032,4,"ΕΠΙΚΟΙΝΩΝΙΑΣ, ΜΕΣΩΝ ΚΑΙ ΠΟΛΙΤΙΣΜΟΥ",ΠΡΟ,410307,ΕΡΓΑΣΤΗΡΙΟ ΔΗΜΟΣΙΟΓΡΑΦΙΑΣ ΙΧ : ΠΑΡΑΓΩΓΗ ΔΗΜΟΣΙΟΓΡΑΦΙΚΟΥ ΠΕΡΙΕΧΟΜΕΝΟΥ ΓΙΑ ΙΣΤΟΣΕΛΙΔΑ,7,3,ΥΠ,1,,
26033,4,"ΕΠΙΚΟΙΝΩΝΙΑΣ, ΜΕΣΩΝ ΚΑΙ ΠΟΛΙΤΙΣΜΟΥ",ΠΡΟ,410913,ENGLISH LANGUAGE FOR MEDIA AND COMMUNICATION,3,3,ΕΥ,1,,
26034,4,"ΕΠΙΚΟΙΝΩΝΙΑΣ, ΜΕΣΩΝ ΚΑΙ ΠΟΛΙΤΙΣΜΟΥ",ΠΡΟ,410914,ENGLISH LANGUAGE FOR CULTURE STUDIES,4,3,ΕΥ,1,,
26035,4,"ΕΠΙΚΟΙΝΩΝΙΑΣ, ΜΕΣΩΝ ΚΑΙ ΠΟΛΙΤΙΣΜΟΥ",ΠΡΟ,410943,ΓΛΩΣΣΑ ΕΙΔΙΚΟΤΗΤΑΣ ΣΤΙΣ ΚΟΙΝΩΝΙΚΕΣ ΕΠΙΣΤΗΜΕΣ Ι : ΓΑΛΛΙΚΑ,1,3,ΕΕ,1,,
26036,4,"ΕΠΙΚΟΙΝΩΝΙΑΣ, ΜΕΣΩΝ ΚΑΙ ΠΟΛΙΤΙΣΜΟΥ",ΠΡΟ,410945,ΓΛΩΣΣΑ ΕΙΔΙΚΟΤΗΤΑΣ ΣΤΙΣ ΚΟΙΝΩΝΙΚΕΣ ΕΠΙΣΤΗΜΕΣ Ι : ΙΤΑΛΙΚΑ,1,3,ΕΕ,1,,
26037,5,ΚΟΙΝΩΝΙΚΗΣ ΠΟΛΙΤΙΚΗΣ,ΠΡΟ,510002,ΕΙΣΑΓΩΓΗ ΣΤΗΝ ΚΟΙΝΩΝΙΟΛΟΓΙΑ,1,3,ΥΠ,1,,
26038,5,ΚΟΙΝΩΝΙΚΗΣ ΠΟΛΙΤΙΚΗΣ,ΠΡΟ,510004,ΕΙΣΑΓΩΓΗ ΣΤΗΝ ΝΕΟΕΛΛΗΝΙΚΗ ΚΟΙΝΩΝΙΑ,2,3,ΥΠ,1,,
26039,5,ΚΟΙΝΩΝΙΚΗΣ ΠΟΛΙΤΙΚΗΣ,ΠΡΟ,510007,ΕΠΙΣΤΗΜΟΛΟΓΙΑ ΤΩΝ ΚΟΙΝΩΝΙΚΩΝ ΕΠΙΣΤΗΜΩΝ,5,3,ΥΠ,1,,
26040,5,ΚΟΙΝΩΝΙΚΗΣ ΠΟΛΙΤΙΚΗΣ,ΠΡΟ,510008,ΣΤΑΤΙΣΤΙΚΗ Ι : ΠΕΡΙΓΡΑΦΙΚΗ ΣΤΑΤΙΣΤΙΚΗ,3,3,ΥΠ,1,,
26041,5,ΚΟΙΝΩΝΙΚΗΣ ΠΟΛΙΤΙΚΗΣ,ΠΡΟ,510014,ΕΙΣΑΓΩΓΗ ΣΤΗΝ ΘΕΩΡΙΑ ΚΑΙ ΤΙΣ ΜΕΘΟΔΟΥΣΤΩΝ ΚΟΙΝΩΝΙΚΩΝ ΕΡΕΥΝΩΝ,3,3,ΥΠ,1,,
26042,5,ΚΟΙΝΩΝΙΚΗΣ ΠΟΛΙΤΙΚΗΣ,ΠΡΟ,510016,ΙΣΤΟΡΙΑ ΤΗΣ ΚΟΙΝΩΝΙΚΗΣ ΠΟΛΙΤΙΚΗΣ Ι,2,3,ΥΠ,1,,
26043,5,ΚΟΙΝΩΝΙΚΗΣ ΠΟΛΙΤΙΚΗΣ,ΠΡΟ,510017,ΘΕΩΡΗΤΙΚΕΣ ΠΡΟΣΕΓΓΙΣΕΙΣ ΤΗΣ ΚΟΙΝΩΝΙΚΗΣ ΠΟΛΙΤΙΚΗΣ ΚΑΙ ΤΟΥ ΚΡΑΤΟΥΣ ΠΡΟΝΟΙΑΣ,5,3,ΥΠ,1,,
26044,5,ΚΟΙΝΩΝΙΚΗΣ ΠΟΛΙΤΙΚΗΣ,ΠΡΟ,510022,ΣΤΑΤΙΣΤΙΚΗ ΙΙ: ΔΕΙΓΜΑΤΟΛΗΠΤΙΚΗ ΘΕΩΡΙΑ ΚΑΙ ΠΡΑΚΤΙΚΗ,4,3,ΥΠ,1,,
26045,5,ΚΟΙΝΩΝΙΚΗΣ ΠΟΛΙΤΙΚΗΣ,ΠΡΟ,510024,ΜΕΘΟΔΟΙ ΣΧΕΔΙΑΣΜΟΥ ΕΛΕΓΧΟΥ ΚΑΙ ΑΞΙΟΛΟΓΗΣΗΣ ΠΡΟΓΡΑΜΜΑΤΩΝ ΚΟΙΝΩΝΙΚΗΣ ΠΟΛΙΤΙΚΗΣ,3,3,ΥΠ,1,,
26046,5,ΚΟΙΝΩΝΙΚΗΣ ΠΟΛΙΤΙΚΗΣ,ΠΡΟ,510027,ΕΙΣΑΓΩΓΗ ΣΤΗ ΔΗΜΟΓΡΑΦΙΑ,4,3,ΥΠ,1,,
26047,5,ΚΟΙΝΩΝΙΚΗΣ ΠΟΛΙΤΙΚΗΣ,ΠΡΟ,510030,ΚΟΙΝΩΝΙΚΗ ΚΑΙ ΕΠΑΓΓΕΛΜΑΤΙΚΗ ΚΙΝΗΤΙΚΟΤΗΤΑ,4,3,ΥΠ,1,,
26048,5,ΚΟΙΝΩΝΙΚΗΣ ΠΟΛΙΤΙΚΗΣ,ΠΡΟ,510043,ΟΙΚΟΝΟΜΙΚΑ ΤΗΣ ΚΟΙΝΩΝΙΚΗΣ ΠΟΛΙΤΙΚΗΣ,4,3,ΥΠ,1,,
26049,5,ΚΟΙΝΩΝΙΚΗΣ ΠΟΛΙΤΙΚΗΣ,ΠΡΟ,510045,"ΑΝΙΣΟΤΗΤΑ, ΦΤΩΧΕΙΑ ΚΑΙ ΚΟΙΝΩΝΙΚΗ ΠΡΟΣΤΑΣΙΑ",6,3,ΕΕ,1,,
26050,5,ΚΟΙΝΩΝΙΚΗΣ ΠΟΛΙΤΙΚΗΣ,ΠΡΟ,510053,ΚΟΙΝΩΝΙΚΑ ΔΙΚΑΙΩΜΑΤΑ ΚΑΙ ΚΟΙΝΩΝΙΚΗ ΠΟΛΙΤΙΚΗ,2,3,ΥΠ,1,,
26051,5,ΚΟΙΝΩΝΙΚΗΣ ΠΟΛΙΤΙΚΗΣ,ΠΡΟ,510055,"ΔΙΕΘΝΕΙΣ ΟΡΓΑΝΙΣΜΟΙ, ΕΥΡΩΠΑΙΚΗ ΕΝΩΣΗ  ΚΑΙ ΚΟΙΝΩΝΙΚΗ  ΠΟΛΙΤΙΚΗ ΣΤΗΝ ΕΛΛΑΔΑ",6,3,ΕΕ,1,,
26052,5,ΚΟΙΝΩΝΙΚΗΣ ΠΟΛΙΤΙΚΗΣ,ΠΡΟ,510069,"ΠΛΗΘΥΣΜΙΑΚΕΣ ΜΕΤΑΒΟΛΕΣ, ΑΓΟΡΑ ΕΡΓΑΣΙΑΣ ΚΑΙ ΚΟΙΝΩΝΙΚΗ ΑΣΦΑΛΙΣΗ",7,3,ΕΕ,1,,
26053,5,ΚΟΙΝΩΝΙΚΗΣ ΠΟΛΙΤΙΚΗΣ,ΠΡΟ,510071,ΕΙΣΑΓΩΓΗ ΣΤΗΝ ΚΟΙΝΩΝΙΚΗ ΠΟΛΙΤΙΚΗ,1,3,ΥΠ,1,,
26054,5,ΚΟΙΝΩΝΙΚΗΣ ΠΟΛΙΤΙΚΗΣ,ΠΡΟ,510072,Η ΟΡΓΑΝΩΣΗ ΤΗΣ ΕΥΡΩΠΑΙΚΗΣ ΕΝΩΣΗΣ,5,3,ΕΕ,1,,
26055,5,ΚΟΙΝΩΝΙΚΗΣ ΠΟΛΙΤΙΚΗΣ,ΠΡΟ,510075,ΚΟΙΝΩΝΙΚΕΣ ΔΙΑΣΤΑΣΕΙΣ ΤΗΣ ΕΚΠΑΙΔΕΥΤΙΚΗΣ ΠΟΛΙΤΙΚΗΣ,6,3,ΕΕ,1,,
26056,5,ΚΟΙΝΩΝΙΚΗΣ ΠΟΛΙΤΙΚΗΣ,ΠΡΟ,510077,ΖΗΤΗΜΑΤΑ ΥΓΕΙΟΝΟΜΙΚΗΣ ΠΟΛΙΤΙΚΗΣ ΣΤΗ ΝΕΟΤΕΡΗ ΕΛΛΑΔΑ,5,3,ΕΕ,1,,
26057,5,ΚΟΙΝΩΝΙΚΗΣ ΠΟΛΙΤΙΚΗΣ,ΠΡΟ,510089,ΚΛΑΣΙΚΕΣ ΚΟΙΝΩΝΙΚΕΣ ΘΕΩΡΙΕΣ,3,3,ΥΠ,1,,
26058,5,ΚΟΙΝΩΝΙΚΗΣ ΠΟΛΙΤΙΚΗΣ,ΠΡΟ,510095,ΣΥΝΔΙΚΑΤΑ ΚΑΙ ΣΥΛΛΟΓΙΚΕΣ ΕΡΓΑΣΙΑΚΕΣ ΣΧΕΣΕΙΣ ΣΤΗΝ ΕΛΛΑΔΑ,5,3,ΕΕ,1,,
26059,5,ΚΟΙΝΩΝΙΚΗΣ ΠΟΛΙΤΙΚΗΣ,ΠΡΟ,510096,ΣΥΓΧΡΟΝΕΣ ΤΑΣΕΙΣ ΣΤΟΝ ΤΟΜΕΑ ΤΩΝ ΕΡΓΑΣΙΑΚΩΝ ΣΧΕΣΕΩΝ,8,3,ΕΕ,1,,
26060,5,ΚΟΙΝΩΝΙΚΗΣ ΠΟΛΙΤΙΚΗΣ,ΠΡΟ,510097,ΘΕΣΜΟΙ ΕΡΓΑΤΙΚΗΣ ΣΥΜΜΕΤΟΧΗΣ ΚΑΙ ΚΟΙΝΩΝΙΚΟΣ ΔΙΑΛΟΓΟΣ,7,3,ΕΕ,1,,
26061,5,ΚΟΙΝΩΝΙΚΗΣ ΠΟΛΙΤΙΚΗΣ,ΠΡΟ,510099,ΚΟΙΝΩΝΙΚΗ ΕΝΤΑΞΗ ΚΑΙ ΚΟΙΝΩΝΙΚΟΣ ΑΠΟΚΛΕΙΣΜΟΣ,3,3,ΥΠ,1,,
26062,5,ΚΟΙΝΩΝΙΚΗΣ ΠΟΛΙΤΙΚΗΣ,ΠΡΟ,510112,ΚΟΙΝΩΝΙΟΛΟΓΙΑ ΤΗΣ ΚΟΙΝΩΝΙΚΗΣ ΜΕΤΑΒΟΛΗΣ,1,3,ΥΠ,1,,
26063,5,ΚΟΙΝΩΝΙΚΗΣ ΠΟΛΙΤΙΚΗΣ,ΠΡΟ,510116,ΕΙΣΑΓΩΓΗ ΣΤΗΝ ΚΟΙΝΩΝΙΚΗ ΚΑΙ ΟΙΚΟΝΟΜΙΚΗ ΓΕΩΓΡΑΦΙΑ,3,3,ΥΠ,1,,
26064,5,ΚΟΙΝΩΝΙΚΗΣ ΠΟΛΙΤΙΚΗΣ,ΠΡΟ,510117,ΕΙΣΑΓΩΓΗ ΣΤΙΣ ΠΟΙΟΤΙΚΕΣ ΕΡΕΥΝΗΤΙΚΕΣ ΜΕΘΟΔΟΥΣ,2,3,ΥΠ,1,,
26065,5,ΚΟΙΝΩΝΙΚΗΣ ΠΟΛΙΤΙΚΗΣ,ΠΡΟ,510119,ΣΥΓΧΡΟΝΕΣ ΚΟΙΝΩΝΙΚΕΣ ΘΕΩΡΙΕΣ,4,3,ΥΠ,1,,
26066,5,ΚΟΙΝΩΝΙΚΗΣ ΠΟΛΙΤΙΚΗΣ,ΠΡΟ,510121,ΚΟΙΝΩΝΙΚΗ ΤΑΥΤΟΤΗΤΑ ΚΑΙ ΚΟΙΝΩΝΙΚΟΣ ΔΕΣΜΟΣ,6,3,ΕΕ,1,,
26067,5,ΚΟΙΝΩΝΙΚΗΣ ΠΟΛΙΤΙΚΗΣ,ΠΡΟ,510124,ΑΣΤIKH ΓΕΩΓΡΑΦΙΑ,6,3,ΕΕ,1,,
26068,5,ΚΟΙΝΩΝΙΚΗΣ ΠΟΛΙΤΙΚΗΣ,ΠΡΟ,510136,ΠΟΛΙΤΙΚΗ ΘΕΩΡΙΑ ΚΑΙ ΚΡΑΤΟΣ Ι,1,3,ΥΠ,1,,
26069,5,ΚΟΙΝΩΝΙΚΗΣ ΠΟΛΙΤΙΚΗΣ,ΠΡΟ,510140,ΣΥΓΚΡΙΤΙΚΗ ΕΚΠΑΙΔΕΥΤΙΚΗ ΠΟΛΙΤΙΚΗ,7,3,ΕΕ,1,,
26070,5,ΚΟΙΝΩΝΙΚΗΣ ΠΟΛΙΤΙΚΗΣ,ΠΡΟ,510141,ΔΙΑ ΒΙΟΥ ΕΚΠΑΙΔΕΥΣΗ,7,3,ΕΕ,1,,
26071,5,ΚΟΙΝΩΝΙΚΗΣ ΠΟΛΙΤΙΚΗΣ,ΠΡΟ,510142,ΣΤΑΤΙΣΤΙΚΗ ΣΥΜΠΕΡΑΣΜΑΤΟΛΟΓΙΑ,8,3,ΕΕ,1,,
26072,5,ΚΟΙΝΩΝΙΚΗΣ ΠΟΛΙΤΙΚΗΣ,ΠΡΟ,510143,ΣΤΟΧΑΣΤΙΚΑ ΥΠΟΔΕΙΓΜΑΤΑ ΓΙΑ ΤΙΣ ΚΟΙΝΩΝΙΚΕΣ ΕΠΙΣΤΗΜΕΣ,8,3,ΕΕ,1,,
26073,5,ΚΟΙΝΩΝΙΚΗΣ ΠΟΛΙΤΙΚΗΣ,ΠΡΟ,510147,ΠΟΛΙΤΙΚΗ ΘΕΩΡΙΑ ΚΑΙ ΚΡΑΤΟΣ ΙΙ,2,3,ΥΠ,1,,
26074,5,ΚΟΙΝΩΝΙΚΗΣ ΠΟΛΙΤΙΚΗΣ,ΠΡΟ,510156,ΜΕΤΕΜΦΥΛΙΑΚΟ ΠΟΛΙΤΙΚΟ ΣΥΣΤΗΜΑ,5,3,ΕΕ,1,,
26075,5,ΚΟΙΝΩΝΙΚΗΣ ΠΟΛΙΤΙΚΗΣ,ΠΡΟ,510164,ΕΡΓΑΣΙΑΚΕΣ ΣΧΕΣΕΙΣ ΚΑΙ ΚΟΙΝΩΝΙΚΑ ΔΙΚΑΙΩΜΑΤΑ,1,3,ΥΠ,1,,
26076,5,ΚΟΙΝΩΝΙΚΗΣ ΠΟΛΙΤΙΚΗΣ,ΠΡΟ,510165,ΘΕΩΡΗΤΙΚΕΣ ΠΡΟΣΕΓΓΙΣΕΙΣ ΤΗΣ ΕΡΓΑΣΙΑΣ ΚΑΙ ΤΗΣ ΑΠΑΣΧΟΛΗΣΗΣ,1,3,ΥΠ,1,,
26077,5,ΚΟΙΝΩΝΙΚΗΣ ΠΟΛΙΤΙΚΗΣ,ΠΡΟ,510167,ΕΚΠΑΙΔΕΥΣΗ ΚΑΙ ΚΟΙΝΩΝΙΑ,2,3,ΥΠ,1,,
26078,5,ΚΟΙΝΩΝΙΚΗΣ ΠΟΛΙΤΙΚΗΣ,ΠΡΟ,510168,"ΔΙΚΑΙΟ, ΚΟΙΝΩΝΙΑ ΚΑΙ ΚΟΙΝΩΝΙΚΗ ΠΟΛΙΤΙΚΗ",4,3,ΥΠ,1,,
26079,5,ΚΟΙΝΩΝΙΚΗΣ ΠΟΛΙΤΙΚΗΣ,ΠΡΟ,510169,ΚΟΙΝΩΝΙΚΗ ΕΡΓΑΣΙΑ ΚΑΙ ΕΦΑΡΜΟΓΕΣ,5,3,ΕΕ,1,,
26080,5,ΚΟΙΝΩΝΙΚΗΣ ΠΟΛΙΤΙΚΗΣ,ΠΡΟ,510171,ΚΟΙΝΩΝΙΚΕΣ ΠΟΛΙΤΙΚΕΣ ΚΑΙ ΟΙΚΟΝΟΜΙΚΕΣ ΠΛΕΥΡΕΣ ΤΗΣ ΕΛΛΑΔΑΣ ΤΗΣ ΚΡΙΣΗΣ,5,3,ΕΕ,1,,
26081,5,ΚΟΙΝΩΝΙΚΗΣ ΠΟΛΙΤΙΚΗΣ,ΠΡΟ,510173,ΚΟΙΝΩΝΙΚΗ ΠΟΛΙΤΙΚΗ ΩΣ ΚΡΑΤΙΚΗ ΠΟΛΙΤΙΚΗ,6,3,ΕΕ,1,,
26082,5,ΚΟΙΝΩΝΙΚΗΣ ΠΟΛΙΤΙΚΗΣ,ΠΡΟ,510174,"ΚΟΙΝΩΝΙΚΗ ΔΟΜΗ ΚΑΙ ΟΡΓΑΝΩΣΗ ΤΗΣ ΚΥΠΡΟΥ: ΠΟΛΙΤΙΚΗ, ΟΙΚΟΝΟΜΙΑ, ΔΙΕΘΝΕΙΣ ΣΧΕΣΕΙΣ",6,3,ΕΕ,1,,
26083,5,ΚΟΙΝΩΝΙΚΗΣ ΠΟΛΙΤΙΚΗΣ,ΠΡΟ,510175,ΒΑΣΙΚΑ ΣΤΟΙΧΕΙΑ ΚΟΙΝΩΝΙΟΛΟΓΙΑΣ,1,3,ΥΠ,1,,
26084,5,ΚΟΙΝΩΝΙΚΗΣ ΠΟΛΙΤΙΚΗΣ,ΠΡΟ,510176,ΕΙΣΑΓΩΓΗ ΣΤΙΣ ΠΟΙΟΤΙΚΕΣ ΕΡΕΥΝΗΤΙΚΕΣ ΜΕΘΟΔΟΥΣ,1,3,ΥΠ,1,,
26085,5,ΚΟΙΝΩΝΙΚΗΣ ΠΟΛΙΤΙΚΗΣ,ΠΡΟ,510177,ΚΟΙΝΩΝΙΚΑ ΠΡΟΒΛΗΜΑΤΑ ΚΑΙ ΕΦΑΡΜΟΓΕΣ ΚΟΙΝΩΝΙΚΗΣ ΠΟΛΙΤΙΚΗΣ,1,3,ΥΠ,1,,
26086,5,ΚΟΙΝΩΝΙΚΗΣ ΠΟΛΙΤΙΚΗΣ,ΠΡΟ,510178,ΚΟΙΝΩΝΙΚΟΣ ΑΠΟΚΛΕΙΣΜΟΣ ΚΑΙ ΚΟΙΝΩΝΙΚΑ ΔΙΚΑΙΩΜΑΤΑ,1,3,ΥΠ,1,,
26087,5,ΚΟΙΝΩΝΙΚΗΣ ΠΟΛΙΤΙΚΗΣ,ΠΡΟ,510179,"ΕΡΓΑΣΙΑ, ΑΠΑΣΧΟΛΗΣΗ ΚΑΙ ΚΟΙΝΩΝΙΚΗ ΠΟΛΙΤΙΚΗ",1,3,ΥΠ,1,,
26088,5,ΚΟΙΝΩΝΙΚΗΣ ΠΟΛΙΤΙΚΗΣ,ΠΡΟ,510180,ΕΙΣΑΓΩΓΗ ΣΤΗ ΝΕΟΕΛΛΗΝΙΚΗ ΚΟΙΝΩΝΙΑ,2,3,ΥΠ,1,,
26089,5,ΚΟΙΝΩΝΙΚΗΣ ΠΟΛΙΤΙΚΗΣ,ΠΡΟ,510181,ΙΣΤΟΡΙΑ ΤΗΣ ΚΟΙΝΩΝΙΚΗΣ ΠΟΛΙΤΙΚΗΣ,2,3,ΥΠ,1,,
26090,5,ΚΟΙΝΩΝΙΚΗΣ ΠΟΛΙΤΙΚΗΣ,ΠΡΟ,510182,ΚΟΙΝΩΝΙΚΗ ΘΕΩΡΙΑ ΚΑΙ ΚΟΙΝΩΝΙΚΗ ΠΟΛΙΤΙΚΗ,2,3,ΥΠ,1,,
26091,5,ΚΟΙΝΩΝΙΚΗΣ ΠΟΛΙΤΙΚΗΣ,ΠΡΟ,510183,ΕΡΓΑΣΙΑΚΕΣ ΣΧΕΣΕΙΣ ΚΑΙ ΚΟΙΝΩΝΙΚΑ ΔΙΚΑΙΩΜΑΤΑ,2,3,ΥΠ,1,,
26092,5,ΚΟΙΝΩΝΙΚΗΣ ΠΟΛΙΤΙΚΗΣ,ΠΡΟ,510184,ΕΚΠΑΙΔΕΥΤΙΚΗ ΚΑΙ ΚΟΙΝΩΝΙΚΗ ΠΟΛΙΤΙΚΗ,2,3,ΥΠ,1,,
26093,5,ΚΟΙΝΩΝΙΚΗΣ ΠΟΛΙΤΙΚΗΣ,ΠΡΟ,510185,ΚΟΙΝΩΝΙΑ ΤΗΣ ΥΠΑΙΘΡΟΥ ΚΑΙ ΖΗΤΗΜΑΤΑ ΚΟΙΝΩΝΙΚΗΣ ΠΟΛΙΤΙΚΗΣ,5,3,ΕΕ,1,,
26094,5,ΚΟΙΝΩΝΙΚΗΣ ΠΟΛΙΤΙΚΗΣ,ΠΡΟ,510186,"ΚΡΑΤΟΣ, ΑΓΟΡΑ ΕΡΓΑΣΙΑΣ ΚΑΙ ΠΟΛΙΤΙΚΕΣ ΑΠΑΣΧΟΛΗΣΗΣ",5,3,ΕΕ,1,,
26095,5,ΚΟΙΝΩΝΙΚΗΣ ΠΟΛΙΤΙΚΗΣ,ΠΡΟ,510187,ΕΛΛΗΝΙΚΗ ΣΥΝΤΑΓΜΑΤΙΚΗ ΙΣΤΟΡΙΑ,5,3,ΕΕ,1,,
26096,5,ΚΟΙΝΩΝΙΚΗΣ ΠΟΛΙΤΙΚΗΣ,ΠΡΟ,510188,ΠΟΛΙΤΙΚΟ ΣΥΣΤΗΜΑ ΚΑΙ ΚΟΙΝΩΝΙΚΑ ΔΙΚΑΙΩΜΑΤΑ ΣΤΙΣ ΑΝΑΠΤΥΣΣΟΜΕΝΕΣ ΧΩΡΕΣ,5,3,ΕΕ,1,,
26097,5,ΚΟΙΝΩΝΙΚΗΣ ΠΟΛΙΤΙΚΗΣ,ΠΡΟ,510189,ΤΟ ΕΛΛΗΝΙΚΟ ΚΡΑΤΟΣ ΣΤΗ ΝΕΟΤΕΡΗ ΚΑΙ ΣΥΓΧΡΟΝΗ ΙΣΤΟΡΙΑ,5,3,ΕΕ,1,,
26098,5,ΚΟΙΝΩΝΙΚΗΣ ΠΟΛΙΤΙΚΗΣ,ΠΡΟ,510191,ΚΟΙΝΩΝΙΑ ΤΗΣ ΥΠΑΙΘΡΟΥ ΚΑΙ ΠΡΟΣΕΓΓΙΣΕΙΣ ΤΗΣ ΒΙΩΣΙΜΗΣ ΑΝΑΠΤΥΞΗΣ,8,3,ΕΕ,1,,
26099,5,ΚΟΙΝΩΝΙΚΗΣ ΠΟΛΙΤΙΚΗΣ,ΠΡΟ,510192,ΚΟΙΝΩΝΙΚΗ ΜΕΤΑΒΟΛΗ ΚΑΙ ΚΟΙΝΩΝΙΚΗ ΠΟΛΙΤΙΚΗ,6,3,ΕΕ,1,,
26100,5,ΚΟΙΝΩΝΙΚΗΣ ΠΟΛΙΤΙΚΗΣ,ΠΡΟ,510401,ΠΛΗΡΟΦΟΡΙΚΗ : SPSS I,7,3,ΣΕ,1,,
26101,5,ΚΟΙΝΩΝΙΚΗΣ ΠΟΛΙΤΙΚΗΣ,ΠΡΟ,510408,ΠΛΗΡΟΦΟΡΙΚΗ: SPSS II,8,3,ΣΕ,1,,
26102,5,ΚΟΙΝΩΝΙΚΗΣ ΠΟΛΙΤΙΚΗΣ,ΠΡΟ,510409,ΣΥΓΚΡΙΤΙΚΗ ΔΗΜΟΓΡΑΦΙΚΗ ΚΑΙ  ΠΛΗΘΥΣΜΙΑΚΗ ΠΟΛΙΤΙΚΗ : ΕΥΡΩΠΗ ΚΑΙ ΚΟΣΜΟΣ,7,3,ΣΕ,1,,
26103,5,ΚΟΙΝΩΝΙΚΗΣ ΠΟΛΙΤΙΚΗΣ,ΠΡΟ,510410,ΑΤΟΜΟ ΚΑΙ ΚΟΙΝΩΝΙΑ,5,3,ΣΕ,1,,
26104,5,ΚΟΙΝΩΝΙΚΗΣ ΠΟΛΙΤΙΚΗΣ,ΠΡΟ,510423,ΚΟΙΝΩΝΙΚΗ ΔΙΟΙΚΗΣΗ ΚΑΙ ΕΦΑΡΜΟΓΕΣ ΠΡΟΓΡΑΜΜΑΤΩΝ ΚΟΙΝΩΝΙΚΗΣ ΠΟΛΙΤΙΚΗΣ,8,3,ΣΕ,1,,
26105,5,ΚΟΙΝΩΝΙΚΗΣ ΠΟΛΙΤΙΚΗΣ,ΠΡΟ,510424,ΚΡΑΤΟΣ & ΔΙΚΑΙΟ ΣΤΟΝ 21ο ΑΙΩΝΑ,6,3,ΣΕ,1,,
26106,5,ΚΟΙΝΩΝΙΚΗΣ ΠΟΛΙΤΙΚΗΣ,ΠΡΟ,510425,ΕΙΣΑΓΩΓΗ ΣΤΗΝ ΠΛΗΡΟΦΟΡΙΚΗ (Χ.Ε.),5,3,ΣΕ,1,,
26107,5,ΚΟΙΝΩΝΙΚΗΣ ΠΟΛΙΤΙΚΗΣ,ΠΡΟ,510426,ΕΙΣΑΓΩΓΗ ΣΤΗΝ ΠΛΗΡΟΦΟΡΙΚΗ (Ε.Ε.),6,3,ΣΕ,1,,
26108,5,ΚΟΙΝΩΝΙΚΗΣ ΠΟΛΙΤΙΚΗΣ,ΠΡΟ,510428,ΖΗΤΗΜΑΤΑ ΚΟΙΝΩΝΙΚΗΣ ΑΣΦΑΛΙΣΗΣ ΚΑΙ ΠΡΟΝΟΙΑΣ,5,3,ΣΕ,1,,
26109,5,ΚΟΙΝΩΝΙΚΗΣ ΠΟΛΙΤΙΚΗΣ,ΠΡΟ,510429,ΘΕΩΡΗΤΙΚΗ ΚΑΙ ΕΜΠΕΙΡΙΚΗ ΑΝΑΛΥΣΗ ΤΗΣ ΟΙΚΟΝΟΜΙΚΗΣ ΑΝΙΣΟΤΗΤΑΣ,7,3,ΣΕ,1,,
26110,5,ΚΟΙΝΩΝΙΚΗΣ ΠΟΛΙΤΙΚΗΣ,ΠΡΟ,510430,STATISTICAL METHODS IN SOCIAL RESEARCH I,7,3,ΣΕ,1,,
26111,5,ΚΟΙΝΩΝΙΚΗΣ ΠΟΛΙΤΙΚΗΣ,ΠΡΟ,510431,ΤΑ ΑΠΟΘΕΜΑΤΙΚΑ ΤΗΣ ΚΟΙΝΩΝΙΚΗΣ ΑΣΦΑΛΙΣΗΣ ΚΑΙ Η ΔΙΑΧΕΙΡΙΣΗ ΤΟΥΣ,8,3,ΣΕ,1,,
26112,5,ΚΟΙΝΩΝΙΚΗΣ ΠΟΛΙΤΙΚΗΣ,ΠΡΟ,510432,ΕΙΔΙΚΑ ΘΕΜΑΤΑ ΣΤΗ ΘΕΩΡΙΑΤΟΥ ΚΡΑΤΟΥΣ,8,3,ΣΕ,1,,
26113,5,ΚΟΙΝΩΝΙΚΗΣ ΠΟΛΙΤΙΚΗΣ,ΠΡΟ,510436,ΕΙΔΙΚΑ ΘΕΜΑΤΑ ΣΤΗΝ ΚΟΙΝΩΝΙΚΗ ΠΟΛΙΤΙΚΗ,7,3,ΣΕ,1,,
26114,5,ΚΟΙΝΩΝΙΚΗΣ ΠΟΛΙΤΙΚΗΣ,ΠΡΟ,510437,ΠΕΡΙΘΩΡΙΟΠΟΙΗΣΗ ΚΑΙ ΚΟΙΝΩΝΙΚΗ ΠΟΛΙΤΙΚΗ,7,3,ΣΕ,1,,
26115,5,ΚΟΙΝΩΝΙΚΗΣ ΠΟΛΙΤΙΚΗΣ,ΠΡΟ,510438,ΚΟΙΝΩΝΙΚΗ ΟΙΚΟΝΟΜΙΑ ΚΑΙ ΚΟΙΝΩΝΙΚΗ ΕΠΙΧΕΙΡΗΜΑΤΙΚΟΤΗΤΑ,7,3,ΣΕ,1,,
26116,5,ΚΟΙΝΩΝΙΚΗΣ ΠΟΛΙΤΙΚΗΣ,ΠΡΟ,510439,ΠΟΛΙΤΙΚΗ ΟΙΚΟΝΟΜΙΑ,5,3,ΣΕ,1,,
26117,5,ΚΟΙΝΩΝΙΚΗΣ ΠΟΛΙΤΙΚΗΣ,ΠΡΟ,510440,ΙΣΤΟΡΙΑ ΤΗΣ ΚΟΙΝΩΝΙΚΗΣ ΠΟΛΙΤΙΚΗΣ ΣΤΗΝ ΕΛΛΑΔΑ,6,3,ΣΕ,1,,
26118,5,ΚΟΙΝΩΝΙΚΗΣ ΠΟΛΙΤΙΚΗΣ,ΠΡΟ,510441,"ΙΔΕΟΛΟΓΙΑ, ΔΗΜΟΣΙΟΣ ΛΟΓΟΣ ΚΑΙ ΚΟΙΝΩΝΙΚΗ ΠΟΛΙΤΙΚΗ",6,3,ΣΕ,1,,
26119,5,ΚΟΙΝΩΝΙΚΗΣ ΠΟΛΙΤΙΚΗΣ,ΠΡΟ,510442,"ΘΕΜΕΛΙΩΣΕΙΣ ΤΗΣ ΚΟΙΝΩΝΙΚΗΣ ΠΟΛΙΤΙΚΗΣ : ΘΕΜΑΤΑ ΔΙΚΑΙΟΣΥΝΗΣ, ΙΣΟΤΗΤΑΣ ΚΑΙ ΔΙΚΑΙΩΜΑΤΩΝ",8,3,ΣΕ,1,,
26120,5,ΚΟΙΝΩΝΙΚΗΣ ΠΟΛΙΤΙΚΗΣ,ΠΡΟ,510445,ΚΟΙΝΩΝΙΟΛΟΓΙΑ ΤΗΣ ΕΡΓΑΣΙΑΣ ΙΙ: ΜΕΤΑΒΙΟΜΗΧΑΝΙΚΟ ΠΡΟΤΥΠΟ ΚΑΙ ΕΡΓΑΣΙΑ,7,3,ΣΕ,1,,
26121,5,ΚΟΙΝΩΝΙΚΗΣ ΠΟΛΙΤΙΚΗΣ,ΠΡΟ,510499,ΠΤΥΧΙΑΚΗ,8,9,ΕΡΓ,1,,
26122,5,ΚΟΙΝΩΝΙΚΗΣ ΠΟΛΙΤΙΚΗΣ,ΠΡΟ,510600,ΠΡΑΚΤΙΚΗ  ΑΣΚΗΣΗ,5,3,ΕΕ,1,,
26123,5,ΚΟΙΝΩΝΙΚΗΣ ΠΟΛΙΤΙΚΗΣ,ΠΡΟ,510601,ΠΡΑΚΤΙΚΗ  ΑΣΚΗΣΗ ΕΑΡΙΝΟΥ,6,3,ΕΕ,1,,
26124,6,ΚΟΙΝΩΝΙΚΗΣ ΑΝΘΡΩΠΟΛΟΓΙΑΣ,ΠΡΟ,520003,ΕΙΣΑΓΩΓΗ ΣΤΗΝ ΚΟΙΝΩΝΙΚΗ ΑΝΘΡΩΠΟΛΟΓΙΑ Ι,1,3,ΥΠ,1,,
26125,6,ΚΟΙΝΩΝΙΚΗΣ ΑΝΘΡΩΠΟΛΟΓΙΑΣ,ΠΡΟ,520011,ΕΙΣΑΓΩΓΗ ΣΤΗΝ ΚΟΙΝΩΝΙΚΗ ΑΝΘΡΩΠΟΛΟΓΙΑ ΙΙ,2,3,ΥΠ,1,,
26126,6,ΚΟΙΝΩΝΙΚΗΣ ΑΝΘΡΩΠΟΛΟΓΙΑΣ,ΠΡΟ,520025,ΑΝΘΡΩΠΟΛΟΓΙΑ ΤΗΣ ΣΥΓΧΡΟΝΗΣ ΕΛΛΑΔΑΣ,1,3,ΥΠ,1,,
26127,6,ΚΟΙΝΩΝΙΚΗΣ ΑΝΘΡΩΠΟΛΟΓΙΑΣ,ΠΡΟ,520028,ΙΣΤΟΡΙΑ ΤΗΣ ΑΝΘΡΩΠΟΛΟΓΙΚΗΣ ΣΚΕΨΗΣ,2,3,ΥΠ,1,,
26128,6,ΚΟΙΝΩΝΙΚΗΣ ΑΝΘΡΩΠΟΛΟΓΙΑΣ,ΠΡΟ,520031,ΑΝΘΡΩΠΟΛΟΓΙΚΕΣ ΘΕΩΡΙΕΣ ΤΗΣ ΟΙΚΟΓΕΝΕΙΑΣ ΚΑΙ ΤΗΣ ΣΥΓΓΕΝΕΙΑΣ,3,3,ΥΠ,1,,
26129,6,ΚΟΙΝΩΝΙΚΗΣ ΑΝΘΡΩΠΟΛΟΓΙΑΣ,ΠΡΟ,520032,ΑΝΘΡΩΠΟΛΟΓΙΑ ΤΗΣ ΘΡΗΣΚΕΙΑΣ ΚΑΙ ΤΩΝ ΣΥΜΒΟΛΙΚΩΝ  ΣΥΣΤΗΜΑΤΩΝ,3,3,ΥΠ,1,,
26130,6,ΚΟΙΝΩΝΙΚΗΣ ΑΝΘΡΩΠΟΛΟΓΙΑΣ,ΠΡΟ,520033,ΑΝΘΡΩΠΟΛΟΓΙΑ ΤΟΥ ΣΩΜΑΤΟΣ,6,3,ΕΕ,1,,
26131,6,ΚΟΙΝΩΝΙΚΗΣ ΑΝΘΡΩΠΟΛΟΓΙΑΣ,ΠΡΟ,520046,ΟΙΚΟΝΟΜΙΚΗ ΑΝΘΡΩΠΟΛΟΓΙΑ,3,3,ΥΠ,1,,
26132,6,ΚΟΙΝΩΝΙΚΗΣ ΑΝΘΡΩΠΟΛΟΓΙΑΣ,ΠΡΟ,520047,ΑΣΤΙΚΗ ΑΝΘΡΩΠΟΛΟΓΙΑ,3,3,ΥΠ,1,,
26133,6,ΚΟΙΝΩΝΙΚΗΣ ΑΝΘΡΩΠΟΛΟΓΙΑΣ,ΠΡΟ,520049,ΠΟΛΙΤΙΚΗ ΑΝΘΡΩΠΟΛΟΓΙΑ,4,3,ΥΠ,1,,
26134,6,ΚΟΙΝΩΝΙΚΗΣ ΑΝΘΡΩΠΟΛΟΓΙΑΣ,ΠΡΟ,520057,ΑΝΘΡΩΠΟΛΟΓΙΚΕΣ ΕΡΕΥΝΕΣ ΣΤΗΝ ΜΕΣΟΓΕΙΟ,2,3,ΥΠ,1,,
26135,6,ΚΟΙΝΩΝΙΚΗΣ ΑΝΘΡΩΠΟΛΟΓΙΑΣ,ΠΡΟ,520059,ΣΥΓΧΡΟΝΗ ΑΝΘΡΩΠΟΛΟΓΙΚΗ ΘΕΩΡΙΑ,3,3,ΥΠ,1,,
26136,6,ΚΟΙΝΩΝΙΚΗΣ ΑΝΘΡΩΠΟΛΟΓΙΑΣ,ΠΡΟ,520060,ΜΕΘΟΔΟΛΟΓΙΑ ΤΗΣ ΚΟΙΝΩΝΙΚΗΣ ΑΝΘΡΩΠΟΛΟΓΙΑΣ,4,3,ΥΠ,1,,
26137,6,ΚΟΙΝΩΝΙΚΗΣ ΑΝΘΡΩΠΟΛΟΓΙΑΣ,ΠΡΟ,520064,ANTHROPOLOGY OF ISLAMIC SOCIETIES - ΑΝΘΡΩΠΟΛΟΓΙΑ ΤΩΝ ΙΣΛΑΜΙΚΩΝ ΚΟΙΝΩΝΙΩΝ,5,3,ΕΕ,1,,
26138,6,ΚΟΙΝΩΝΙΚΗΣ ΑΝΘΡΩΠΟΛΟΓΙΑΣ,ΠΡΟ,520084,ΑΝΘΡΩΠΟΛΟΓΙΚΕΣ ΠΡΟΣΕΓΓΙΣΕΙΣ ΤΗΣ ΜΕΤΑΝΑΣΤΕΥΣΗΣ,4,3,ΥΠ,1,,
26139,6,ΚΟΙΝΩΝΙΚΗΣ ΑΝΘΡΩΠΟΛΟΓΙΑΣ,ΠΡΟ,520089,ΕΙΣΑΓΩΓΗ ΣΤΗΝ ΚΟΙΝΩΝΙΚΗ ΘΕΩΡΙΑ,1,3,ΥΠ,1,,
26140,6,ΚΟΙΝΩΝΙΚΗΣ ΑΝΘΡΩΠΟΛΟΓΙΑΣ,ΠΡΟ,520105,ΑΝΘΡΩΠΟΛΟΓΙΑ ΤΩΝ ΣΥΓΧΡΟΝΩΝ ΔΥΤΙΚΩΝ ΚΟΙΝΩΝΙΩΝ,6,3,ΕΕ,1,,
26141,6,ΚΟΙΝΩΝΙΚΗΣ ΑΝΘΡΩΠΟΛΟΓΙΑΣ,ΠΡΟ,520106,ANTHROPOLOGY OF TOURISM - ΑΝΘΡΩΠΟΛΟΓΙΑ ΤΟΥ ΤΟΥΡΙΣΜΟΥ,5,3,ΕΕ,1,,
26142,6,ΚΟΙΝΩΝΙΚΗΣ ΑΝΘΡΩΠΟΛΟΓΙΑΣ,ΠΡΟ,520108,ΑΝΘΡΩΠΟΛΟΓΙΑ ΤΟΥ ΔΙΚΑΙΟΥ,6,3,ΕΕ,1,,
26143,6,ΚΟΙΝΩΝΙΚΗΣ ΑΝΘΡΩΠΟΛΟΓΙΑΣ,ΠΡΟ,520109,"ΤΑΥΤΟΤΗΤΑ,ΕΤΕΡΟΤΗΤΑ ΚΑΙ ΠΟΛΥΠΟΛΙΤΙΣΜΙΚΟΤΗΤΑ",5,3,ΕΕ,1,,
26144,6,ΚΟΙΝΩΝΙΚΗΣ ΑΝΘΡΩΠΟΛΟΓΙΑΣ,ΠΡΟ,520110,ΔΙΑΠΟΛΙΤΙΣΜΙΚΟΤΗΤΑ ΚΑΙ ΕΚΠΑΙΔΕΥΣΗ : ΠΑΙΔΑΓΩΓΙΚΕΣ ΘΕΩΡΙΕΣ,4,3,ΥΠ,1,,
26145,6,ΚΟΙΝΩΝΙΚΗΣ ΑΝΘΡΩΠΟΛΟΓΙΑΣ,ΠΡΟ,520116,ΕΙΣΑΓΩΓΗ ΣΤΗΝ ΠΟΛΙΤΙΣΜΙΚΗ ΓΕΩΓΡΑΦΙΑ,6,3,ΕΕ,1,,
26146,6,ΚΟΙΝΩΝΙΚΗΣ ΑΝΘΡΩΠΟΛΟΓΙΑΣ,ΠΡΟ,520129,ΑΝΘΡΩΠΟΛΟΓΙΑ ΤΟΥ ΦΥΛΟΥ,6,3,ΕΕ,1,,
26147,6,ΚΟΙΝΩΝΙΚΗΣ ΑΝΘΡΩΠΟΛΟΓΙΑΣ,ΠΡΟ,520138,ΠΟΛΙΤΙΣΜΙΚΗ ΑΝΘΡΩΠΟΛΟΓΙΑ,5,3,ΕΕ,1,,
26148,6,ΚΟΙΝΩΝΙΚΗΣ ΑΝΘΡΩΠΟΛΟΓΙΑΣ,ΠΡΟ,520139,ΑΝΘΡΩΠΟΛΟΓΙΚΕΣ ΠΡΟΣΕΓΓΙΣΕΙΣ ΤΟΥ ΛΑ'Ι'ΚΟΥ ΠΟΛΙΤΙΣΜΟΥ,7,3,ΕΕ,1,,
26149,6,ΚΟΙΝΩΝΙΚΗΣ ΑΝΘΡΩΠΟΛΟΓΙΑΣ,ΠΡΟ,520141,ΕΙΣΑΓΩΓΗ ΣΤΗΝ ΠΟΛΙΤΙΚΗ ΟΙΚΟΝΟΜΙΑ,1,3,ΥΠ,1,,
26150,6,ΚΟΙΝΩΝΙΚΗΣ ΑΝΘΡΩΠΟΛΟΓΙΑΣ,ΠΡΟ,520142,ΚΡΑΤΟΣ ΚΑΙ ΚΟΙΝΩΝΙΑ ΣΤΗ ΝΕΟΤΕΡΗ ΕΛΛΑΔΑ -19ος ΑΙΩΝΑΣ,2,3,ΥΠ,1,,
26151,6,ΚΟΙΝΩΝΙΚΗΣ ΑΝΘΡΩΠΟΛΟΓΙΑΣ,ΠΡΟ,520143,"ΕΘΝΟΓΡΑΦΙΑ ΚΑΙ ΠΑΡΑΔΕΙΓΜΑΤΑ  ΕΠΙΤΟΠΙΑΣ  ΕΡΕΥΝΑΣ

",6,3,ΣΕ,1,,
26152,6,ΚΟΙΝΩΝΙΚΗΣ ΑΝΘΡΩΠΟΛΟΓΙΑΣ,ΠΡΟ,520144,ΑΝΘΡΩΠΟΛΟΓΙΑ ΤΗΣ ΒΙΑΣ ΚΑΙ ΤΩΝ ΣΥΓΚΡΟΥΣΕΩΝ,7,3,ΕΕ,1,,
26153,6,ΚΟΙΝΩΝΙΚΗΣ ΑΝΘΡΩΠΟΛΟΓΙΑΣ,ΠΡΟ,520145,ΔΙΔΑΚΤΙΚΗ ΤΗΣ ΚΟΙΝΩΝΙΚΗΣ ΑΝΘΡΩΠΟΛΟΓΙΑΣ ΚΑΙ ΤΩΝ ΚΟΙΝΩΝΙΚΩΝ ΕΠΙΣΤΗΜΩΝ: ΠΕΙΡΑΜΑΤΙΚΕΣ ΜΟΡΦΕΣ ΔΙΔΑΣΚΑΛΙΑΣ,7,3,ΕΕ,1,,
26154,6,ΚΟΙΝΩΝΙΚΗΣ ΑΝΘΡΩΠΟΛΟΓΙΑΣ,ΠΡΟ,520147,ΙΣΤΟΡΙΑ ΤΩΝ ΒΑΛΚΑΝΙΚΩΝ ΛΑΩΝ (19ος - μέσα 20ου ΑΙ.),6,3,ΕΕ,1,,
26155,6,ΚΟΙΝΩΝΙΚΗΣ ΑΝΘΡΩΠΟΛΟΓΙΑΣ,ΠΡΟ,520150,ΑΝΘΡΩΠΟΛΟΓΙΚΕΣ ΠΡΟΣΕΓΓΙΣΕΙΣ ΤΗΣ ΔΙΑΣΠΟΡΑΣ,7,3,ΕΕ,1,,
26156,6,ΚΟΙΝΩΝΙΚΗΣ ΑΝΘΡΩΠΟΛΟΓΙΑΣ,ΠΡΟ,520155,ΕΥΡΩΠΑΙΚΗ ΙΣΤΟΡΙΑ ΝΕΟΤΕΡΩΝ ΧΡΟΝΩΝ,1,3,ΥΠ,1,,
26157,6,ΚΟΙΝΩΝΙΚΗΣ ΑΝΘΡΩΠΟΛΟΓΙΑΣ,ΠΡΟ,520156,ΑΝΘΡΩΠΟΛΟΓΙΑ ΚΑΙ ΦΙΛΟΣΟΦΙΑ,8,3,ΕΕ,1,,
26158,6,ΚΟΙΝΩΝΙΚΗΣ ΑΝΘΡΩΠΟΛΟΓΙΑΣ,ΠΡΟ,520162,ANTHROPOLOGY AND ARCHAEOLOGY - ΑΝΘΡΩΠΟΛΟΓΙΑ ΚΑΙ ΑΡΧΑΙΟΛΟΓΙΑ,8,3,ΕΕ,1,,
26159,6,ΚΟΙΝΩΝΙΚΗΣ ΑΝΘΡΩΠΟΛΟΓΙΑΣ,ΠΡΟ,520170,ΣΥΓΓΕΝΕΙΑ ΚΑΙ ΝΕΕΣ ΤΕΧΝΟΛΟΓΙΕΣ ΑΝΑΠΑΡΑΓΩΓΗΣ,7,3,ΕΕ,1,,
26160,6,ΚΟΙΝΩΝΙΚΗΣ ΑΝΘΡΩΠΟΛΟΓΙΑΣ,ΠΡΟ,520172,ΑΝΘΡΩΠΟΛΟΓΙΑ ΚΑΙ ΟΡΙΕΝΤΑΛΙΣΜΟΣ: ΖΗΤΗΜΑΤΑ ΑΠΟΙΚΙΟΚΡΑΤΙΑΣ,8,3,ΕΕ,1,,
26161,6,ΚΟΙΝΩΝΙΚΗΣ ΑΝΘΡΩΠΟΛΟΓΙΑΣ,ΠΡΟ,520177,ΕΙΔΙΚΑ ΘΕΜΑΤΑ ΕΥΡΩΠΑΪΚΗΣ ΙΣΤΟΡΙΑΣ ΤΟΥ 20ου ΑΙΩΝΑ,7,3,ΕΕ,1,,
26162,6,ΚΟΙΝΩΝΙΚΗΣ ΑΝΘΡΩΠΟΛΟΓΙΑΣ,ΠΡΟ,520181,ΕΘΝΟΓΡΑΦΙΑ ΤΗΣ ΜΕΣΗΣ ΑΝΑΤΟΛΗΣ,7,3,ΕΕ,1,,
26163,6,ΚΟΙΝΩΝΙΚΗΣ ΑΝΘΡΩΠΟΛΟΓΙΑΣ,ΠΡΟ,520182,ΑΝΘΡΩΠΟΛΟΓΙΚΕΣ ΘΕΩΡΙΕΣ ΤΟΥ ΕΘΝΙΚΙΣΜΟΥ ΚΑΙ ΕΘΝΟΤΙΣΜΟΥ,4,3,ΥΠ,1,,
26164,6,ΚΟΙΝΩΝΙΚΗΣ ΑΝΘΡΩΠΟΛΟΓΙΑΣ,ΠΡΟ,520183,ΑΝΘΡΩΠΟΛΟΓΙΑ ΚΑΙ ΤΕΧΝΗ,8,3,ΕΕ,1,,
26165,6,ΚΟΙΝΩΝΙΚΗΣ ΑΝΘΡΩΠΟΛΟΓΙΑΣ,ΠΡΟ,520185,ΕΘΝΟΓΡΑΦΙΑ ΤΗΣ ΡΩΣΙΑΣ ΚΑΙ ΤΩΝ ΧΩΡΩΝ ΤΗΣ ΠΡΩΗΝ ΣΟΒΙΕΤΙΚΗΣ ΕΝΩΣΗΣ,8,3,ΕΕ,1,,
26166,6,ΚΟΙΝΩΝΙΚΗΣ ΑΝΘΡΩΠΟΛΟΓΙΑΣ,ΠΡΟ,520186,"ΠΟΛΙΤΙΚΕΣ ΤΗΣ ΜΝΗΜΗΣ, ΤΟΥ ΤΡΑΥΜΑΤΟΣ ΚΑΙ ΤΗΣ ΜΑΡΤΥΡΙΑΣ",7,3,ΣΕ,1,,
26167,6,ΚΟΙΝΩΝΙΚΗΣ ΑΝΘΡΩΠΟΛΟΓΙΑΣ,ΠΡΟ,520188,ΜΕΘΟΔΟΙ ΣΥΛΛΟΓΗΣ ΔΕΔΟΜΕΝΩΝ ΣΤΗΝ ΠΟΣΟΤΙΚΗ ΕΡΕΥΝΑ,7,3,ΕΕ,1,,
26168,6,ΚΟΙΝΩΝΙΚΗΣ ΑΝΘΡΩΠΟΛΟΓΙΑΣ,ΠΡΟ,520189,ΕΦΑΡΜΟΓΕΣ ΠΟΣΟΤΙΚΗΣ ΕΡΕΥΝΑΣ ΜΕ ΤΟ ΠΡΟΓΡΑΜΜΑ SPSS,7,3,ΣΕ,1,,
26169,6,ΚΟΙΝΩΝΙΚΗΣ ΑΝΘΡΩΠΟΛΟΓΙΑΣ,ΠΡΟ,520190,ΜΕΘΟΔΟΙ ΑΝΑΛΥΣΗΣ ΔΕΔΟΜΕΝΩΝ ΣΤΗΝ ΠΟΣΟΤΙΚΗ ΕΡΕΥΝΑ,8,3,ΕΕ,1,,
26170,6,ΚΟΙΝΩΝΙΚΗΣ ΑΝΘΡΩΠΟΛΟΓΙΑΣ,ΠΡΟ,520191,ΚΟΙΝΩΝΙΚΗ ΕΡΕΥΝΑ ΚΑΙ  ΣΥΝΔΥΑΣΤΙΚΗ ΜΕΘΟΔΟΛΟΓΙΑ,8,3,ΣΕ,1,,
26171,6,ΚΟΙΝΩΝΙΚΗΣ ΑΝΘΡΩΠΟΛΟΓΙΑΣ,ΠΡΟ,520193,ΕΘΝΟΪΑΤΡΙΚΗ,7,3,ΕΕ,1,,
26172,6,ΚΟΙΝΩΝΙΚΗΣ ΑΝΘΡΩΠΟΛΟΓΙΑΣ,ΠΡΟ,520195,"ΠΛΗΡΟΦΟΡΙΑΚΗ ΠΑΙΔΕΙΑ: ΜΕΘΟΔΟΛΟΓΙΑ ΑΝΑΖΗΤΗΣΗΣ, ΑΞΙΟΛΟΓΗΣΗΣ ΚΑΙ ΧΡΗΣΗΣ ΠΗΓΩΝ",2,3,ΥΠ,1,,
26173,6,ΚΟΙΝΩΝΙΚΗΣ ΑΝΘΡΩΠΟΛΟΓΙΑΣ,ΠΡΟ,520196,ANTHROPOLOGICAL RESEARCH  IN  GREECE AND THE MEDITERRANEAN (ERASMUS +),8,3,ΕΕ,1,,
26174,6,ΚΟΙΝΩΝΙΚΗΣ ΑΝΘΡΩΠΟΛΟΓΙΑΣ,ΠΡΟ,520197,CONTEMPORARY  ISSUES  IN  SOCIAL  ANTHROPOLOGY (ERASMUS +),7,3,ΕΕ,1,,
26175,6,ΚΟΙΝΩΝΙΚΗΣ ΑΝΘΡΩΠΟΛΟΓΙΑΣ,ΠΡΟ,520198,ANTHROPOLOGY OF TOURISM (ERASMUS+),7,3,ΕΕ,1,,
26176,6,ΚΟΙΝΩΝΙΚΗΣ ΑΝΘΡΩΠΟΛΟΓΙΑΣ,ΠΡΟ,520199,THE ANTHROPOLOGY OF ISLAMIC SOCIETIES (ERASMUS+),7,3,ΕΕ,1,,
26177,6,ΚΟΙΝΩΝΙΚΗΣ ΑΝΘΡΩΠΟΛΟΓΙΑΣ,ΠΡΟ,520200,ANTHROPOLOGY AND POPULAR CULTURE (ERASMUS+),7,3,ΕΕ,1,,
26178,6,ΚΟΙΝΩΝΙΚΗΣ ΑΝΘΡΩΠΟΛΟΓΙΑΣ,ΠΡΟ,520201,ANTHROPOLOGY AND ARCHAEOLOGY (ERASMUS+),8,3,ΕΕ,1,,
26179,6,ΚΟΙΝΩΝΙΚΗΣ ΑΝΘΡΩΠΟΛΟΓΙΑΣ,ΠΡΟ,520202,HISTORY OF THΕ BALKAN STATES (19th - mid-20th century) (ERASMUS+),8,3,ΕΕ,1,,
26180,6,ΚΟΙΝΩΝΙΚΗΣ ΑΝΘΡΩΠΟΛΟΓΙΑΣ,ΠΡΟ,520203,ETHNICITY AND NATIONALISM : ANTHROPOLOGICAL PERSPECTIVES (ERASMUS+),8,3,ΕΕ,1,,
26181,7,ΨΥΧΟΛΟΓΙΑΣ,ΠΡΟ,600002,ΕΙΣΑΓΩΓΗ ΣΤΗΝ ΚΟΙΝΩΝΙΚΗ ΨΥΧΟΛΟΓΙΑ Ι,1,3,ΥΠ,1,,
26182,7,ΨΥΧΟΛΟΓΙΑΣ,ΠΡΟ,600005,ΠΕΡΙΓΡΑΦΙΚΗ ΣΤΑΤΙΣΤΙΚΗ,3,3,ΥΠ,1,,
26183,7,ΨΥΧΟΛΟΓΙΑΣ,ΠΡΟ,600006,ΕΙΣΑΓΩΓΗ ΣΤΗΝ ΑΝΑΠΤΥΞΙΑΚΗ ΨΥΧΟΛΟΓΙΑ,1,3,ΥΠ,1,,
26184,7,ΨΥΧΟΛΟΓΙΑΣ,ΠΡΟ,600012,ΕΙΣΑΓΩΓΗ ΣΤΗΝ ΚΟΙΝΩΝΙΚΗ ΨΥΧΟΛΟΓΙΑ ΙΙ,2,3,ΥΠ,1,,
26185,7,ΨΥΧΟΛΟΓΙΑΣ,ΠΡΟ,600013,ΕΙΣΑΓΩΓΗ ΣΤΗ ΓΝΩΣΤΙΚΗ ΨΥΧΟΛΟΓΙΑ,2,3,ΥΠ,1,,
26186,7,ΨΥΧΟΛΟΓΙΑΣ,ΠΡΟ,600023,ΝΕΥΡΟΨΥΧΟΛΟΓΙΑ,2,3,ΕΥ,1,,
26187,7,ΨΥΧΟΛΟΓΙΑΣ,ΠΡΟ,600031,ΒΙΟΛΟΓΙΚΗ ΨΥΧΟΛΟΓΙΑ,2,3,ΥΠ,1,,
26188,7,ΨΥΧΟΛΟΓΙΑΣ,ΠΡΟ,600043,EΙΣΑΓΩΓΗ ΣΤΗΝ ΚΟΙΝΩΝΙΚΗ ΕΡΕΥΝΑ Ι,1,3,ΥΠ,1,,
26189,7,ΨΥΧΟΛΟΓΙΑΣ,ΠΡΟ,600051,ΕΓΚΛΗΜΑΤΟΛΟΓΙΚΗ ΨΥΧΟΛΟΓΙΑ: ΣΥΓΧΡΟΝΑ ΘΕΜΑΤΑ ΨΥΧΟΪΑΤΡΟΔΙΚΑΣΤΙΚΗΣ,5,3,ΥΠ,1,,
26190,7,ΨΥΧΟΛΟΓΙΑΣ,ΠΡΟ,600053,ΚΟΙΝΩΝΙΚΗ ΕΠΙΡΡΟΗ Ι,3,3,ΥΠ,1,,
26191,7,ΨΥΧΟΛΟΓΙΑΣ,ΠΡΟ,600060,ΚΟΙΝΩΝΙΚΕΣ ΑΝΑΠΑΡΑΣΤΑΣΕΙΣ,4,3,ΥΠ,1,,
26192,7,ΨΥΧΟΛΟΓΙΑΣ,ΠΡΟ,600073,ΓΝΩΣΤΙΚΗ ΑΝΑΠΤΥΞΗ,2,3,ΕΥ,1,,
26193,7,ΨΥΧΟΛΟΓΙΑΣ,ΠΡΟ,600079,ΠΡΑΚΤΙΚΕΣ ΑΣΚΗΣΕΙΣ ΣΤΑΤΙΣΤΙΚΗΣ,6,3,ΥΠ,1,,
26194,7,ΨΥΧΟΛΟΓΙΑΣ,ΠΡΟ,600093,ΨΥΧΟΚΟΙΝΩΝΙΟΛΟΓΙΑ ΤΩΝ Μ.Μ.Ε.,2,3,ΕΥ,1,,
26195,7,ΨΥΧΟΛΟΓΙΑΣ,ΠΡΟ,600094,ΕΙΣΑΓΩΓΗ ΣΤΗΝ ΚΟΙΝΩΝΙΚΗ ΕΡΕΥΝΑ ΙΙ,2,3,ΥΠ,1,,
26196,7,ΨΥΧΟΛΟΓΙΑΣ,ΠΡΟ,600105,ΕΡΓΑΣΤΗΡΙΑ ΚΟΙΝΩΝΙΚΗΣ  ΨΥΧΟΛΟΓΙΑΣ,5,4,ΥΠ,1,,
26197,7,ΨΥΧΟΛΟΓΙΑΣ,ΠΡΟ,600119,ΘΕΩΡΙΕΣ ΠΡΟΣΩΠΙΚΟΤΗΤΑΣ ΚΑΙ ΚΛΙΝΙΚΗ ΨΥΧΟΛΟΓΙΑ,1,3,ΥΠ,1,,
26198,7,ΨΥΧΟΛΟΓΙΑΣ,ΠΡΟ,600121,ΠΟΛΙΤΙΣΜΟΣ ΚΑΙ ΕΛΕΥΘΕΡΟΣ ΧΡΟΝΟΣ,1,3,ΕΥ,1,,
26199,7,ΨΥΧΟΛΟΓΙΑΣ,ΠΡΟ,600123,ΨΥΧΟΜΕΤΡΙΑ Ι,3,3,ΥΠ,1,,
26200,7,ΨΥΧΟΛΟΓΙΑΣ,ΠΡΟ,600127,ΨΥΧΟΜΕΤΡΙΑ ΙΙ,2,3,ΕΥ,1,,
26201,7,ΨΥΧΟΛΟΓΙΑΣ,ΠΡΟ,600130,ΠΕΙΡΑΜΑΤΙΚΟΣ ΣΧΕΔΙΑΣΜΟΣ ΕΡΕΥΝΑΣ ΣΤΗΝ ΨΥΧΟΛΟΓΙΑ,4,3,ΥΠ,1,,
26202,7,ΨΥΧΟΛΟΓΙΑΣ,ΠΡΟ,600135,ΨΥΧΟΛΟΓΙΑ ΤΗΣ ΥΓΕΙΑΣ ΙΙ,1,3,ΕΥ,1,,
26203,7,ΨΥΧΟΛΟΓΙΑΣ,ΠΡΟ,600136,ΑΝΑΠΤΥΞΗ ΜΑΘΗΜΑΤΙΚΩΝ ΕΝΝΟΙΩΝ,1,3,ΕΥ,1,,
26204,7,ΨΥΧΟΛΟΓΙΑΣ,ΠΡΟ,600137,ΠΡΑΚΤΙΚΗ  ΑΣΚΗΣΗ  ΣΤΗΝ ΨΥΧΟΛΟΓΙΑ,7,6,ΥΠ,1,,
26205,7,ΨΥΧΟΛΟΓΙΑΣ,ΠΡΟ,600142,ΠΤΥΧΙΑΚΗ ΕΡΓΑΣΙΑ,8,7,ΥΠ,1,,
26206,7,ΨΥΧΟΛΟΓΙΑΣ,ΠΡΟ,600143,ΠΤΥΧΙΑΚΗ ΕΡΓΑΣΙΑ,7,7,ΥΠ,1,,
26207,7,ΨΥΧΟΛΟΓΙΑΣ,ΠΡΟ,600148,ΜΕΘΟΔΟΙ ΕΡΕΥΝΑΣ ΣΤΗΝ ΚΛΙΝΙΚΗ ΨΥΧΟΛΟΓΙΑ,5,3,ΥΠ,1,,
26208,7,ΨΥΧΟΛΟΓΙΑΣ,ΠΡΟ,600152,ΚΟΙΝΩΝΙΚΗ ΝΟΗΣΗ,6,3,ΥΠ,1,,
26209,7,ΨΥΧΟΛΟΓΙΑΣ,ΠΡΟ,600168,ΙΔΕΟΛΟΓΙΑ ΚΑΙ ΚΟΙΝΩΝΙΚΗ ΨΥΧΟΛΟΓΙΑ,2,3,ΕΥ,1,,
26210,7,ΨΥΧΟΛΟΓΙΑΣ,ΠΡΟ,600169,ΚΟΙΝΩΝΙΟΛΟΓΙΑ ΤΗΣ ΕΡΓΑΣΙΑΣ,1,3,ΕΥ,1,,
26211,7,ΨΥΧΟΛΟΓΙΑΣ,ΠΡΟ,600171,ΣΤΕΡΕΟΤΥΠΑ,1,3,ΕΥ,1,,
26212,7,ΨΥΧΟΛΟΓΙΑΣ,ΠΡΟ,600189,ΚΟΙΝΩΝΙΚΗ ΤΑΥΤΟΤΗΤΑ ΚΑΙ ΔΙΟΜΑΔΙΚΕΣ ΣΧΕΣΕΙΣ,2,3,ΕΥ,1,,
26213,7,ΨΥΧΟΛΟΓΙΑΣ,ΠΡΟ,600196,ΕΙΣΑΓΩΓΗ ΣΤΗΝ ΚΟΙΝΩΝΙΟΛΟΓΙΑ,4,3,ΥΠ,1,,
26214,7,ΨΥΧΟΛΟΓΙΑΣ,ΠΡΟ,600204,ΣΕΜΙΝΑΡΙΟ ΚΟΙΝΩΝΙΚΗΣ ΨΥΧΟΛΟΓΙΑΣ Ι,1,3,ΕΥ,1,,
26215,7,ΨΥΧΟΛΟΓΙΑΣ,ΠΡΟ,600205,ΣΕΜΙΝΑΡΙΟ ΚΟΙΝΩΝΙΚΗΣ ΨΥΧΟΛΟΓΙΑΣ ΙΙ,2,3,ΕΥ,1,,
26216,7,ΨΥΧΟΛΟΓΙΑΣ,ΠΡΟ,600206,ΚΟΙΝΩΝΙΑ ΤΗΣ ΠΛΗΡΟΦΟΡΙΑΣ ΚΑΙ ΟΠΤΙΚΟΑΚΟΥΣΤΙΚΗ ΕΚΠΑΙΔΕΥΣΗ,2,3,ΕΥ,1,,
26217,7,ΨΥΧΟΛΟΓΙΑΣ,ΠΡΟ,600210,ΕΡΜΗΝΕΥΤΙΚΕΣ ΔΙΑΔΙΚΑΣΙΕΣ ΣΥΜΠΕΡΙΦΟΡΩΝ ΚΑΙ ΕΝΙΣΧΥΣΕΩΝ,1,3,ΕΥ,1,,
26218,7,ΨΥΧΟΛΟΓΙΑΣ,ΠΡΟ,600216,ΚΟΙΝΩΝΙΟΛΟΓΙΑ ΤΗΣ ΥΓΕΙΑΣ,1,3,ΕΥ,1,,
26219,7,ΨΥΧΟΛΟΓΙΑΣ,ΠΡΟ,600221,ΨΥΧΟΛΟΓΙΑ ΤΩΝ  ΠΟΛΥ-ΠΟΛΙΤΙΣΜΙΚΩΝ  ΚΟΙΝΩΝΙΩΝ ΚΑΙ ΤΗΣ ΜΕΤΑΝΑΣΤΕΥΣΗΣ,2,3,ΕΥ,1,,
26220,7,ΨΥΧΟΛΟΓΙΑΣ,ΠΡΟ,600225,ΨΥΧΟΛΟΓΙΑ ΤΩΝ ΔΙΑΠΡΟΣΩΠΙΚΩΝ ΣΧΕΣΕΩΝ Ι,1,3,ΕΥ,1,,
26221,7,ΨΥΧΟΛΟΓΙΑΣ,ΠΡΟ,600229,ΚΟΙΝΩΝΙΟΛΟΓΙΑ ΤΟΥ ΣΩΜΑΤΟΣ,1,3,ΕΥ,1,,
26222,7,ΨΥΧΟΛΟΓΙΑΣ,ΠΡΟ,600233,ΣΥΓΧΡΟΝΑ ΘΕΜΑΤΑ ΣΤΗΝ  ΑΝΑΠΤΥΞΙΑΚΗ  ΨΥΧΟΛΟΓΙΑ,1,3,ΕΥ,1,,
26223,7,ΨΥΧΟΛΟΓΙΑΣ,ΠΡΟ,600237,ΚΛΙΝΙΚΗ ΨΥΧΟΛΟΓΙΑ ΚΑΙ ΨΥΧΟΛΟΓΙΑ ΤΗΣ ΥΓΕΙΑΣ ΣΤΗΝ ΠΡΑΞΗ,2,3,ΕΥ,1,,
26224,7,ΨΥΧΟΛΟΓΙΑΣ,ΠΡΟ,600238,ΕΡΓΑΣΤΗΡΙΑ ΣΤΗΝ  ΑΝΑΛΥΣΗ  ΤΗΣ ΣΥΜΠΕΡΙΦΟΡΑΣ,2,3,ΕΥ,1,,
26225,7,ΨΥΧΟΛΟΓΙΑΣ,ΠΡΟ,600239,ΣΥΜΠΕΡΙΦΟΡΙΣΜΟΣ ΚΑΙ ΨΥΧΟΠΑΘΟΛΟΓΙΑ,1,3,ΕΥ,1,,
26226,7,ΨΥΧΟΛΟΓΙΑΣ,ΠΡΟ,600241,ΠΟΛΥΠΛΟΚΑ ΚΟΙΝΩΝΙΚΑ ΣΥΣΤΗΜΑΤΑ ΚΑΙ ΚΟΙΝΩΝΙΚΕΣ ΠΡΟΣΟΜΟΙΩΣΕΙΣ,2,3,ΕΥ,1,,
26227,7,ΨΥΧΟΛΟΓΙΑΣ,ΠΡΟ,600242,ΨΥΧΟΛΟΓΙΑ ΤΩΝ ΔΙΑΠΡΟΣΩΠΙΚΩΝ ΣΧΕΣΕΩΝ ΙΙ,2,3,ΕΥ,1,,
26228,7,ΨΥΧΟΛΟΓΙΑΣ,ΠΡΟ,600257,Η ΑΝΑΛΥΣΗ ΤΗΣ ΣΥΜΠΕΡΙΦΟΡΑΣ Ι,3,3,ΥΠ,1,,
26229,7,ΨΥΧΟΛΟΓΙΑΣ,ΠΡΟ,600258,Η ΑΝΑΛΥΣΗ ΤΗΣ ΣΥΜΠΕΡΙΦΟΡΑΣ ΙΙ,2,3,ΕΥ,1,,
26230,7,ΨΥΧΟΛΟΓΙΑΣ,ΠΡΟ,600263,"ΚΥΒΕΡΝΟΨΥΧΟΛΟΓΙΑ, ΚΟΙΝΩΝΙΚΕΣ ΕΠΙΣΤΗΜΕΣ ΚΑΙ ΔΙΑΔΙΚΤΥΟ",1,3,ΕΥ,1,,
26231,7,ΨΥΧΟΛΟΓΙΑΣ,ΠΡΟ,600265,ΔΗΜΟΣΙΑ ΣΥΣΤΗΜΑΤΑ ΨΥΧΙΚΗΣ ΥΓΕΙΑΣ: ΣΥΜΜΕΤΟΧΗ ΚΑΙ ΕΝΔΥΝΑΜΩΣΗ ΧΡΗΣΤΩΝ ΚΑΙ ΟΙΚΟΓΕΝΕΙΩΝ ΣΤΟ ΧΩΡΟ ΤΗΣ ΨΥΧΙΚΗΣ ΥΓΕΙΑΣ,2,3,ΕΥ,1,,
26232,7,ΨΥΧΟΛΟΓΙΑΣ,ΠΡΟ,600269,ΠΡΑΚΤΙΚΗ ΑΣΚΗΣΗ ΣΤΗΝ ΨΥΧΟΛΟΓΙΑ,8,6,ΥΠ,1,,
26233,7,ΨΥΧΟΛΟΓΙΑΣ,ΠΡΟ,600272,ΕΙΣΑΓΩΓΗ ΣΤΗ ΨΥΧΟΛΟΓΙΑ ΤΗΣ ΥΓΕΙΑΣ,6,3,ΥΠ,1,,
26234,7,ΨΥΧΟΛΟΓΙΑΣ,ΠΡΟ,600273,ΔΟΜΗ ΚΑΙ ΛΕΙΤΟΥΡΓΙΕΣ ΤΟΥ ΓΝΩΣΤΙΚΟΥ ΣΥΣΤΗΜΑΤΟΣ : Η ΠΕΡΙΠΤΩΣΗ ΤΗΣ ΕΠΙΛΥΣΗΣ ΤΩΝ ΠΡΟΒΛΗΜΑΤΩΝ,1,3,ΕΥ,1,,
26235,7,ΨΥΧΟΛΟΓΙΑΣ,ΠΡΟ,600286,ΨΥΧΟΠΑΘΟΛΟΓΙΑ ΤΟΥ ΕΝΗΛΙΚΑ,5,3,ΥΠ,1,,
26236,7,ΨΥΧΟΛΟΓΙΑΣ,ΠΡΟ,600287,ΙΣΤΟΡΙΑ ΚΑΙ ΣΥΣΤΗΜΑΤΑ ΤΗΣ ΨΥΧΟΛΟΓΙΑΣ,6,3,ΥΠ,1,,
26237,7,ΨΥΧΟΛΟΓΙΑΣ,ΠΡΟ,600290,ΚΥΡΙΕΣ ΨΥΧΟΘΕΡΑΠΕΥΤΙΚΕΣ ΠΡΟΣΕΓΓΙΣΕΙΣ: ΤΕΚΜΗΡΙΩΣΗ ΑΠΟΤΕΛΕΣΜΑΤΙΚΟΤΗΤΑΣ,2,3,ΕΥ,1,,
26238,7,ΨΥΧΟΛΟΓΙΑΣ,ΠΡΟ,600292,ΕΙΣΑΓΩΓΗ ΣΤΗ ΘΕΤΙΚΗ ΨΥΧΟΛΟΓΙΑ,2,3,ΕΥ,1,,
26239,7,ΨΥΧΟΛΟΓΙΑΣ,ΠΡΟ,600294,ΚΟΙΝΩΝΙΚΗ ΚΑΙ ΠΟΛΙΤΙΚΗ ΨΥΧΟΛΟΓΙΑ,5,3,ΥΠ,1,,
26240,7,ΨΥΧΟΛΟΓΙΑΣ,ΠΡΟ,600295,ΜΕΤΑΓΝΩΣΤΙΚΕΣ ΔΙΕΡΓΑΣΙΕΣ: ΒΑΣΙΚΕΣ ΕΝΝΟΙΕΣ,1,3,ΕΥ,1,,
26241,7,ΨΥΧΟΛΟΓΙΑΣ,ΠΡΟ,600298,Η ΕΝΝΟΙΑ ΤΗΣ ΣΥΓΚΡΟΥΣΗΣ ΣΤΗΝ ΚΟΙΝΩΝΙΚΗ ΨΥΧΟΛΟΓΙΑ,2,3,ΕΥ,1,,
26242,7,ΨΥΧΟΛΟΓΙΑΣ,ΠΡΟ,600300,ΔΥΝΗΤΙΚΕΣ ΠΟΛΙΤΙΚΕΣ ΚΟΙΝΟΤΗΤΕΣ: ΨΥΧΟΛΟΓΙΚΕΣ ΚΑΙ ΚΟΙΝΩΝΙΟΛΟΓΙΚΕΣ ΠΡΟΣΕΓΓΙΣΕΙΣ,2,3,ΕΥ,1,,
26243,7,ΨΥΧΟΛΟΓΙΑΣ,ΠΡΟ,600301,Η ΚΟΥΛΤΟΥΡΑ ΤΟΥ ΔΙΑΔΙΚΤΥΟΥ:ΚΟΙΝΩΝΙΟ-ΨΥΧΟΛΟΓΙΚΕΣ ΠΡΟΣΕΓΓΙΣΕΙΣ ΚΑΙ ΕΦΑΡΜΟΓΕΣ,2,3,ΕΥ,1,,
26244,7,ΨΥΧΟΛΟΓΙΑΣ,ΠΡΟ,600302,ΜΕΘΟΔΟΙ ΚΑΙ ΤΕΧΝΙΚΕΣ ΕΡΕΥΝΑΣ ΣΤΟΝ ΚΥΒΕΡΝΟΧΩΡΟ,1,3,ΕΥ,1,,
26245,7,ΨΥΧΟΛΟΓΙΑΣ,ΠΡΟ,600303,ΚΟΙΝΩΝΙΚΗ ΨΥΧΟΛΟΓΙΑ ΤΗΣ ΓΝΩΣΗΣ,2,3,ΕΥ,1,,
26246,7,ΨΥΧΟΛΟΓΙΑΣ,ΠΡΟ,600304,ΔΕΟΝΤΟΛΟΓΙΑ ΚΑΙ ΒΙΟΗΘΙΚΗ ΣΤΙΣ ΕΠΙΣΤΗΜΕΣ ΤΟΥ ΑΝΘΡΩΠΟΥ,6,3,ΥΠ,1,,
26247,7,ΨΥΧΟΛΟΓΙΑΣ,ΠΡΟ,600307,KEY ISSUES IN PSYCHOLOGY I - ERASMUS+,1,3,ΕΥ,1,,
26248,7,ΨΥΧΟΛΟΓΙΑΣ,ΠΡΟ,600308,KEY ISSUES IN PSYCHOLOGY II - ERASMUS+,2,3,ΕΥ,1,,
26249,7,ΨΥΧΟΛΟΓΙΑΣ,ΠΡΟ,600309,ΓΝΩΣΤΙΚΗ ΨΥΧΟΛΟΓΙΑ: ΕΡΕΥΝΑ ΚΑΙ ΕΦΑΡΜΟΓΕΣ,1,3,ΕΥ,1,,
26250,7,ΨΥΧΟΛΟΓΙΑΣ,ΠΡΟ,600310,"ΕΝΔΥΝΑΜΩΣΗ ΚΑΙ ΣΥΝΗΓΟΡΙΑ ΣΤΟΝ ΧΩΡΟ ΤΗΣ ΨΥΧΙΚΗΣ ΥΓΕΙΑΣ: ΘΕΩΡΙΑ, ΜΕΘΟΔΟΛΟΓΙΑ ΚΑΙ ΚΑΛΕΣ ΠΡΑΚΤΙΚΕΣ",2,3,ΕΥ,1,,
26251,7,ΨΥΧΟΛΟΓΙΑΣ,ΠΡΟ,600311,ΔΙΑΣΤΑΣΕΙΣ ΠΟΛΙΤΙΚΗΣ ΨΥΧΟΛΟΓΙΑΣ ΣΕ ΚΑΙΡΟΥΣ ΚΡΙΣΗΣ,2,3,ΕΥ,1,,
26252,7,ΨΥΧΟΛΟΓΙΑΣ,ΠΡΟ,600312,"ΑΝΑΠΤΥΞΙΑΚΗ ΨΥΧΟΛΟΓΙΑ, ΕΡΕΥΝΑ ΚΑΙ ΕΦΑΡΜΟΓΕΣ",1,3,ΥΠ,1,,
26253,7,ΨΥΧΟΛΟΓΙΑΣ,ΠΡΟ,600313,ΣΤΡΑΤΗΓΙΚΕΣ ΑΝΑΖΗΤΗΣΗΣ ΠΛΗΡΟΦΟΡΙΑΣ: Η ΒΙΒΛΙΟΓΡΑΦΙΚΗ ΕΡΕΥΝΑ ΣΤΟ ΗΛΕΚΤΡΟΝΙΚΟ ΠΕΡΙΒΑΛΛΟΝ ΩΣ ΧΩΡΟΣ ΠΡΟΒΛΗΜΑΤΟΣ,2,3,ΥΠ,1,,
26254,7,ΨΥΧΟΛΟΓΙΑΣ,ΠΡΟ,600314,"ΣΥΓΓΡΑΦΗ ΕΠΙΣΤΗΜΟΝΙΚΩΝ ΚΕΙΜΕΝΩΝ: ΚΑΝΟΝΕΣ, ΔΥΝΑΤΟΤΗΤΕΣ, ΠΕΡΙΟΡΙΣΜΟΙ",1,3,ΕΥ,1,,
26255,7,ΨΥΧΟΛΟΓΙΑΣ,ΠΡΟ,600316,ΜΕΘΟΔΟΛΟΓΙΚΑ ΖΗΤΗΜΑΤΑ ΑΝΑΠΤΥΞΙΑΚΗΣ ΨΥΧΟΛΟΓΙΑΣ,2,3,ΕΥ,1,,
26256,7,ΨΥΧΟΛΟΓΙΑΣ,ΠΡΟ,600321,ΠΡΑΚΤΙΚΕΣ ΠΕΙΘΟΥΣ ΚΑΙ ΚΟΙΝΩΝΙΚΗΣ ΕΠΙΡΡΟΗΣ: ΕΦΑΡΜΟΓΕΣ ΣΤΗΝ ΚΑΘΗΜΕΡΙΝΟΤΗΤΑ,2,3,ΕΥ,1,,
26257,7,ΨΥΧΟΛΟΓΙΑΣ,ΠΡΟ,600323,ΕΙΣΑΓΩΓΗ ΣΤΗΝ ΚΟΙΝΩΝΙΚΗ ΨΥΧΙΑΤΡΙΚΗ ΚΑΙ ΚΟΙΝΟΤΙΚΗ ΨΥΧΟΛΟΓΙΑ,3,3,ΥΠ,1,,
26258,7,ΨΥΧΟΛΟΓΙΑΣ,ΠΡΟ,600324,ΜΕΤΑΓΝΩΣΤΙΚΕΣ ΔΙΕΡΓΑΣΙΕΣ ΚΑΙ ΕΚΠΑΙΔΕΥΣΗ,2,3,ΕΥ,1,,
26259,7,ΨΥΧΟΛΟΓΙΑΣ,ΠΡΟ,600326,"ΣΕΜ ΔΥΝΗΤΟΠΟΙΗΣΗ: ΣΧΕΣΕΙΣ, ΤΑΥΤΟΤΗΤΕΣ, ΠΡΑΚΤΙΚΕΣ ΣΤΟ ΔΙΑΔΙΚΤΥΟ Ι",1,3,ΕΥ,1,,
26260,8,ΔΗΜΟΣΙΑΣ ΔΙΟΙΚΗΣΗΣ,ΠΡΟ,700001,ΟΙΚΟΝΟΜΙΚΑ ΜΑΘΗΜΑΤΙΚΑ Ι,1,4,ΥΠ,1,,
26261,8,ΔΗΜΟΣΙΑΣ ΔΙΟΙΚΗΣΗΣ,ΠΡΟ,700004,ΓΕΝΙΚΗ ΠΟΛΙΤΕΙΟΛΟΓΙΑ & ΣΥΝΤΑΓΜΑΤΙΚΟ ΔΙΚΑΙΟ (ΕΙΣΑΓΩΓΗ),1,4,ΥΠ,1,,
26262,8,ΔΗΜΟΣΙΑΣ ΔΙΟΙΚΗΣΗΣ,ΠΡΟ,700005,ΕΙΣΑΓΩΓΗ ΣΤΟ ΔΙΟΙΚΗΤΙΚΟ ΔΙΚΑΙΟ,1,4,ΥΠ,1,,
26263,8,ΔΗΜΟΣΙΑΣ ΔΙΟΙΚΗΣΗΣ,ΠΡΟ,700007,"ΔΙΟΙΚΗΤΙΚΟ ΔΙΚΑΙΟ (ΔΙΟΙΚΗΤΙΚΗ ΟΡΓΑΝΩΣΗ ΤΟΥ ΚΡΑΤΟΥΣ, ΠΗΓΕΣ ΚΑΙ ΣΥΣΤΗΜΑΤΑ ΟΡΓΑΝΩΣΗΣ)",2,4,ΥΠ,1,,
26264,8,ΔΗΜΟΣΙΑΣ ΔΙΟΙΚΗΣΗΣ,ΠΡΟ,700010,ΑΡΧΕΣ ΧΡΗΜΑΤΟΟΙΚΟΝΟΜΙΚΗΣ ΛΟΓΙΣΤΙΚΗΣ,2,4,ΥΠ,1,,
26265,8,ΔΗΜΟΣΙΑΣ ΔΙΟΙΚΗΣΗΣ,ΠΡΟ,700014,ΔΙΟΙΚΗΤΙΚΟ ΔΙΚΑΙΟ (ΔΙΚΑΙΟ ΔΗΜΟΣΙΩΝ ΥΠΑΛΛΗΛΩΝ),3,4,ΥΠ,1,,
26266,8,ΔΗΜΟΣΙΑΣ ΔΙΟΙΚΗΣΗΣ,ΠΡΟ,700017,ΕΙΣΑΓΩΓΗ ΣΤΟ ΕΥΡΩΠΑΙΚΟ ΔΙΚΑΙΟ,3,4,ΥΠ,1,,
26267,8,ΔΗΜΟΣΙΑΣ ΔΙΟΙΚΗΣΗΣ,ΠΡΟ,700020,ΔΙΟΙΚΗΤΙΚΟ ΔΙΚΑΙΟ (ΔΙΚΑΙΟ ΔΙΟΙΚΗΤΙΚΩΝ ΠΡΑΞΕΩΝ),4,4,ΥΠ,1,,
26268,8,ΔΗΜΟΣΙΑΣ ΔΙΟΙΚΗΣΗΣ,ΠΡΟ,700022,ΟΙΚΟΝΟΜΙΚΗ ΠΟΛΙΤΙΚΗ,3,4,ΥΠ,1,,
26269,8,ΔΗΜΟΣΙΑΣ ΔΙΟΙΚΗΣΗΣ,ΠΡΟ,700023,ΧΡΗΜΑΤΟΟΙΚΟΝΟΜΙΚΗ ΛΟΓΙΣΤΙΚΗ,6,4,ΥΠ,1,,
26270,8,ΔΗΜΟΣΙΑΣ ΔΙΟΙΚΗΣΗΣ,ΠΡΟ,700037,ΠΡΑΚΤΙΚΗ ΤΗΣ ΟΙΚΟΝΟΜΙΚΗΣ ΠΟΛΙΤΙΚΗΣ,6,4,ΥΠ,1,,
26271,8,ΔΗΜΟΣΙΑΣ ΔΙΟΙΚΗΣΗΣ,ΠΡΟ,700041,ΘΕΩΡΙΑ ΟΙΚΟΝΟΜΙΚΗΣ ΜΕΓΕΘΥΝΣΗΣ,7,4,ΥΠ,1,,
26272,8,ΔΗΜΟΣΙΑΣ ΔΙΟΙΚΗΣΗΣ,ΠΡΟ,700046,ΟΙΚΟΝΟΜΙΚΗ ΤΩΝ ΕΝΟΠΟΙΗΣΕΩΝ,7,3,ΕΥ,1,,
26273,8,ΔΗΜΟΣΙΑΣ ΔΙΟΙΚΗΣΗΣ,ΠΡΟ,700049,ΠΟΛΙΤΙΚΗ ΟΙΚΟΝΟΜΙΚΗΣ ΜΕΓΕΘΥΝΣΗΣ,8,4,ΥΠ,1,,
26274,8,ΔΗΜΟΣΙΑΣ ΔΙΟΙΚΗΣΗΣ,ΠΡΟ,700050,ΑΝΑΛΥΣΗ ΕΙΣΡΟΩΝ-ΕΚΡΟΩΝ,8,4,ΥΠ,1,,
26275,8,ΔΗΜΟΣΙΑΣ ΔΙΟΙΚΗΣΗΣ,ΠΡΟ,700051,ΜΑΚΡΟΟΙΚΟΝΟΜΙΚΗ Ι,4,4,ΥΠ,1,,
26276,8,ΔΗΜΟΣΙΑΣ ΔΙΟΙΚΗΣΗΣ,ΠΡΟ,700055,ΣΥΝΕΤΑΙΡΙΣΤΙΚΗ ΟΙΚΟΝΟΜΙΚΗ,8,3,ΕΥ,1,,
26277,8,ΔΗΜΟΣΙΑΣ ΔΙΟΙΚΗΣΗΣ,ΠΡΟ,700058,ΔΙΟΙΚΗΤΙΚΟ ΔΙΚΑΙΟ (ΓΕΝΙΚΕΣ ΑΡΧΕΣ),5,4,ΥΠ,1,,
26278,8,ΔΗΜΟΣΙΑΣ ΔΙΟΙΚΗΣΗΣ,ΠΡΟ,700059,ΔΗΜΟΣΙΟΝΟΜΙΚΟ ΔΙΚΑΙΟ (ΔΗΜΟΣΙΟ ΛΟΓΙΣΤΙΚΟ),5,4,ΥΠ,1,,
26279,8,ΔΗΜΟΣΙΑΣ ΔΙΟΙΚΗΣΗΣ,ΠΡΟ,700064,ΑΣΤΙΚΟ ΔΙΚΑΙΟ (ΕΜΠΡΑΓΜΑΤΟ ΔΙΚΑΙΟ),5,3,ΕΥ,1,,
26280,8,ΔΗΜΟΣΙΑΣ ΔΙΟΙΚΗΣΗΣ,ΠΡΟ,700065,ΣΥΝΤΑΓΜΑΤΙΚΟ ΔΙΚΑΙΟ (ΣΥΓΚΡΙΤΙΚΟ),6,4,ΥΠ,1,,
26281,8,ΔΗΜΟΣΙΑΣ ΔΙΟΙΚΗΣΗΣ,ΠΡΟ,700066,ΕΙΔΙΚΑ ΚΕΦΑΛΑΙΑ ΔΙΟΙΚΗΤΙΚΟΥ ΔΙΚΑΙΟΥ (ΔΙΟΙΚΗΤΙΚΕΣ ΣΥΜΒΑΣΕΙΣ-ΑΣΤΙΚΗ ΕΥΘΥΝΗ ΤΟΥ ΚΡΑΤΟΥΣ-ΔΗΜΟΣΙΑ ΚΤΗΣΗ),8,3,ΕΥ,1,,
26282,8,ΔΗΜΟΣΙΑΣ ΔΙΟΙΚΗΣΗΣ,ΠΡΟ,700071,ΕΜΠΟΡΙΚΟ ΔΙΚΑΙΟ (ΕΙΣΑΓΩΓΗ ΣΤΟ ΔΙΚΑΙΟ ΤΩΝ ΕΤΑΙΡΙΩΝ),6,3,ΕΥ,1,,
26283,8,ΔΗΜΟΣΙΑΣ ΔΙΟΙΚΗΣΗΣ,ΠΡΟ,700074,ΔΙΟΙΚΗΤΙΚΟ ΔΙΚΑΙΟ (ΔΙΟΙΚΗΤΙΚΗ ΔΙΚΑΙΟΣΥΝΗ Ι),7,4,ΥΠ,1,,
26284,8,ΔΗΜΟΣΙΑΣ ΔΙΟΙΚΗΣΗΣ,ΠΡΟ,700075,ΕΥΡΩΠΑΪΚΟ ΔΙΚΑΙΟ (ΕΝΩΣΙΑΚΕΣ ΕΛΕΥΘΕΡΙΕΣ),7,4,ΥΠ,1,,
26285,8,ΔΗΜΟΣΙΑΣ ΔΙΟΙΚΗΣΗΣ,ΠΡΟ,700078,ΔΙΕΘΝΕΙΣ ΟΡΓΑΝΙΣΜΟΙ,8,4,ΥΠ,1,,
26286,8,ΔΗΜΟΣΙΑΣ ΔΙΟΙΚΗΣΗΣ,ΠΡΟ,700081,ΦΙΛΟΣΟΦΙΑ ΤΟΥ ΔΙΚΑΙΟΥ,8,3,ΕΥ,1,,
26287,8,ΔΗΜΟΣΙΑΣ ΔΙΟΙΚΗΣΗΣ,ΠΡΟ,700083,ΖΗΤΗΜΑΤΑ ΣΥΝΤΑΓΜΑΤΙΚΗΣ ΚΑΙ ΔΙΟΙΚΗΤΙΚΗΣ ΔΙΚΑΙΟΣΥΝΗΣ,8,4,ΥΠ,1,,
26288,8,ΔΗΜΟΣΙΑΣ ΔΙΟΙΚΗΣΗΣ,ΠΡΟ,700088,ΜΕΘΟΔΟΛΟΓΙΑ ΤΟΥ ΔΙΚΑΙΟΥ,3,3,ΕΥ,1,,
26289,8,ΔΗΜΟΣΙΑΣ ΔΙΟΙΚΗΣΗΣ,ΠΡΟ,700094,ΔΙΟΙΚΗΣΗ ΑΝΘΡΩΠΙΝΩΝ ΠΟΡΩΝ,4,3,ΕΥ,1,,
26290,8,ΔΗΜΟΣΙΑΣ ΔΙΟΙΚΗΣΗΣ,ΠΡΟ,700095,ΕΙΔΙΚΑ ΘΕΜΑΤΑ ΛΟΓΙΣΤΙΚΗΣ,5,3,ΕΥ,1,,
26291,8,ΔΗΜΟΣΙΑΣ ΔΙΟΙΚΗΣΗΣ,ΠΡΟ,700098,ΔΙΕΘΝΗΣ ΟΙΚΟΝΟΜΙΚΗ Ι,5,4,ΥΠ,1,,
26292,8,ΔΗΜΟΣΙΑΣ ΔΙΟΙΚΗΣΗΣ,ΠΡΟ,700102,ΔΙΕΘΝΗΣ ΟΙΚΟΝΟΜΙΚΗ ΙΙ,6,4,ΥΠ,1,,
26293,8,ΔΗΜΟΣΙΑΣ ΔΙΟΙΚΗΣΗΣ,ΠΡΟ,700103,ΕΘΝΙΚΟ ΚΑΙ  ΕΥΡΩΠΑΙΚΟ ΦΟΡΟΛΟΓΙΚΟ ΔΙΚΑΙΟ,6,4,ΥΠ,1,,
26294,8,ΔΗΜΟΣΙΑΣ ΔΙΟΙΚΗΣΗΣ,ΠΡΟ,700107,ΕΛΕΓΚΤΙΚΗ,7,4,ΥΠ,1,,
26295,8,ΔΗΜΟΣΙΑΣ ΔΙΟΙΚΗΣΗΣ,ΠΡΟ,700109,ΟΙΚΟΝΟΜΕΤΡΙΑ Ι,7,4,ΥΠ,1,,
26296,8,ΔΗΜΟΣΙΑΣ ΔΙΟΙΚΗΣΗΣ,ΠΡΟ,700111,ΕΠΙΧΕΙΡΗΣΙΑΚΗ ΕΡΕΥΝΑ,8,3,ΕΥ,1,,
26297,8,ΔΗΜΟΣΙΑΣ ΔΙΟΙΚΗΣΗΣ,ΠΡΟ,700113,ΕΥΡΩΠΑΙΚΟ ΔΙΚΑΙΟ (ΕΝΩΣΙΑΚΕΣ ΠΟΛΙΤΙΚΕΣ),8,3,ΕΥ,1,,
26298,8,ΔΗΜΟΣΙΑΣ ΔΙΟΙΚΗΣΗΣ,ΠΡΟ,700114,ΤΡΑΠΕΖΙΚΟ ΔΙΚΑΙΟ,6,4,ΥΠ,1,,
26299,8,ΔΗΜΟΣΙΑΣ ΔΙΟΙΚΗΣΗΣ,ΠΡΟ,700116,ΔΙΟΙΚΗΣΗ ΠΟΛΙΤΙΣΜΙΚΩΝ ΘΕΣΜΩΝ,4,3,ΕΥ,1,,
26300,8,ΔΗΜΟΣΙΑΣ ΔΙΟΙΚΗΣΗΣ,ΠΡΟ,700117,ΔΙΑΧΕΙΡΙΣΗ ΦΥΣΙΚΩΝ ΚΑΙ ΕΝΕΡΓΕΙΑΚΩΝ ΠΟΡΩΝ,5,3,ΕΥ,1,,
26301,8,ΔΗΜΟΣΙΑΣ ΔΙΟΙΚΗΣΗΣ,ΠΡΟ,700121,ΑΣΤΙΚΟ ΔΙΚΑΙΟ (ΓΕΝΙΚΕΣ ΑΡΧΕΣ),2,4,ΥΠ,1,,
26302,8,ΔΗΜΟΣΙΑΣ ΔΙΟΙΚΗΣΗΣ,ΠΡΟ,700123,ΣΤΑΤΙΣΤΙΚΗ Ι,4,4,ΥΠ,1,,
26303,8,ΔΗΜΟΣΙΑΣ ΔΙΟΙΚΗΣΗΣ,ΠΡΟ,700124,ΕΙΣΑΓΩΓΗ ΣΤΟ ΕΜΠΟΡΙΚΟ ΔΙΚΑΙΟ,5,3,ΕΥ,1,,
26304,8,ΔΗΜΟΣΙΑΣ ΔΙΟΙΚΗΣΗΣ,ΠΡΟ,700125,ΣΤΑΤΙΣΤΙΚΗ ΙΙ,5,4,ΥΠ,1,,
26305,8,ΔΗΜΟΣΙΑΣ ΔΙΟΙΚΗΣΗΣ,ΠΡΟ,700135,ΕΦΑΡΜΟΓΕΣ ΠΛΗΡΟΦΟΡΙΚΗΣ-ΑΝΑΛΥΣΗ ΔΕΔΟΜΕΝΩΝ,6,3,ΕΥ,1,,
26306,8,ΔΗΜΟΣΙΑΣ ΔΙΟΙΚΗΣΗΣ,ΠΡΟ,700142,ΠΡΑΚΤΙΚΗ ΑΣΚΗΣΗ  (ΜΕ ΠΡΟΥΠΟΘΕΣΕΙΣ),8,3,ΕΥ,1,,
26307,8,ΔΗΜΟΣΙΑΣ ΔΙΟΙΚΗΣΗΣ,ΠΡΟ,700147,ΓΕΝΙΚΗ ΠΟΛΙΤΕΙΟΛΟΓΙΑ & ΣΥΝΤΑΓΜΑΤΙΚΟ ΔΙΚΑΙΟ (ΟΡΓΑΝΩΤΙΚΟ ΜΕΡΟΣ Ι),2,4,ΥΠ,1,,
26308,8,ΔΗΜΟΣΙΑΣ ΔΙΟΙΚΗΣΗΣ,ΠΡΟ,700148,ΑΣΤΙΚΟ ΔΙΚΑΙΟ (ΓΕΝΙΚΟ ΕΝΟΧΙΚΟ ΔΙΚΑΙΟ),3,3,ΕΥ,1,,
26309,8,ΔΗΜΟΣΙΑΣ ΔΙΟΙΚΗΣΗΣ,ΠΡΟ,700149,ΛΟΓΙΣΤΙΚΗ ΤΥΠΟΠΟΙΗΣΗ,5,4,ΥΠ,1,,
26310,8,ΔΗΜΟΣΙΑΣ ΔΙΟΙΚΗΣΗΣ,ΠΡΟ,700153,ΕΡΓΑΤΙΚΟ ΔΙΚΑΙΟ,6,4,ΥΠ,1,,
26311,8,ΔΗΜΟΣΙΑΣ ΔΙΟΙΚΗΣΗΣ,ΠΡΟ,700157,ΘΕΜΕΛΙΩΔΗ ΔΙΚΑΙΩΜΑΤΑ (ΓΕΝΙΚΟ ΜΕΡΟΣ),3,4,ΥΠ,1,,
26312,8,ΔΗΜΟΣΙΑΣ ΔΙΟΙΚΗΣΗΣ,ΠΡΟ,700159,ΔΙΟΙΚΗΣΗ ΟΛΙΚΗΣ ΠΟΙΟΤΗΤΑΣ,6,4,ΥΠ,1,,
26313,8,ΔΗΜΟΣΙΑΣ ΔΙΟΙΚΗΣΗΣ,ΠΡΟ,700161,ΕΙΔΙΚΑ ΘΕΜΑΤΑ ΤΟΠΙΚΗΣ ΑΥΤΟΔΙΟΙΚΗΣΗΣ,6,3,ΕΥ,1,,
26314,8,ΔΗΜΟΣΙΑΣ ΔΙΟΙΚΗΣΗΣ,ΠΡΟ,700162,ΕΘΝΙΚΟ ΚΑΙ ΕΥΡΩΠΑΙΚΟ ΔΗΜΟΣΙΟΝΟΜΙΚΟ ΔΙΚΑΙΟ,7,4,ΥΠ,1,,
26315,8,ΔΗΜΟΣΙΑΣ ΔΙΟΙΚΗΣΗΣ,ΠΡΟ,700170,ΟΡΓΑΝΩΣΗ ΚΑΙ ΔΙΟΙΚΗΣΗ  ΑΝΕΞΑΡΤΗΤΩΝ ΚΑΙ ΡΥΘΜΙΣΤΙΚΩΝ ΑΡΧΩΝ,3,4,ΥΠ,1,,
26316,8,ΔΗΜΟΣΙΑΣ ΔΙΟΙΚΗΣΗΣ,ΠΡΟ,700172,ΒΙΟΗΘΙΚΗ ΚΑΙ ΣΥΝΤΑΓΜΑ,8,3,ΕΥ,1,,
26317,8,ΔΗΜΟΣΙΑΣ ΔΙΟΙΚΗΣΗΣ,ΠΡΟ,700177,ΕΛΕΓΧΟΣ ΔΙΟΙΚΗΣΗΣ (ΕΥΡΩΠΑ'Ι'ΚΑ ΚΑΙ ΔΙΕΘΝΗ ΠΡΟΤΥΠΑ),8,4,ΥΠ,1,,
26318,8,ΔΗΜΟΣΙΑΣ ΔΙΟΙΚΗΣΗΣ,ΠΡΟ,700178,ΚΟΙΝΩΝΙΚΗ ΔΙΟΙΚΗΣΗ ΚΑΙ ΠΟΛΙΤΙΚΗ,5,4,ΥΠ,1,,
26319,8,ΔΗΜΟΣΙΑΣ ΔΙΟΙΚΗΣΗΣ,ΠΡΟ,700179,ΘΕΜΕΛΙΩΔΗ ΔΙΚΑΙΩΜΑΤΑ (ΕΙΔΙΚΟ ΜΕΡΟΣ),5,4,ΥΠ,1,,
26320,8,ΔΗΜΟΣΙΑΣ ΔΙΟΙΚΗΣΗΣ,ΠΡΟ,700184,ΤΟΥΡΙΣΤΙΚΗ ΔΙΟΙΚΗΣΗ ΚΑΙ ΠΕΡΙΦΕΡΕΙΑΚΗ ΑΝΑΠΤΥΞΗ,6,4,ΥΠ,1,,
26321,8,ΔΗΜΟΣΙΑΣ ΔΙΟΙΚΗΣΗΣ,ΠΡΟ,700186,ΠΟΛΙΤΙΚΕΣ ΚΑΙ ΔΙΟΙΚΗΣΗ ΑΠΑΣΧΟΛΗΣΗΣ,7,4,ΥΠ,1,,
26322,8,ΔΗΜΟΣΙΑΣ ΔΙΟΙΚΗΣΗΣ,ΠΡΟ,700190,ΔΙΟΙΚΗΣΗ ΥΠΗΡΕΣΙΩΝ ΥΓΕΙΑΣ,8,3,ΕΥ,1,,
26323,8,ΔΗΜΟΣΙΑΣ ΔΙΟΙΚΗΣΗΣ,ΠΡΟ,700192,ΔΙΟΙΚΗΤΙΚΗ ΜΕΤΑΡΡΥΘΜΙΣΗ,7,3,ΕΥ,1,,
26324,8,ΔΗΜΟΣΙΑΣ ΔΙΟΙΚΗΣΗΣ,ΠΡΟ,700193,ΤΟΠΙΚΗ ΑΥΤΟΔΙΟΙΚΗΣΗ ΚΑΙ ΚΟΙΝΩΝΙΚΗ ΑΝΑΠΤΥΞΗ,2,4,ΥΠ,1,,
26325,8,ΔΗΜΟΣΙΑΣ ΔΙΟΙΚΗΣΗΣ,ΠΡΟ,700194,ΣΤΡΑΤΗΓΙΚΕΣ ΑΝΑΠΤΥΞΗΣ ΕΠΙΧΕΙΡΗΣΕΩΝ,5,3,ΕΥ,1,,
26326,8,ΔΗΜΟΣΙΑΣ ΔΙΟΙΚΗΣΗΣ,ΠΡΟ,700196,ΔΙΟΙΚΗΣΗ ΣΤΗΝ ΕΚΠΑΙΔΕΥΣΗ,7,3,ΕΥ,1,,
26327,8,ΔΗΜΟΣΙΑΣ ΔΙΟΙΚΗΣΗΣ,ΠΡΟ,700198,ΔΙΕΘΝΗ ΛΟΓΙΣΤΙΚΑ ΠΡΟΤΥΠΑ,6,4,ΥΠ,1,,
26328,8,ΔΗΜΟΣΙΑΣ ΔΙΟΙΚΗΣΗΣ,ΠΡΟ,700200,ΚΟΙΝΟΒΟΥΛΕΥΤΙΚΟ ΚΑΙ ΕΚΛΟΓΙΚΟ ΔΙΚΑΙΟ,3,4,ΥΠ,1,,
26329,8,ΔΗΜΟΣΙΑΣ ΔΙΟΙΚΗΣΗΣ,ΠΡΟ,700203,ΕΙΣΑΓΩΓΗ ΣΤΗΝ ΠΟΛΙΤΙΚΗ ΟΙΚΟΝΟΜΙΑ,1,4,ΥΠ,1,,
26330,8,ΔΗΜΟΣΙΑΣ ΔΙΟΙΚΗΣΗΣ,ΠΡΟ,700204,ΙΣΤΟΡΙΑ ΟΙΚΟΝΟΜΙΚΩΝ ΘΕΩΡΙΩΝ,3,4,ΥΠ,1,,
26331,8,ΔΗΜΟΣΙΑΣ ΔΙΟΙΚΗΣΗΣ,ΠΡΟ,700205,ΑΝΑΛΥΣΗ ΕΘΝΙΚΩΝ ΛΟΓΑΡΙΑΣΜΩΝ,8,3,ΕΥ,1,,
26332,8,ΔΗΜΟΣΙΑΣ ΔΙΟΙΚΗΣΗΣ,ΠΡΟ,700206,ΕΙΔΙΚΑ ΘΕΜΑΤΑ ΑΝΘΡΩΠΙΝΩΝ ΔΙΚΑΙΩΜΑΤΩΝ,8,4,ΥΠ,1,,
26333,8,ΔΗΜΟΣΙΑΣ ΔΙΟΙΚΗΣΗΣ,ΠΡΟ,700207,ΟΙΚΟΝΟΜΙΚΑ ΜΑΘΗΜΑΤΙΚΑ ΙΙ,6,4,ΥΠ,1,,
26334,8,ΔΗΜΟΣΙΑΣ ΔΙΟΙΚΗΣΗΣ,ΠΡΟ,700212,ΕΥΡΩΠΑΪΚΗ ΟΙΚΟΝΟΜΙΚΗ ΚΑΙ ΚΟΙΝΩΝΙΚΗ ΣΥΝΟΧΗ,7,3,ΕΥ,1,,
26335,8,ΔΗΜΟΣΙΑΣ ΔΙΟΙΚΗΣΗΣ,ΠΡΟ,700213,ΤΕΧΝΟΛΟΓΙΑ ΚΑΙ ΔΙΚΑΙΟ,8,4,ΥΠ,1,,
26336,8,ΔΗΜΟΣΙΑΣ ΔΙΟΙΚΗΣΗΣ,ΠΡΟ,700215,ΟΙΚΟΝΟΜΕΤΡΙΑ ΙΙ,8,4,ΥΠ,1,,
26337,8,ΔΗΜΟΣΙΑΣ ΔΙΟΙΚΗΣΗΣ,ΠΡΟ,700218,ΑΣΤΙΚΟ ΔΙΚΑΙΟ (ΕΙΔΙΚΟ ΕΝΟΧΙΚΟ),8,3,ΕΥ,1,,
26338,8,ΔΗΜΟΣΙΑΣ ΔΙΟΙΚΗΣΗΣ,ΠΡΟ,700219,ΔΙΟΙΚΗΤΙΚΗ ΕΠΙΣΤΗΜΗ Ι,1,4,ΥΠ,1,,
26339,8,ΔΗΜΟΣΙΑΣ ΔΙΟΙΚΗΣΗΣ,ΠΡΟ,700220,ΔΙΟΙΚΗΤΙΚΗ ΕΠΙΣΤΗΜΗ ΙΙ,5,4,ΥΠ,1,,
26340,8,ΔΗΜΟΣΙΑΣ ΔΙΟΙΚΗΣΗΣ,ΠΡΟ,700221,ΣΥΓΚΡΙΤΙΚΗ ΑΝΑΛΥΣΗ ΔΙΟΙΚΗΤΙΚΩΝ ΣΥΣΤΗΜΑΤΩΝ,3,3,ΕΥ,1,,
26341,8,ΔΗΜΟΣΙΑΣ ΔΙΟΙΚΗΣΗΣ,ΠΡΟ,700222,ΕΙΔΙΚΑ ΘΕΜΑΤΑ ΓΕΝΙΚΗΣ ΠΟΛΙΤΕΙΟΛΟΓΙΑΣ ΚΑΙ ΣΥΝΤΑΓΜΑΤΙΚΟΥ ΔΙΚΑΙΟΥ,6,3,ΕΥ,1,,
26342,8,ΔΗΜΟΣΙΑΣ ΔΙΟΙΚΗΣΗΣ,ΠΡΟ,700223,ΗΛΕΚΤΡΟΝΙΚΗ ΔΙΑΚΥΒΕΡΝΗΣΗ ΚΑΙ ΠΛΗΡΟΦΟΡΙΚΗ ΣΤΗ ΔΙΟΙΚΗΣΗ,6,3,ΕΥ,1,,
26343,8,ΔΗΜΟΣΙΑΣ ΔΙΟΙΚΗΣΗΣ,ΠΡΟ,700229,ΕΙΣΑΓΩΓΗ ΣΤΟ ΔΙΚΑΙΟ,1,4,ΥΠ,1,,
26344,8,ΔΗΜΟΣΙΑΣ ΔΙΟΙΚΗΣΗΣ,ΠΡΟ,700230,ΚΡΑΤΙΚΗ ΟΡΓΑΝΩΣΗ ΚΑΙ ΛΗΨΗ ΑΠΟΦΑΣΕΩΝ,4,4,ΥΠ,1,,
26345,8,ΔΗΜΟΣΙΑΣ ΔΙΟΙΚΗΣΗΣ,ΠΡΟ,700231,ΖΗΤΗΜΑΤΑ ΔΙΚΑΙΟΥ ΚΑΙ ΟΙΚΟΝΟΜΙΑΣ,6,3,ΕΥ,1,,
26346,8,ΔΗΜΟΣΙΑΣ ΔΙΟΙΚΗΣΗΣ,ΠΡΟ,700233,ΔΗΜΟΣΙΑ ΠΟΛΙΤΙΚΗ,7,4,ΥΠ,1,,
26347,8,ΔΗΜΟΣΙΑΣ ΔΙΟΙΚΗΣΗΣ,ΠΡΟ,700235,ΔΗΜΟΣΙΟ ΔΙΕΘΝΕΣ ΔΙΚΑΙΟ,2,4,ΥΠ,1,,
26348,9,ΟΙΚΟΝΟΜΙΚΗΣ ΚΑΙ ΠΕΡΙΦΕΡΕΙΑΚΗΣ ΑΝΑΠΤΥΞΗΣ,ΠΡΟ,800001,ΕΙΣΑΓΩΓΗ ΣΤΗΝ ΠΕΡΙΦΕΡΕΙΑΚΗ ΕΠΙΣΤΗΜΗ,1,4,ΥΠ,1,,
26349,9,ΟΙΚΟΝΟΜΙΚΗΣ ΚΑΙ ΠΕΡΙΦΕΡΕΙΑΚΗΣ ΑΝΑΠΤΥΞΗΣ,ΠΡΟ,800003,ΕΙΣΑΓΩΓΗ ΣΤΗΝ ΠΟΛΙΤΙΚΗ ΟΙΚΟΝΟΜΙΑ I,1,4,ΥΠ,1,,
26350,9,ΟΙΚΟΝΟΜΙΚΗΣ ΚΑΙ ΠΕΡΙΦΕΡΕΙΑΚΗΣ ΑΝΑΠΤΥΞΗΣ,ΠΡΟ,800004,ΣΤΑΤΙΣΤΙΚΗ Ι,1,4,ΥΠ,1,,
26351,9,ΟΙΚΟΝΟΜΙΚΗΣ ΚΑΙ ΠΕΡΙΦΕΡΕΙΑΚΗΣ ΑΝΑΠΤΥΞΗΣ,ΠΡΟ,800005,ΜΑΘΗΜΑΤΙΚΑ I,1,4,ΥΠ,1,,
26352,9,ΟΙΚΟΝΟΜΙΚΗΣ ΚΑΙ ΠΕΡΙΦΕΡΕΙΑΚΗΣ ΑΝΑΠΤΥΞΗΣ,ΠΡΟ,800006,ΕΙΣΑΓΩΓΗ ΣΤΑ ΠΛΗΡΟΦΟΡΙΑΚΑ ΣΥΣΤΗΜΑΤΑ,1,4,ΥΠ,1,,
26353,9,ΟΙΚΟΝΟΜΙΚΗΣ ΚΑΙ ΠΕΡΙΦΕΡΕΙΑΚΗΣ ΑΝΑΠΤΥΞΗΣ,ΠΡΟ,800008,ΘΕΣΜΙΚΟ ΠΛΑΙΣΙΟ ΠΕΡΙΦΕΡΕΙΑΚΗΣ ΑΝΑΠΤΥΞΗΣ,3,4,ΥΠ,1,,
26354,9,ΟΙΚΟΝΟΜΙΚΗΣ ΚΑΙ ΠΕΡΙΦΕΡΕΙΑΚΗΣ ΑΝΑΠΤΥΞΗΣ,ΠΡΟ,800009,ΜΙΚΡΟΟΙΚΟΝΟΜΙΚΗ ΘΕΩΡΙΑ Ι,3,4,ΥΠ,1,,
26355,9,ΟΙΚΟΝΟΜΙΚΗΣ ΚΑΙ ΠΕΡΙΦΕΡΕΙΑΚΗΣ ΑΝΑΠΤΥΞΗΣ,ΠΡΟ,800010,ΜΑΚΡΟΟΙΚΟΝΟΜΙΚΗ ΘΕΩΡΙΑ & ΠΟΛΙΤΙΚΗ Ι,3,4,ΥΠ,1,,
26356,9,ΟΙΚΟΝΟΜΙΚΗΣ ΚΑΙ ΠΕΡΙΦΕΡΕΙΑΚΗΣ ΑΝΑΠΤΥΞΗΣ,ΠΡΟ,800011,ΟΙΚΟΝΟΜΙΚΗ ΤΩΝ ΕΠΙΧΕΙΡΗΣΕΩΝ ΚΑΙ ΛΟΓΙΣΤΙΚΗ,2,4,ΥΠ,1,,
26357,9,ΟΙΚΟΝΟΜΙΚΗΣ ΚΑΙ ΠΕΡΙΦΕΡΕΙΑΚΗΣ ΑΝΑΠΤΥΞΗΣ,ΠΡΟ,800012,ΣΤΑΤΙΣΤΙΚΗ ΙΙ,2,4,ΥΠ,1,,
26358,9,ΟΙΚΟΝΟΜΙΚΗΣ ΚΑΙ ΠΕΡΙΦΕΡΕΙΑΚΗΣ ΑΝΑΠΤΥΞΗΣ,ΠΡΟ,800013,ΑΝΑΛΥΣΗ ΤΟΠΟΥ ΕΓΚΑΤΑΣΤΑΣΗΣ,3,4,ΥΠ,1,,
26359,9,ΟΙΚΟΝΟΜΙΚΗΣ ΚΑΙ ΠΕΡΙΦΕΡΕΙΑΚΗΣ ΑΝΑΠΤΥΞΗΣ,ΠΡΟ,800014,ΧΩΡΟΤΑΞΙΑ,3,4,ΥΠ,1,,
26360,9,ΟΙΚΟΝΟΜΙΚΗΣ ΚΑΙ ΠΕΡΙΦΕΡΕΙΑΚΗΣ ΑΝΑΠΤΥΞΗΣ,ΠΡΟ,800017,ΟΙΚΟΝΟΜΙΚΗ ΑΝΑΠΤΥΞΗ,6,4,ΥΠ,1,,
26361,9,ΟΙΚΟΝΟΜΙΚΗΣ ΚΑΙ ΠΕΡΙΦΕΡΕΙΑΚΗΣ ΑΝΑΠΤΥΞΗΣ,ΠΡΟ,800018,ΟΙΚΟΝΟΜΕΤΡΙΑ Ι,5,4,ΥΠ,1,,
26362,9,ΟΙΚΟΝΟΜΙΚΗΣ ΚΑΙ ΠΕΡΙΦΕΡΕΙΑΚΗΣ ΑΝΑΠΤΥΞΗΣ,ΠΡΟ,800019,ΠΕΡΙΦΕΡΕΙΑΚΗ ΟΙΚΟΝΟΜΙΚΗ ΠΟΛΙΤΙΚΗ,7,4,ΥΠ,1,,
26363,9,ΟΙΚΟΝΟΜΙΚΗΣ ΚΑΙ ΠΕΡΙΦΕΡΕΙΑΚΗΣ ΑΝΑΠΤΥΞΗΣ,ΠΡΟ,800020,ΟΙΚΟΝΟΜΙΚΗ ΑΣΤΙΚΩΝ ΚΕΝΤΡΩΝ,4,4,ΥΠ,1,,
26364,9,ΟΙΚΟΝΟΜΙΚΗΣ ΚΑΙ ΠΕΡΙΦΕΡΕΙΑΚΗΣ ΑΝΑΠΤΥΞΗΣ,ΠΡΟ,800021,ΔΗΜΟΣΙΑ ΟΙΚΟΝΟΜΙΚΗ : ΟΙΚΟΝΟΜΙΚΕΣ ΛΕΙΤΟΥΡΓΙΕΣ ΤΟΥ ΚΡΑΤΟΥΣ,4,4,ΥΠ,1,,
26365,9,ΟΙΚΟΝΟΜΙΚΗΣ ΚΑΙ ΠΕΡΙΦΕΡΕΙΑΚΗΣ ΑΝΑΠΤΥΞΗΣ,ΠΡΟ,800022,ΟΙΚΟΝΟΜΙΚΗ ΜΕΓΕΘΥΝΣΗ,7,4,ΥΠ,1,,
26366,9,ΟΙΚΟΝΟΜΙΚΗΣ ΚΑΙ ΠΕΡΙΦΕΡΕΙΑΚΗΣ ΑΝΑΠΤΥΞΗΣ,ΠΡΟ,800024,ΟΙΚΟΝΟΜΙΚΗ ΙΣΤΟΡΙΑ ΤΩΝ ΠΟΛΕΩΝ ΚΑΙ ΤΩΝ ΠΕΡΙΦΕΡΕΙΩΝ,5,4,ΕΥ,1,,
26367,9,ΟΙΚΟΝΟΜΙΚΗΣ ΚΑΙ ΠΕΡΙΦΕΡΕΙΑΚΗΣ ΑΝΑΠΤΥΞΗΣ,ΠΡΟ,800026,ΕΦΑΡΜΟΣΜΕΝΗ ΣΤΑΤΙΣΤΙΚΗ,5,4,ΕΥ,1,,
26368,9,ΟΙΚΟΝΟΜΙΚΗΣ ΚΑΙ ΠΕΡΙΦΕΡΕΙΑΚΗΣ ΑΝΑΠΤΥΞΗΣ,ΠΡΟ,800029,ΜΕΘΟΔΟΙ ΠΕΡΙΦΕΡΕΙΑΚΗΣ ΑΝΑΛΥΣΗΣ,5,4,ΥΠ,1,,
26369,9,ΟΙΚΟΝΟΜΙΚΗΣ ΚΑΙ ΠΕΡΙΦΕΡΕΙΑΚΗΣ ΑΝΑΠΤΥΞΗΣ,ΠΡΟ,800030,ΟΙΚΟΝΟΜΙΚΗ ΑΝΑΛΥΣΗ ΚΑΙ ΠΟΛΙΤΙΚΗ ΜΕΤΑΦΟΡΩΝ,7,4,ΥΠ,1,,
26370,9,ΟΙΚΟΝΟΜΙΚΗΣ ΚΑΙ ΠΕΡΙΦΕΡΕΙΑΚΗΣ ΑΝΑΠΤΥΞΗΣ,ΠΡΟ,800031,ΔΗΜΟΣΙΟΝΟΜΙΚΗ ΘΕΩΡΙΑ ΚΑΙ ΠΟΛΙΤΙΚΗ Ι,6,4,ΥΠ,1,,
26371,9,ΟΙΚΟΝΟΜΙΚΗΣ ΚΑΙ ΠΕΡΙΦΕΡΕΙΑΚΗΣ ΑΝΑΠΤΥΞΗΣ,ΠΡΟ,800032,ΠΟΣΟΤΙΚΕΣ ΜΕΘΟΔΟΙ ΟΙΚΟΝΟΜΙΚΗΣ ΑΝΑΛΥΣΗΣ,4,4,ΥΠ,1,,
26372,9,ΟΙΚΟΝΟΜΙΚΗΣ ΚΑΙ ΠΕΡΙΦΕΡΕΙΑΚΗΣ ΑΝΑΠΤΥΞΗΣ,ΠΡΟ,800034,ΟΙΚΟΝΟΜΙΚΗ ΤΗΣ ΕΡΓΑΣΙΑΣ & ΠΟΛΙΤΙΚΗ ΕΡΓΑΤΙΚΟΥ ΔΥΝΑΜΙΚΟΥ,5,4,ΥΠ,1,,
26373,9,ΟΙΚΟΝΟΜΙΚΗΣ ΚΑΙ ΠΕΡΙΦΕΡΕΙΑΚΗΣ ΑΝΑΠΤΥΞΗΣ,ΠΡΟ,800036,ΟΙΚΟΝΟΜΙΚΟ ΔΙΚΑΙΟ,5,4,ΕΥ,1,,
