1,ΜΕΤ,7,1,ΠΟΛΙΤΙΚΗ ΕΠΙΣΤΗΜΗ ΚΑΙ ΙΣΤΟΡΙΑ,MET,11Μ002,"ΔΙΚΑΙΟΣΥΝΗ, ΔΙΚΑΙΟ, ΔΙΚΑΙΩΜΑ ΣΤΗ ΒΙΑ",2,3,ΕΕ,ΑΝΑΝΙΑΔΗΣ ΓΡΗΓΟΡΙΟΣ,002
2,ΜΕΤ,7,1,ΠΟΛΙΤΙΚΗ ΕΠΙΣΤΗΜΗ ΚΑΙ ΙΣΤΟΡΙΑ,MET,11Μ006,ΜΕΘΟΔΟΛΟΓΙΑ ΕΜΠΕΙΡΙΚΗΣ ΕΡΕΥΝΑΣ -Ι-,1,3,ΕΕ,ΜΙΧΑΛΟΠΟΥΛΟΥ ΑΙΚΑΤΕΡΙΝΗ,002
3,ΜΕΤ,7,1,ΠΟΛΙΤΙΚΗ ΕΠΙΣΤΗΜΗ ΚΑΙ ΙΣΤΟΡΙΑ,MET,11Μ011,"ΠΟΛΙΤΙΚΗ, ΟΙΚΟΝΟΜΙΑ, ΚΟΙΝΩΝΙΑ ΣΤΙΣ ΑΡΑΒΟΦΩΝΕΣ ΕΠΑΡΧΙΕΣ ΤΗΣ ΟΘΩΜΑΝΙΚΗΣ ΑΥΤΟΚΡΑΤΟΡΙΑΣ (1650-1920)",1,3,ΕΕ,ΚΟΥΤΣΗΣ ΑΛΕΞΑΝΔΡΟΣ,002
4,ΜΕΤ,7,1,ΠΟΛΙΤΙΚΗ ΕΠΙΣΤΗΜΗ ΚΑΙ ΙΣΤΟΡΙΑ,MET,11Μ013,"ΙΣΤΟΡΙΑ, ΙΣΤΟΡΙΟΓΡΑΦΙΑ ΚΑΙ ΕΝΝΟΙΟΛΟΓΗΣΗ: ΠΑΡΑΔΟΣΗ ΚΑΙ ΝΕΟΤΕΡΙΚΟΤΗΤΑ ΣΤΟΝ ΕΛΛΗΝΙΚΟ ΙΘ΄ ΑΙΩΝΑ Ι",1,3,ΕΕ,ΘΕΟΤΟΚΑΣ ΝΙΚΟΛΑΟΣ,002
5,ΜΕΤ,7,1,ΠΟΛΙΤΙΚΗ ΕΠΙΣΤΗΜΗ ΚΑΙ ΙΣΤΟΡΙΑ,MET,11Μ013,"ΙΣΤΟΡΙΑ, ΙΣΤΟΡΙΟΓΡΑΦΙΑ ΚΑΙ ΕΝΝΟΙΟΛΟΓΗΣΗ: ΠΑΡΑΔΟΣΗ ΚΑΙ ΝΕΟΤΕΡΙΚΟΤΗΤΑ ΣΤΟΝ ΕΛΛΗΝΙΚΟ ΙΘ΄ ΑΙΩΝΑ Ι",1,3,ΕΕ,ΚΟΤΑΡΙΔΗΣ ΝΙΚΟΛΑΟΣ,002
6,ΜΕΤ,7,1,ΠΟΛΙΤΙΚΗ ΕΠΙΣΤΗΜΗ ΚΑΙ ΙΣΤΟΡΙΑ,MET,11Μ019,ΙΣΤΟΡΙΚΗ ΚΑΙ ΔΙΑΛΕΚΤΙΚΗ ΣΥΓΚΡΟΤΗΣΗ ΤΩΝ ΕΝΝΟΙΩΝ,1,3,ΕΕ,ΦΑΡΑΚΛΑΣ-ΜΑΤΟΡΙΚΟΣ ΓΕΩΡΓΙΟΣ,002
7,ΜΕΤ,7,1,ΠΟΛΙΤΙΚΗ ΕΠΙΣΤΗΜΗ ΚΑΙ ΙΣΤΟΡΙΑ,MET,11Μ020,ΠΟΛΙΤΙΚΗ ΘΕΩΡΙΑ ΤΟΥ ΑΝΤΙΔΙΑΦΩΤΙΣΜΟΥ,2,3,ΕΕ,ΑΓΓΕΛΙΔΗΣ ΕΜΜΑΝΟΥΗΛ,002
8,ΜΕΤ,7,1,ΠΟΛΙΤΙΚΗ ΕΠΙΣΤΗΜΗ ΚΑΙ ΙΣΤΟΡΙΑ,MET,11Μ026,"ΜΕΙΟΝΟΤΗΤΕΣ ΚΑΙ ΝΕΟΤΕΡΙΚΟΤΗΤΑ: ΕΛΛΑΔΑ, ΒΑΛΚΑΝΙΑ, ΕΥΡΩΠΗ",2,3,ΕΕ,ΧΡΙΣΤΟΠΟΥΛΟΣ ΔΗΜΗΤΡΗΣ (ΠΟΛ.Ε,002
9,ΜΕΤ,7,1,ΠΟΛΙΤΙΚΗ ΕΠΙΣΤΗΜΗ ΚΑΙ ΙΣΤΟΡΙΑ,MET,11Μ031,ΑΠΟ ΤΗΝ ΟΘΩΜΑΝΙΚΗ ΑΥΤΟΚΡΑΤΟΡΙΑ ΣΤΟ ΤΟΥΡΚΙΚΟ ΕΘΝΟΣ-ΚΡΑΤΟΣ,2,3,ΕΕ,ΑΝΑΓΝΩΣΤΟΠΟΥΛΟΥ ΑΘΑΝΑΣΙΑ,002
10,ΜΕΤ,7,1,ΠΟΛΙΤΙΚΗ ΕΠΙΣΤΗΜΗ ΚΑΙ ΙΣΤΟΡΙΑ,MET,11Μ035,Ο ΕΜΦΥΛΙΟΣ ΣΤΗΝ ΕΛΛΑΔΑ: ΖΗΤΗΜΑΤΑ ΙΣΤΟΡΙΑΣ ΚΑΙ ΙΣΤΟΡΙΟΓΡΑΦΙΑΣ,2,3,ΕΕ,ΠΑΠΑΣΤΡΑΤΗΣ ΠΡΟΚΟΠΗΣ,002
11,ΜΕΤ,7,1,ΠΟΛΙΤΙΚΗ ΕΠΙΣΤΗΜΗ ΚΑΙ ΙΣΤΟΡΙΑ,MET,11Μ043,ΠΡΟΒΛΗΜΑΤΑ ΙΣΤΟΡΙΚΗΣ ΚΟΙΝΩΝΙΟΛΟΓΙΑΣ,1,3,ΕΕ,ΑΝΔΡΙΑΚΑΙΝΑ ΕΛΕΝΗ,002
12,ΜΕΤ,7,1,ΠΟΛΙΤΙΚΗ ΕΠΙΣΤΗΜΗ ΚΑΙ ΙΣΤΟΡΙΑ,MET,11Μ045,"ΜΕΤΕΜΦΥΛΙΑΚΗ ΟΙΚΟΝΟΜΙΚΗ ΙΣΤΟΡΙΑ ΤΗΣ ΕΛΛΑΔΑΣ
",2,3,ΕΕ,ΙΟΡΔΑΝΟΓΛΟΥ ΧΡΥΣΑΦΗΣ,002
13,ΜΕΤ,7,1,ΠΟΛΙΤΙΚΗ ΕΠΙΣΤΗΜΗ ΚΑΙ ΙΣΤΟΡΙΑ,MET,11Μ052,"ΙΣΤΟΡΙΑ, ΙΣΤΟΡΙΟΓΡΑΦΙΑ ΚΑΙ ΕΝΝΟΙΟΛΟΓΗΣΗ ΙΙ",2,3,ΕΕ,ΘΕΟΤΟΚΑΣ ΝΙΚΟΛΑΟΣ,002
14,ΜΕΤ,7,1,ΠΟΛΙΤΙΚΗ ΕΠΙΣΤΗΜΗ ΚΑΙ ΙΣΤΟΡΙΑ,MET,11Μ052,"ΙΣΤΟΡΙΑ, ΙΣΤΟΡΙΟΓΡΑΦΙΑ ΚΑΙ ΕΝΝΟΙΟΛΟΓΗΣΗ ΙΙ",2,3,ΕΕ,ΚΟΤΑΡΙΔΗΣ ΝΙΚΟΛΑΟΣ,002
15,ΜΕΤ,7,1,ΠΟΛΙΤΙΚΗ ΕΠΙΣΤΗΜΗ ΚΑΙ ΙΣΤΟΡΙΑ,MET,11Μ055,ΟΙΚΟΝΟΜΙΕΣ ΚΑΙ ΚΟΙΝΩΝΙΕΣ ΣΤΑ ΒΑΛΚΑΝΙΑ ΚΑΙ ΤΟ ΕΛΛΗΝΙΚΟ ΚΡΑΤΟΣ (19ος-20ος ΑΙΩΝΑΣ) Ι,1,3,ΕΕ,ΚΑΛΑΦΑΤΗΣ ΑΘΑΝΑΣΙΟΣ,002
16,ΜΕΤ,7,1,ΠΟΛΙΤΙΚΗ ΕΠΙΣΤΗΜΗ ΚΑΙ ΙΣΤΟΡΙΑ,MET,11Μ077,ΨΥΧΑΝΑΛΥΤΙΚΟΣ ΛΟΓΟΣ ΚΑΙ ΥΠΟΚΕΙΜΕΝΟ ΣΤΗ ΝΕΩΤΕΡΙΚΟΤΗΤΑ,2,3,ΕΕ,ΦΟΥΡΤΟΥΝΗΣ ΓΕΩΡΓΙΟΣ,002
17,ΜΕΤ,7,1,ΠΟΛΙΤΙΚΗ ΕΠΙΣΤΗΜΗ ΚΑΙ ΙΣΤΟΡΙΑ,MET,11Μ078,Η ΕΛΛΗΝΙΚΗ ΑΚΡΑ ΔΕΞΙΑ ΑΠΟ ΤΟ 1974 ΜΕΧΡΙ ΣΗΜΕΡΑ,1,3,ΕΕ,ΓΕΩΡΓΙΑΔΟΥ ΒΑΣΙΛΙΚΗ,002
18,ΜΕΤ,7,1,ΠΟΛΙΤΙΚΗ ΕΠΙΣΤΗΜΗ ΚΑΙ ΙΣΤΟΡΙΑ,MET,11Μ079,ΚΟΜΜΑΤΑ ΚΑΙ ΚΟΜΜΑΤΙΚΕΣ ΟΙΚΟΓΕΝΕΙΕΣ ΣΤΗΝ ΕΥΡΩΠΑΙΚΗ ΕΝΩΣΗ: Η ΚΕΝΤΡΟΑΡΙΣΤΕΡΑ ΚΑΙ Η ΡΙΖΟΣΠΑΣΤΙΚΗ ΑΡΙΣΤΕΡΑ,2,3,ΕΕ,ΜΟΣΧΟΝΑΣ ΓΕΡΑΣΙΜΟΣ,002
19,ΜΕΤ,7,1,ΠΟΛΙΤΙΚΗ ΕΠΙΣΤΗΜΗ ΚΑΙ ΙΣΤΟΡΙΑ,MET,11Μ080,ΙΣΤΟΡΙΚΗ ΔΗΜΟΓΡΑΦΙΑ: ΕΝΝΟΙΕΣ ΚΑΙ ΤΕΧΝΙΚΕΣ ΕΡΕΥΝΑΣ,2,3,ΕΕ,ΤΟΜΑΡΑ-ΣΙΔΕΡΗ ΣΤΑΜΑΤΟΥΛΑ,002
20,ΜΕΤ,7,1,ΠΟΛΙΤΙΚΗ ΕΠΙΣΤΗΜΗ ΚΑΙ ΙΣΤΟΡΙΑ,MET,11Μ089,ΤΟ ΕΛΛΗΝΙΚΟ ΕΘΝΙΚΟ ΖΗΤΗΜΑ ΚΑΙ Η ΕΥΡΩΠΗ: 1830-1912,1,3,ΕΕ,ΛΟΥΒΗ ΕΥΑΓΓΕΛΙΑ,002
21,ΜΕΤ,7,1,ΠΟΛΙΤΙΚΗ ΕΠΙΣΤΗΜΗ ΚΑΙ ΙΣΤΟΡΙΑ,MET,11Μ092,ΜΕΘΟΔΟΛΟΓΙΑ ΕΜΠΕΙΡΙΚΗΣ ΕΡΕΥΝΑΣ ΙΙ,2,3,ΕΕ,ΚΟΛΛΙΑΣ ΑΝΔΡΕΑΣ,002
22,ΜΕΤ,7,1,ΠΟΛΙΤΙΚΗ ΕΠΙΣΤΗΜΗ ΚΑΙ ΙΣΤΟΡΙΑ,MET,11Μ095,ΚΟΙΝΩΝΙΚΟ ΥΠΟΚΕΙΜΕΝΟ ΚΑΙ ΚΟΙΝΩΝΙΚΗ ΔΡΑΣΗ,1,3,ΕΕ,ΛΕΛΕΔΑΚΗΣ ΚΑΝΑΚΗΣ,002
23,ΜΕΤ,7,1,ΠΟΛΙΤΙΚΗ ΕΠΙΣΤΗΜΗ ΚΑΙ ΙΣΤΟΡΙΑ,MET,11Μ099,Η ΕΝΝΟΙΑ ΤΟΥ ΠΟΛΙΤΙΚΟΥ: ΠΡΟΣΕΓΓΙΣΕΙΣ,1,3,ΕΕ,ΑΝΑΝΙΑΔΗΣ ΓΡΗΓΟΡΙΟΣ,002
24,ΜΕΤ,7,1,ΠΟΛΙΤΙΚΗ ΕΠΙΣΤΗΜΗ ΚΑΙ ΙΣΤΟΡΙΑ,MET,11Μ103,ΑΠΟ ΤΟ ΕΑΜ ΣΤΗΝ ΕΔΑ: Η ΔΙΑΔΡΟΜΗ ΤΗΣ ΕΛΛΗΝΙΚΗΣ ΑΡΙΣΤΕΡΑΣ ΣΤΗΝ ΠΡΟΔΙΔΑΚΤΟΡΙΚΗ ΕΛΛΑΔΑ ΚΑΙ ΟΙ ΑΠΑΝΤΗΣΕΙΣ ΤΗΣ ΣΤΙΣ ΙΣΤΟΡΙΚΕΣ ΑΝΑΓΚΑΙΟΤΗΤΕΣ ΤΗΣ ΕΠΟΧΗΣ,2,3,ΕΕ,ΠΑΠΑΣΤΡΑΤΗΣ ΠΡΟΚΟΠΗΣ,002
25,ΜΕΤ,7,1,ΠΟΛΙΤΙΚΗ ΕΠΙΣΤΗΜΗ ΚΑΙ ΙΣΤΟΡΙΑ,MET,11Μ104,"ΠΡΩΙΜΟΣ ΚΑΙ ΥΣΤΕΡΟΣ ΑΛΤΟΥΣΕΡ: ΔΟΜΗ, ΑΣΤΑΘΜΗΤΟ, ΥΠΟΚΕΙΜΕΝΟ",2,3,ΕΕ,ΦΟΥΡΤΟΥΝΗΣ ΓΕΩΡΓΙΟΣ,002
26,ΜΕΤ,7,1,ΠΟΛΙΤΙΚΗ ΕΠΙΣΤΗΜΗ ΚΑΙ ΙΣΤΟΡΙΑ,MET,11Μ107,Ο ΕΛΛΗΝΙΣΜΟΣ ΚΑΙ Ο ΡΩΣΙΚΟΣ ΚΟΣΜΟΣ ΑΠΟ ΤΟ 18ο ΕΩΣ ΤΟΝ 20ο ΑΙΩΝΑ -Ι-,1,3,ΕΕ,ΣΕΛΕΚΟΥ ΟΛΥΜΠΙΑ,002
27,ΜΕΤ,7,1,ΠΟΛΙΤΙΚΗ ΕΠΙΣΤΗΜΗ ΚΑΙ ΙΣΤΟΡΙΑ,MET,11Μ114,ΦΡΟΥΔΙΣΜΟΣ ΚΑΙ ΜΑΡΞΙΣΤΙΚΗ ΣΚΕΨΗ,2,3,ΕΕ,ΘΕΟΤΟΚΑΣ ΝΙΚΟΛΑΟΣ,002
28,ΜΕΤ,7,1,ΠΟΛΙΤΙΚΗ ΕΠΙΣΤΗΜΗ ΚΑΙ ΙΣΤΟΡΙΑ,MET,11Μ115,ΘΕΜΑΤΑ ΑΡΧΑΙΑΣ ΠΟΛΙΤΙΚΗΣ ΦΙΛΟΣΟΦΙΑΣ - ΘΕΩΡΙΕΣ ΤΗΣ ΕΞΟΥΣΙΑΣ ΣΤΗΝ ΚΛΑΣΙΚΗ ΑΡΧΑΙΟΤΗΤΑ,2,3,ΕΕ,ΑΝΑΝΙΑΔΗΣ ΓΡΗΓΟΡΙΟΣ,002
29,ΜΕΤ,7,1,ΠΟΛΙΤΙΚΗ ΕΠΙΣΤΗΜΗ ΚΑΙ ΙΣΤΟΡΙΑ,MET,11Μ117,Η ΕΤΕΡΟΤΗΤΑ ΣΤΑ ΒΑΛΚΑΝΙΑ: ΟΙ ΠΗΓΕΣ ΚΑΙ Η ΑΝΑΓΝΩΣΗ ΤΟΥΣ,2,3,ΕΕ,ΜΠΑΛΤΣΙΩΤΗΣ ΛΑΜΠΡΟΣ,002
30,ΜΕΤ,7,1,ΠΟΛΙΤΙΚΗ ΕΠΙΣΤΗΜΗ ΚΑΙ ΙΣΤΟΡΙΑ,MET,11Μ118,ΚΟΙΝΩΝΙΟΛΟΓΙΑ ΤΟΥ ΑΘΛΗΤΙΣΜΟΥ: ΙΣΤΟΡΙΑ ΤΩΝ ΕΛΛΗΝΙΚΩΝ ΣΥΛΛΟΓΩΝ ΠΟΔΟΣΦΑΙΡΟΥ,2,3,ΕΕ,ΚΟΤΑΡΙΔΗΣ ΝΙΚΟΛΑΟΣ,002
31,ΜΕΤ,7,1,ΠΟΛΙΤΙΚΗ ΕΠΙΣΤΗΜΗ ΚΑΙ ΙΣΤΟΡΙΑ,MET,11Μ119,ΙΣΤΟΡΙΚΗ ΑΝΘΡΩΠΟΛΟΓΙΑ ΚΑΙ ΕΘΝΟΪΣΤΟΡΙΑ,2,3,ΕΕ,ΠΑΠΑΓΕΩΡΓΙΟΥ ΣΤΕΦΑΝΟΣ,002
32,ΜΕΤ,7,1,ΠΟΛΙΤΙΚΗ ΕΠΙΣΤΗΜΗ ΚΑΙ ΙΣΤΟΡΙΑ,MET,11Μ121,ΝΕΟΤΕΡΙΚΗ ΕΠΑΝΑΣΤΑΣΗ ΚΑΙ ΚΟΣΜΙΚΗ ΙΔΕΟΛΟΓΙΑ ΣΤΗΝ ΕΥΡΩΠΗ ΚΑΙ ΤΗΝ ΑΜΕΡΙΚΗ (1774-1820),2,3,ΕΕ,ΤΖΟΥΡΜΑΝΑ ΙΩΑΝΝΑ,002
33,ΜΕΤ,7,1,ΠΟΛΙΤΙΚΗ ΕΠΙΣΤΗΜΗ ΚΑΙ ΙΣΤΟΡΙΑ,MET,11Μ208,ΚΟΙΝΩΝΙΚΟ ΚΡΑΤΟΣ ΚΑΙ ΚΑΠΙΤΑΛΙΣΜΟΣ: ΘΕΣΜΙΚΟΙ ΜΕΤΑΣΧΗΜΑΤΙΣΜΟΙ ΑΠΟ ΤΟ ΤΕΛΟΣ ΤΗΣ ΚΕΫΝΣΙΑΝΗΣ ΣΥΝΑΙΝΕΣΗΣ ΣΤΗ ΣΗΜΕΡΙΝΗ ΚΡΙΣΗ,1,3,ΕΕ,ΑΓΓΕΛΙΔΗΣ ΕΜΜΑΝΟΥΗΛ,002
34,ΜΕΤ,7,1,ΠΟΛΙΤΙΚΗ ΕΠΙΣΤΗΜΗ ΚΑΙ ΙΣΤΟΡΙΑ,MET,11Μ211,ΘΕΣΜΟΙ ΚΟΙΝΩΝΙΚΗΣ ΕΥΘΥΝΗΣ ΚΑΙ ΚΟΙΝΩΝΙΚΗ ΑΛΛΗΛΕΓΓΥΗ 1,1,3,ΕΕ,ΚΟΥΖΕΛΗΣ ΓΕΡΑΣΙΜΟΣ,002
35,ΜΕΤ,7,1,ΠΟΛΙΤΙΚΗ ΕΠΙΣΤΗΜΗ ΚΑΙ ΙΣΤΟΡΙΑ,MET,11Μ211,ΘΕΣΜΟΙ ΚΟΙΝΩΝΙΚΗΣ ΕΥΘΥΝΗΣ ΚΑΙ ΚΟΙΝΩΝΙΚΗ ΑΛΛΗΛΕΓΓΥΗ 1,1,3,ΕΕ,ΜΟΣΧΟΝΑΣ ΓΕΡΑΣΙΜΟΣ,002
36,ΜΕΤ,7,1,ΠΟΛΙΤΙΚΗ ΕΠΙΣΤΗΜΗ ΚΑΙ ΙΣΤΟΡΙΑ,MET,11Μ213,ΘΕΣΜΟΙ ΚΟΙΝΩΝΙΚΗΣ ΕΥΘΥΝΗΣ ΚΑΙ ΚΟΙΝΩΝΙΚΗ ΑΛΛΗΛΕΓΓΥΗ 2,2,3,ΕΕ,ΚΟΥΖΕΛΗΣ ΓΕΡΑΣΙΜΟΣ,002
37,ΜΕΤ,7,1,ΠΟΛΙΤΙΚΗ ΕΠΙΣΤΗΜΗ ΚΑΙ ΙΣΤΟΡΙΑ,MET,11Μ213,ΘΕΣΜΟΙ ΚΟΙΝΩΝΙΚΗΣ ΕΥΘΥΝΗΣ ΚΑΙ ΚΟΙΝΩΝΙΚΗ ΑΛΛΗΛΕΓΓΥΗ 2,2,3,ΕΕ,ΜΟΣΧΟΝΑΣ ΓΕΡΑΣΙΜΟΣ,002
38,ΜΕΤ,7,1,ΠΟΛΙΤΙΚΗ ΕΠΙΣΤΗΜΗ ΚΑΙ ΙΣΤΟΡΙΑ,MET,11Μ214,ΘΕΩΡΙΕΣ ΤΟΥ ΦΥΣΙΚΟΥ ΔΙΚΑΙΟΥ,1,3,ΕΕ,ΦΑΡΑΚΛΑΣ-ΜΑΤΟΡΙΚΟΣ ΓΕΩΡΓΙΟΣ,002
39,ΜΕΤ,7,1,ΠΟΛΙΤΙΚΗ ΕΠΙΣΤΗΜΗ ΚΑΙ ΙΣΤΟΡΙΑ,MET,11Μ216,ΑΠΟ ΤΟ ΓΕΝΟΣ ΣΤΟ ΕΘΝΟΣ: ΑΠΟ ΤΟ ΟΘΩΜΑΝΙΚΟ RUM-MILLET ΣΤΟ ΕΘΝΟΣ-ΚΡΑΤΟΣ ΤΩΝ ΕΛΛΗΝΩΝ,1,3,ΕΕ,ΠΑΠΑΓΕΩΡΓΙΟΥ ΣΤΕΦΑΝΟΣ,002
40,ΜΕΤ,7,1,ΠΟΛΙΤΙΚΗ ΕΠΙΣΤΗΜΗ ΚΑΙ ΙΣΤΟΡΙΑ,MET,11Μ218,ΙΣΤΟΡΙΚΗ ΣΥΓΚΡΟΤΗΣΗ ΤΟΥ ΕΛΛΗΝΙΚΟΥ ΦΟΙΤΗΤΙΚΟΥ ΚΙΝΗΜΑΤΟΣ ΚΑΙ Η ΠΑΡΕΜΒΑΣΗ ΤΟΥ ΣΤΗΝ ΚΟΙΝΩΝΙΚΗ ΔΥΝΑΜΙΚΗ ΣΤΗ ΔΙΑΡΚΕΙΑ ΤΟΥ 20ου ΑΙΩΝΑ,2,3,ΕΕ,ΚΑΛΑΦΑΤΗΣ ΑΘΑΝΑΣΙΟΣ,002
41,ΜΕΤ,7,1,ΠΟΛΙΤΙΚΗ ΕΠΙΣΤΗΜΗ ΚΑΙ ΙΣΤΟΡΙΑ,MET,11Μ220,"ΟΙ ΜΕΤΑΣΧΗΜΑΤΙΣΜΟΙ ΣΤΗ ΘΕΩΡΗΣΗ ΚΑΙ ΠΟΛΙΤΙΚΗ ΤΟΥ ΠΑΡΕΛΘΟΝΤΟΣ: ΑΛΛΗΛΟΥΧΙΕΣ, ΔΙΑΣΤΡΩΜΑΤΩΣΕΙΣ ΚΑΙ ΔΙΑΣΥΝΔΕΣΕΙΣ ΕΠΟΧΩΝ",2,3,ΕΕ,ΠΕΣΜΑΖΟΓΛΟΥ ΣΤΕΦΑΝΟΣ,002
42,ΜΕΤ,7,1,ΠΟΛΙΤΙΚΗ ΕΠΙΣΤΗΜΗ ΚΑΙ ΙΣΤΟΡΙΑ,MET,11Μ225,ΟΨΕΙΣ ΤΗΣ ΕΥΡΩΠΑΪΚΗΣ ΙΔΕΑΣ (19ος-20ος ΑΙΩΝΑΣ),2,3,ΕΕ,ΚΟΥΛΟΥΡΗ ΧΡΙΣΤΙΝΑ,002
43,ΜΕΤ,7,1,ΠΟΛΙΤΙΚΗ ΕΠΙΣΤΗΜΗ ΚΑΙ ΙΣΤΟΡΙΑ,MET,11Μ226,EUROPEAN IDENTITIES,2,3,ΕΕ,ΚΟΥΛΟΥΡΗ ΧΡΙΣΤΙΝΑ,002
44,ΜΕΤ,7,1,ΠΟΛΙΤΙΚΗ ΕΠΙΣΤΗΜΗ ΚΑΙ ΙΣΤΟΡΙΑ,MET,11Μ228,ΣΥΓΧΡΟΝΗ ΕΛΛΗΝΙΚΗ ΕΞΩΤΕΡΙΚΗ ΠΟΛΙΤΙΚΗ (1941-1990),2,3,ΕΕ,ΛΑΓΑΝΗ ΕΙΡΗΝΗ,002
45,ΜΕΤ,7,1,ΠΟΛΙΤΙΚΗ ΕΠΙΣΤΗΜΗ ΚΑΙ ΙΣΤΟΡΙΑ,MET,11Μ230,ΙΔΕΟΛΟΓΙΚΑ ΡΕΥΜΑΤΑ ΚΑΙ ΠΟΛΙΤΙΚΑ ΑΙΤΗΜΑΤΑ ΣΤΟ ΕΛΛΗΝΙΚΟ ΚΡΑΤΟΣ: ΠΡΟΣΛΗΨΕΙΣ- ΕΠΙΡΡΟΕΣ ΤΗΣ ΕΠΤΑΝΗΣΙΑΚΗΣ ΙΔΕΟΛΟΓΙΑΣ ΣΤΗΝ ΕΛΛΗΝΙΚΗ ΠΟΛΙΤΙΚΗ ΖΩΗ (19ος ΑΙ).,1,3,ΕΕ,ΛΟΥΒΗ ΕΥΑΓΓΕΛΙΑ,002
46,ΜΕΤ,7,1,ΠΟΛΙΤΙΚΗ ΕΠΙΣΤΗΜΗ ΚΑΙ ΙΣΤΟΡΙΑ,MET,11Μ232,ΣΥΓΚΡΙΤΙΚΗ ΠΟΛΙΤΙΚΗ ΑΝΑΛΥΣΗ,1,3,ΕΕ,ΙΟΡΔΑΝΟΓΛΟΥ ΧΡΥΣΑΦΗΣ,002
47,ΜΕΤ,7,1,ΠΟΛΙΤΙΚΗ ΕΠΙΣΤΗΜΗ ΚΑΙ ΙΣΤΟΡΙΑ,MET,11Μ233,"ΑΠΟ ΤΗ ΜΕΤΑΠΟΛΙΤΕΥΣΗ ΣΤΗΝ ΑΛΛΑΓΗ. ΠΟΛΙΤΙΚΕΣ ΚΑΙ ΚΟΙΝΩΝΙΚΕΣ ΕΞΕΛΙΞΕΙΣ, 1974 - 1981",1,3,ΕΕ,ΠΑΠΑΘΑΝΑΣΙΟΥ ΙΩΑΝΝΑ,002
48,ΜΕΤ,7,1,ΠΟΛΙΤΙΚΗ ΕΠΙΣΤΗΜΗ ΚΑΙ ΙΣΤΟΡΙΑ,MET,11Μ233,"ΑΠΟ ΤΗ ΜΕΤΑΠΟΛΙΤΕΥΣΗ ΣΤΗΝ ΑΛΛΑΓΗ. ΠΟΛΙΤΙΚΕΣ ΚΑΙ ΚΟΙΝΩΝΙΚΕΣ ΕΞΕΛΙΞΕΙΣ, 1974 - 1981",1,3,ΕΕ,ΚΑΡΑΜΑΝΩΛΑΚΗΣ ΕΥΑΓΓΕΛΟΣ,002
49,ΜΕΤ,7,1,ΠΟΛΙΤΙΚΗ ΕΠΙΣΤΗΜΗ ΚΑΙ ΙΣΤΟΡΙΑ,MET,11Μ234,"ΤΟ ΣΩΜΑ ΣΤΟΝ ΚΛΑΣΙΚΟ ΦΙΛΕΛΕΥΘΕΡΙΣΜΟ: ΗΘΙΚΗ, ΟΙΚΟΝΟΜΙΑ, ΠΟΛΙΤΙΚΗ",1,3,ΕΕ,ΤΕΓΟΣ ΣΠΥΡΙΔΩΝ,002
50,ΜΕΤ,7,1,ΠΟΛΙΤΙΚΗ ΕΠΙΣΤΗΜΗ ΚΑΙ ΙΣΤΟΡΙΑ,MET,11Μ235,ΟΨΕΙΣ ΤΗΣ ΕΛΛΗΝΙΚΗΣ ΠΟΛΙΤΙΚΗΣ ΚΟΥΛΤΟΥΡΑΣ: ΣΥΓΚΡΙΤΙΚΗ ΑΝΑΛΥΣΗ ΠΟΛΙΤΙΚΩΝ ΚΑΙ ΚΟΙΝΩΝΙΚΩΝ ΔΕΔΟΜΕΝΩΝ,2,3,ΕΕ,ΚΟΥΝΤΟΥΡΗ ΦΑΝΗ,002
51,ΜΕΤ,7,1,ΠΟΛΙΤΙΚΗ ΕΠΙΣΤΗΜΗ ΚΑΙ ΙΣΤΟΡΙΑ,MET,11Μ236,ΙΣΤΟΡΙΑ ΤΟΥ ΧΡΟΝΟΥ,2,3,ΕΕ,ΛΥΜΠΕΡΑΤΟΣ ΑΝΔΡΕΑΣ,002
52,ΜΕΤ,7,1,ΠΟΛΙΤΙΚΗ ΕΠΙΣΤΗΜΗ ΚΑΙ ΙΣΤΟΡΙΑ,MET,11Μ237,ΙΣΤΟΡΙΑ ΤΟΥ ΤΟΥΡΙΣΜΟΥ: ΑΠΟ ΤΗΝ ΠΕΡΙΗΓΗΣΗ ΣΤΗΝ ΜΑΖΙΚΗ ΚΑΤΑΝΑΛΩΣΗ (19ος - 20ος ΑΙΩΝΑΣ),2,3,ΕΕ,ΚΟΥΛΟΥΡΗ ΧΡΙΣΤΙΝΑ,002
53,ΜΕΤ,7,1,ΠΟΛΙΤΙΚΗ ΕΠΙΣΤΗΜΗ ΚΑΙ ΙΣΤΟΡΙΑ,MET,11Μ238,ΠΟΣΟΤΙΚΕΣ ΜΕΘΟΔΟΙ ΣΤΗΝ ΑΝΑΛΥΣΗ ΕΚΛΟΓΙΚΩΝ ΔΕΔΟΜΕΝΩΝ,2,3,ΕΕ,ΓΕΩΡΓΙΑΔΟΥ ΒΑΣΙΛΙΚΗ,002
54,ΜΕΤ,7,1,ΠΟΛΙΤΙΚΗ ΕΠΙΣΤΗΜΗ ΚΑΙ ΙΣΤΟΡΙΑ,MET,11Μ241,"ΑΠΟ ΤΗΝ ΚΟΜΜΟΥΝΙΣΤΙΚΗ ΣΤΗ ΡΙΖΟΣΠΑΣΤΙΚΗ ΑΡΙΣΤΕΡΑ ΣΤΗΝ ΕΥΡΩΠΗ. ΜΕΤΑΣΧΗΜΑΤΙΣΜΟΙ, ΣΥΝΕΧΕΙΕΣ ΚΑΙ ΑΣΥΝΕΧΕΙΕΣ",1,3,ΕΕ,ΒΟΥΛΓΑΡΗΣ ΙΩΑΝ.,002
55,ΜΕΤ,7,1,ΠΟΛΙΤΙΚΗ ΕΠΙΣΤΗΜΗ ΚΑΙ ΙΣΤΟΡΙΑ,MET,11Μ242,Η ΑΜΕΡΙΚΗ ΑΠΟ ΤΟΝ ΨΥΧΡΟ ΠΟΛΕΜΟ ΣΤΗ ΜΕΤΑΨΥΧΡΟΠΟΛΕΜΙΚΗ ΕΠΟΧΗ. ΠΟΛΙΤΙΚΗ ΚΑΙ ΙΔΕΟΛΟΓΙΑ,1,3,ΕΕ,ΛΑΓΑΝΗ ΕΙΡΗΝΗ,002
56,ΜΕΤ,7,1,ΠΟΛΙΤΙΚΗ ΕΠΙΣΤΗΜΗ ΚΑΙ ΙΣΤΟΡΙΑ,MET,11Μ243,ΑΠΟΙΚΙΟΚΡΑΤΙΑ ΚΑΙ ΕΥΡΩΚΕΝΤΡΙΚΕΣ ΣΤΕΡΕΟΤΥΠΙΚΕΣ ΚΑΤΑΣΚΕΥΕΣ,1,3,ΕΕ,ΚΟΤΑΡΙΔΗΣ ΝΙΚΟΛΑΟΣ,002
57,ΜΕΤ,7,1,ΠΟΛΙΤΙΚΗ ΕΠΙΣΤΗΜΗ ΚΑΙ ΙΣΤΟΡΙΑ,MET,11Μ244,ΜΝΗΜΗ ΚΑΙ ΔΗΜΟΣΙΑ ΙΣΤΟΡΙΑ ΤΟΥ Β΄ ΠΑΓΚΟΣΜΙΟΥ ΠΟΛΕΜΟΥ,1,3,ΕΕ,ΚΟΥΛΟΥΡΗ ΧΡΙΣΤΙΝΑ,002
58,ΜΕΤ,7,1,ΠΟΛΙΤΙΚΗ ΕΠΙΣΤΗΜΗ ΚΑΙ ΙΣΤΟΡΙΑ,MET,11Μ245,Η ΜΕΤΑΝΑΣΤΕΥΣΗ ΚΑΤΑ ΤΗ ΝΕΟΤΕΡΗ ΚΑΙ ΣΥΓΧΡΟΝΗ ΕΠΟΧΗ,2,3,ΕΕ,ΒΕΝΤΟΥΡΑ ΑΙΚΑΤΕΡΙΝΗ,002
59,ΜΕΤ,7,2,"ΔΙΕΘΝΩΝ, ΕΥΡΩΠΑΪΚΩΝ ΚΑΙ ΠΕΡΙΦΕΡΕΙΑΚΩΝ ΣΠΟΥΔΩΝ",MET,12Μ017,ΠΟΛΙΤΙΚΕΣ ΟΨΕΙΣ ΤΩΝ ΔΙΕΘΝΩΝ ΘΕΣΜΩΝ,1,,ΥΠ,ΧΕΙΛΑ ΕΙΡΗΝΗ,002
60,ΜΕΤ,7,2,"ΔΙΕΘΝΩΝ, ΕΥΡΩΠΑΪΚΩΝ ΚΑΙ ΠΕΡΙΦΕΡΕΙΑΚΩΝ ΣΠΟΥΔΩΝ",MET,12Μ020,ΣΤΡΑΤΗΓΙΚΗ ΑΝΑΛΥΣΗ,1,,ΥΠ,ΠΑΠΑΣΩΤΗΡΙΟΥ ΧΑΡΑΛΑΜΠΟΣ,002
61,ΜΕΤ,7,2,"ΔΙΕΘΝΩΝ, ΕΥΡΩΠΑΪΚΩΝ ΚΑΙ ΠΕΡΙΦΕΡΕΙΑΚΩΝ ΣΠΟΥΔΩΝ",MET,12Μ025,ΔΙΚΑΙΟ ΔΙΕΘΝΩΝ ΣΥΝΑΛΛΑΓΩΝ,1,,ΥΠ,ΠΑΠΑΝΤΩΝΗ ΜΑΡΙΑ,002
62,ΜΕΤ,7,2,"ΔΙΕΘΝΩΝ, ΕΥΡΩΠΑΪΚΩΝ ΚΑΙ ΠΕΡΙΦΕΡΕΙΑΚΩΝ ΣΠΟΥΔΩΝ",MET,12Μ025,ΔΙΚΑΙΟ ΔΙΕΘΝΩΝ ΣΥΝΑΛΛΑΓΩΝ,1,,ΥΠ,ΤΑΓΑΡΑΣ ΧΑΡΙΣΙΟΣ,002
63,ΜΕΤ,7,2,"ΔΙΕΘΝΩΝ, ΕΥΡΩΠΑΪΚΩΝ ΚΑΙ ΠΕΡΙΦΕΡΕΙΑΚΩΝ ΣΠΟΥΔΩΝ",MET,12Μ030,ΕΙΔΙΚΑ ΘΕΜΑΤΑ ΔΙΕΘΝΟΥΣ ΔΙΚΑΙΟΥ: ΧΡΗΣΗ ΒΙΑΣ,1,,ΥΠ,ΜΑΡΟΥΔΑ ΜΑΡΙΑ,002
64,ΜΕΤ,7,2,"ΔΙΕΘΝΩΝ, ΕΥΡΩΠΑΪΚΩΝ ΚΑΙ ΠΕΡΙΦΕΡΕΙΑΚΩΝ ΣΠΟΥΔΩΝ",MET,12Μ030,ΕΙΔΙΚΑ ΘΕΜΑΤΑ ΔΙΕΘΝΟΥΣ ΔΙΚΑΙΟΥ: ΧΡΗΣΗ ΒΙΑΣ,1,,ΥΠ,ΠΕΡΡΑΚΗΣ ΣΤΥΛΙΑΝΟΣ,002
65,ΜΕΤ,7,2,"ΔΙΕΘΝΩΝ, ΕΥΡΩΠΑΪΚΩΝ ΚΑΙ ΠΕΡΙΦΕΡΕΙΑΚΩΝ ΣΠΟΥΔΩΝ",MET,12Μ035,"ΧΡΗΜΑ, ΤΡΑΠΕΖΕΣ, ΚΕΦΑΛΑΙΑΓΟΡΕΣ",1,,ΥΠ,ΣΤΕΦΑΝΟΥ ΚΩΝ/ΝΟΣ,002
66,ΜΕΤ,7,2,"ΔΙΕΘΝΩΝ, ΕΥΡΩΠΑΪΚΩΝ ΚΑΙ ΠΕΡΙΦΕΡΕΙΑΚΩΝ ΣΠΟΥΔΩΝ",MET,12Μ036,Η ΔΥΝΑΜΙΚΗ ΤΗΣ ΕΥΡΩΠΑΪΚΗΣ ΟΛΟΚΛΗΡΩΣΗΣ,1,,ΥΠ,ΣΤΕΦΑΝΟΥ ΚΩΝ/ΝΟΣ,002
67,ΜΕΤ,7,2,"ΔΙΕΘΝΩΝ, ΕΥΡΩΠΑΪΚΩΝ ΚΑΙ ΠΕΡΙΦΕΡΕΙΑΚΩΝ ΣΠΟΥΔΩΝ",MET,12Μ036,Η ΔΥΝΑΜΙΚΗ ΤΗΣ ΕΥΡΩΠΑΪΚΗΣ ΟΛΟΚΛΗΡΩΣΗΣ,1,,ΥΠ,ΧΡΥΣΟΧΟΟΥ ΔΗΜΗΤΡΙΟΣ,002
68,ΜΕΤ,7,2,"ΔΙΕΘΝΩΝ, ΕΥΡΩΠΑΪΚΩΝ ΚΑΙ ΠΕΡΙΦΕΡΕΙΑΚΩΝ ΣΠΟΥΔΩΝ",MET,12Μ038,ΕΙΔΙΚΑ ΘΕΜΑΤΑ ΔΙΕΘΝΩΝ ΟΡΓΑΝΙΣΜΩΝ,1,,ΥΠ,ΠΕΡΡΑΚΗΣ ΣΤΥΛΙΑΝΟΣ,002
69,ΜΕΤ,7,2,"ΔΙΕΘΝΩΝ, ΕΥΡΩΠΑΪΚΩΝ ΚΑΙ ΠΕΡΙΦΕΡΕΙΑΚΩΝ ΣΠΟΥΔΩΝ",MET,12Μ066,ΣΥΓΚΡΙΤΙΚΗ ΠΟΛΙΤΙΚΗ ΑΝΑΛΥΣΗ,1,,ΥΠ,ΚΟΠΠΑ ΜΑΡΙΑ-ΕΛΕΝΗ,002
70,ΜΕΤ,7,2,"ΔΙΕΘΝΩΝ, ΕΥΡΩΠΑΪΚΩΝ ΚΑΙ ΠΕΡΙΦΕΡΕΙΑΚΩΝ ΣΠΟΥΔΩΝ",MET,12Μ066,ΣΥΓΚΡΙΤΙΚΗ ΠΟΛΙΤΙΚΗ ΑΝΑΛΥΣΗ,1,,ΥΠ,ΔΙΑΜΑΝΤΟΠΟΥΛΟΣ ΒΑΣΙΛΕΙΟΣ,002
71,ΜΕΤ,7,2,"ΔΙΕΘΝΩΝ, ΕΥΡΩΠΑΪΚΩΝ ΚΑΙ ΠΕΡΙΦΕΡΕΙΑΚΩΝ ΣΠΟΥΔΩΝ",MET,12Μ068,ΔΙΕΘΝΗΣ ΔΙΚΑΙΟΣΥΝΗ,1,,ΥΠ,ΜΑΡΟΥΔΑ ΜΑΡΙΑ,002
72,ΜΕΤ,7,2,"ΔΙΕΘΝΩΝ, ΕΥΡΩΠΑΪΚΩΝ ΚΑΙ ΠΕΡΙΦΕΡΕΙΑΚΩΝ ΣΠΟΥΔΩΝ",MET,12Μ068,ΔΙΕΘΝΗΣ ΔΙΚΑΙΟΣΥΝΗ,1,,ΥΠ,ΠΕΡΡΑΚΗΣ ΣΤΥΛΙΑΝΟΣ,002
73,ΜΕΤ,7,2,"ΔΙΕΘΝΩΝ, ΕΥΡΩΠΑΪΚΩΝ ΚΑΙ ΠΕΡΙΦΕΡΕΙΑΚΩΝ ΣΠΟΥΔΩΝ",MET,12Μ086,ΕΛΛΗΝΙΚΗ ΕΞΩΤΕΡΙΚΗ ΠΟΛΙΤΙΚΗ : ΕΙΔΙΚΑ ΘΕΜΑΤΑ,1,,ΥΠ,ΣΥΡΙΓΟΣ ΕΥΑΓΓΕΛΟΣ,002
74,ΜΕΤ,7,2,"ΔΙΕΘΝΩΝ, ΕΥΡΩΠΑΪΚΩΝ ΚΑΙ ΠΕΡΙΦΕΡΕΙΑΚΩΝ ΣΠΟΥΔΩΝ",MET,12Μ086,ΕΛΛΗΝΙΚΗ ΕΞΩΤΕΡΙΚΗ ΠΟΛΙΤΙΚΗ : ΕΙΔΙΚΑ ΘΕΜΑΤΑ,1,,ΥΠ,ΠΕΡΡΑΚΗΣ ΣΤΥΛΙΑΝΟΣ,002
75,ΜΕΤ,7,2,"ΔΙΕΘΝΩΝ, ΕΥΡΩΠΑΪΚΩΝ ΚΑΙ ΠΕΡΙΦΕΡΕΙΑΚΩΝ ΣΠΟΥΔΩΝ",MET,12Μ089,"ΕΥΡΩΠΑΙΚΟΣ ΧΩΡΟΣ ΕΛΕΥΘΕΡΙΑΣ, ΑΣΦΑΛΕΙΑΣ ΚΑΙ ΔΙΚΑΙΟΣΥΝΗΣ",1,,ΥΠ,ΤΣΟΛΚΑ ΟΛΓΑ,002
76,ΜΕΤ,7,2,"ΔΙΕΘΝΩΝ, ΕΥΡΩΠΑΪΚΩΝ ΚΑΙ ΠΕΡΙΦΕΡΕΙΑΚΩΝ ΣΠΟΥΔΩΝ",MET,12Μ089,"ΕΥΡΩΠΑΙΚΟΣ ΧΩΡΟΣ ΕΛΕΥΘΕΡΙΑΣ, ΑΣΦΑΛΕΙΑΣ ΚΑΙ ΔΙΚΑΙΟΣΥΝΗΣ",1,,ΥΠ,ΤΑΓΑΡΑΣ ΧΑΡΙΣΙΟΣ,002
77,ΜΕΤ,7,2,"ΔΙΕΘΝΩΝ, ΕΥΡΩΠΑΪΚΩΝ ΚΑΙ ΠΕΡΙΦΕΡΕΙΑΚΩΝ ΣΠΟΥΔΩΝ",MET,12Μ089,"ΕΥΡΩΠΑΙΚΟΣ ΧΩΡΟΣ ΕΛΕΥΘΕΡΙΑΣ, ΑΣΦΑΛΕΙΑΣ ΚΑΙ ΔΙΚΑΙΟΣΥΝΗΣ",1,,ΥΠ,ΠΕΡΡΑΚΗΣ ΣΤΥΛΙΑΝΟΣ,002
78,ΜΕΤ,7,2,"ΔΙΕΘΝΩΝ, ΕΥΡΩΠΑΪΚΩΝ ΚΑΙ ΠΕΡΙΦΕΡΕΙΑΚΩΝ ΣΠΟΥΔΩΝ",MET,12Μ093,ΔΙΕΘΝΕΣ ΔΙΚΑΙΟ  ΤΗΣ ΑΝΑΠΤΥΞΗΣ,1,,ΥΠ,ΤΣΑΛΤΑΣ ΓΡΗΓΟΡΗΣ,002
79,ΜΕΤ,7,2,"ΔΙΕΘΝΩΝ, ΕΥΡΩΠΑΪΚΩΝ ΚΑΙ ΠΕΡΙΦΕΡΕΙΑΚΩΝ ΣΠΟΥΔΩΝ",MET,12Μ094,ΠΟΛΙΤΙΚΗ ΟΙΚΟΝΟΜΙΑ ΤΗΣ ΑΝΑΠΤΥΞΗΣ,1,,ΥΠ,ΡΟΥΜΕΛΙΩΤΗΣ ΠΑΝΑΓΙΩΤΗΣ,002
80,ΜΕΤ,7,2,"ΔΙΕΘΝΩΝ, ΕΥΡΩΠΑΪΚΩΝ ΚΑΙ ΠΕΡΙΦΕΡΕΙΑΚΩΝ ΣΠΟΥΔΩΝ",MET,12Μ095,ΓΕΩΓΡΑΦΙΑ ΤΗΣ ΦΤΩΧΕΙΑΣ ΚΑΙ  ΥΠΑΝΑΠΤΥΞΗΣ,1,,ΥΠ,ΤΣΑΛΤΑΣ ΓΡΗΓΟΡΗΣ,002
81,ΜΕΤ,7,2,"ΔΙΕΘΝΩΝ, ΕΥΡΩΠΑΪΚΩΝ ΚΑΙ ΠΕΡΙΦΕΡΕΙΑΚΩΝ ΣΠΟΥΔΩΝ",MET,12Μ104,ΘΕΩΡΙΑ ΚΑΙ ΜΕΘΟΔΟΛΟΓΙΑ ΔΙΕΘΝΩΝ ΣΧΕΣΕΩΝ,1,,ΥΠ,ΓΚΟΦΑΣ ΑΝΔΡΕΑΣ,002
82,ΜΕΤ,7,2,"ΔΙΕΘΝΩΝ, ΕΥΡΩΠΑΪΚΩΝ ΚΑΙ ΠΕΡΙΦΕΡΕΙΑΚΩΝ ΣΠΟΥΔΩΝ",MET,12Μ104,ΘΕΩΡΙΑ ΚΑΙ ΜΕΘΟΔΟΛΟΓΙΑ ΔΙΕΘΝΩΝ ΣΧΕΣΕΩΝ,1,,ΥΠ,ΠΑΠΑΣΩΤΗΡΙΟΥ ΧΑΡΑΛΑΜΠΟΣ,002
83,ΜΕΤ,7,2,"ΔΙΕΘΝΩΝ, ΕΥΡΩΠΑΪΚΩΝ ΚΑΙ ΠΕΡΙΦΕΡΕΙΑΚΩΝ ΣΠΟΥΔΩΝ",MET,12Μ106,ΔΙΕΘΝΗΣ ΚΑΙ ΠΕΡΙΦΕΡΕΙΑΚΗ ΟΙΚΟΝΟΜΙΚΗ ΟΛΟΚΛΗΡΩΣΗ,1,,ΥΠ,ΠΑΠΑΖΟΓΛΟΥ ΧΡΗΣΤΟΣ,002
84,ΜΕΤ,7,2,"ΔΙΕΘΝΩΝ, ΕΥΡΩΠΑΪΚΩΝ ΚΑΙ ΠΕΡΙΦΕΡΕΙΑΚΩΝ ΣΠΟΥΔΩΝ",MET,12Μ107,ΠΑΓΚΟΣΜΙΑ ΟΙΚΟΝΟΜΙΚΗ ΔΙΑΚΥΒΕΡΝΗΣΗ,1,,ΥΠ,ΣΤΑΣΙΝΟΠΟΥΛΟΣ Γ.,002
85,ΜΕΤ,7,2,"ΔΙΕΘΝΩΝ, ΕΥΡΩΠΑΪΚΩΝ ΚΑΙ ΠΕΡΙΦΕΡΕΙΑΚΩΝ ΣΠΟΥΔΩΝ",MET,12Μ110,ΔΙΚΑΙΟ ΔΙΕΘΝΟΥΣ ΕΜΠΟΡΙΟΥ ΚΑΙ ΚΡΑΤΙΚΩΝ ΕΝΙΣΧΥΣΕΩΝ,1,,ΥΠ,ΣΤΕΦΑΝΟΥ ΚΩΝ/ΝΟΣ,002
86,ΜΕΤ,7,2,"ΔΙΕΘΝΩΝ, ΕΥΡΩΠΑΪΚΩΝ ΚΑΙ ΠΕΡΙΦΕΡΕΙΑΚΩΝ ΣΠΟΥΔΩΝ",MET,12Μ110,ΔΙΚΑΙΟ ΔΙΕΘΝΟΥΣ ΕΜΠΟΡΙΟΥ ΚΑΙ ΚΡΑΤΙΚΩΝ ΕΝΙΣΧΥΣΕΩΝ,1,,ΥΠ,ΚΑΡΑΓΙΑΝΝΗΣ ΒΑΣΙΛΕΙΟΣ,002
87,ΜΕΤ,7,2,"ΔΙΕΘΝΩΝ, ΕΥΡΩΠΑΪΚΩΝ ΚΑΙ ΠΕΡΙΦΕΡΕΙΑΚΩΝ ΣΠΟΥΔΩΝ",MET,12Μ116,ΕΥΡΩΠΑΪΚΟ ΚΟΙΝΟ ΔΙΚΑΙΟ (ius communis) - ΔΗΜΟΣΙΟ ΚΑΙ ΠΟΙΝΙΚΟ,1,,ΥΠ,ΤΣΟΛΚΑ ΟΛΓΑ,002
88,ΜΕΤ,7,2,"ΔΙΕΘΝΩΝ, ΕΥΡΩΠΑΪΚΩΝ ΚΑΙ ΠΕΡΙΦΕΡΕΙΑΚΩΝ ΣΠΟΥΔΩΝ",MET,12Μ116,ΕΥΡΩΠΑΪΚΟ ΚΟΙΝΟ ΔΙΚΑΙΟ (ius communis) - ΔΗΜΟΣΙΟ ΚΑΙ ΠΟΙΝΙΚΟ,1,,ΥΠ,ΚΑΝΕΛΛΟΠΟΥΛΟΥ ΝΕΔΑ-ΜΑΡΙΑ,002
89,ΜΕΤ,7,2,"ΔΙΕΘΝΩΝ, ΕΥΡΩΠΑΪΚΩΝ ΚΑΙ ΠΕΡΙΦΕΡΕΙΑΚΩΝ ΣΠΟΥΔΩΝ",MET,12Μ120,ΕΙΔΙΚΑ ΘΕΜΑΤΑ ΟΙΚΟΝΟΜΙΚΗΣ ΚΑΙ  ΧΡΗΜΑΤΟΟΙΚΟΝΟΜΙΚΗΣ ΑΝΑΛΥΣΗΣ,1,,ΥΠ,ΜΑΣΤΡΟΓΙΑΝΝΗΣ ΑΝΑΣΤΑΣΙΟΣ,002
90,ΜΕΤ,7,2,"ΔΙΕΘΝΩΝ, ΕΥΡΩΠΑΪΚΩΝ ΚΑΙ ΠΕΡΙΦΕΡΕΙΑΚΩΝ ΣΠΟΥΔΩΝ",MET,12Μ121,ΕΥΡΩΠΑΪΚΗ ΔΗΜΟΣΙΑ ΠΟΛΙΤΙΚΗ Ι: ΔΙΑΜΟΡΦΩΣΗ ΠΟΛΙΤΙΚΗΣ,1,,ΥΠ,ΤΣΕΚΟΣ ΘΕΟΔΩΡΟΣ,002
91,ΜΕΤ,7,2,"ΔΙΕΘΝΩΝ, ΕΥΡΩΠΑΪΚΩΝ ΚΑΙ ΠΕΡΙΦΕΡΕΙΑΚΩΝ ΣΠΟΥΔΩΝ",MET,12Μ121,ΕΥΡΩΠΑΪΚΗ ΔΗΜΟΣΙΑ ΠΟΛΙΤΙΚΗ Ι: ΔΙΑΜΟΡΦΩΣΗ ΠΟΛΙΤΙΚΗΣ,1,,ΥΠ,ΠΑΣΣΑΣ ΑΝΑΡΓΥΡΟΣ,002
92,ΜΕΤ,7,2,"ΔΙΕΘΝΩΝ, ΕΥΡΩΠΑΪΚΩΝ ΚΑΙ ΠΕΡΙΦΕΡΕΙΑΚΩΝ ΣΠΟΥΔΩΝ",MET,12Μ131,ΔΙΕΘΝΗΣ ΚΑΙ ΠΕΡΙΦΕΡΕΙΑΚΗ ΠΕΡΙΒΑΛΛΟΝΤΙΚΗ ΔΙΑΚΥΒΕΡΝΗΣΗ,1,,ΥΠ,ΡΑΥΤΟΠΟΥΛΟΣ ΕΥΑΓΓΕΛΟΣ,002
93,ΜΕΤ,7,2,"ΔΙΕΘΝΩΝ, ΕΥΡΩΠΑΪΚΩΝ ΚΑΙ ΠΕΡΙΦΕΡΕΙΑΚΩΝ ΣΠΟΥΔΩΝ",MET,12Μ208,ΕΙΔΙΚΑ ΘΕΜΑΤΑ ΣΤΗΝ ΔΙΕΘΝΗ ΜΑΚΡΟΟΙΚΟΝΟΜΙΚΗ,1,,ΥΠ,ΣΙΔΕΡΗΣ ΔΗΜΗΤΡΗΣ,002
94,ΜΕΤ,7,4,"ΕΠΙΚΟΙΝΩΝΙΑ, ΜΕΣΑ ΚΑΙ ΠΟΛΙΤΙΣΤΙΚΗ ΔΙΑΧΕΙΡΙΣΗ",MET,41Μ002,ΟΡΓΑΝΩΣΗ ΚΑΙ ΔΙΟΙΚΗΣΗ ΠΟΛΙΤΙΣΤΙΚΩΝ ΟΡΓΑΝΙΣΜΩΝ,1,,ΕΥ,ΚΛΗΜΗΣ ΓΕΩΡΓΙΟΣ-ΜΙΧΑΗΛ,003
95,ΜΕΤ,7,4,"ΕΠΙΚΟΙΝΩΝΙΑ, ΜΕΣΑ ΚΑΙ ΠΟΛΙΤΙΣΤΙΚΗ ΔΙΑΧΕΙΡΙΣΗ",MET,41Μ003,ΟΙΚΟΝΟΜΙΑ ΤΟΥ ΠΟΛΙΤΙΣΜΟΥ,2,,ΕΥ,ΛΕΑΝΔΡΟΣ ΝΙΚΟΛΑΟΣ,003
96,ΜΕΤ,7,4,"ΕΠΙΚΟΙΝΩΝΙΑ, ΜΕΣΑ ΚΑΙ ΠΟΛΙΤΙΣΤΙΚΗ ΔΙΑΧΕΙΡΙΣΗ",MET,41Μ005,ΠΟΛΙΤΙΣΤΙΚΗ ΔΙΠΛΩΜΑΤΙΑ,1,,ΕΥ,ΓΙΑΛΛΟΥΡΙΔΗΣ ΧΡΙΣΤΟΔΟΥΛΟΣ,003
97,ΜΕΤ,7,4,"ΕΠΙΚΟΙΝΩΝΙΑ, ΜΕΣΑ ΚΑΙ ΠΟΛΙΤΙΣΤΙΚΗ ΔΙΑΧΕΙΡΙΣΗ",MET,41Μ006,ΟΠΤΙΚΟΣ ΠΟΛΙΤΙΣΜΟΣ,1,,ΕΥ,ΣΚΑΡΠΕΛΟΣ ΙΩΑΝΝΗΣ,003
98,ΜΕΤ,7,4,"ΕΠΙΚΟΙΝΩΝΙΑ, ΜΕΣΑ ΚΑΙ ΠΟΛΙΤΙΣΤΙΚΗ ΔΙΑΧΕΙΡΙΣΗ",MET,41Μ009,ΠΟΛΙΤΙΣΤΙΚΟ ΜΑΡΚΕΤΙΝΓΚ ΚΑΙ  ΕΠΙΚΟΙΝΩΝΙΑ,2,,ΕΥ,ΤΣΑΚΑΡΕΣΤΟΥ Π.,003
99,ΜΕΤ,7,4,"ΕΠΙΚΟΙΝΩΝΙΑ, ΜΕΣΑ ΚΑΙ ΠΟΛΙΤΙΣΤΙΚΗ ΔΙΑΧΕΙΡΙΣΗ",MET,41Μ014,ΙΣΤΟΡΙΑ ΤΗΣ ΤΕΧΝΗΣ,2,,ΕΥ,ΦΟΥΝΤΟΥΛΑΚΗ-ΑΝΑΣΤΑΣΑ ΕΥΤΥΧΙΑ,003
100,ΜΕΤ,7,4,"ΕΠΙΚΟΙΝΩΝΙΑ, ΜΕΣΑ ΚΑΙ ΠΟΛΙΤΙΣΤΙΚΗ ΔΙΑΧΕΙΡΙΣΗ",MET,41Μ015,ΚΙΝΗΜΑΤΟΓΡΑΦΟΣ,2,,ΕΥ,ΠΑΡΑΔΕΙΣΗ ΜΑΡΙΑ,003
101,ΜΕΤ,7,4,"ΕΠΙΚΟΙΝΩΝΙΑ, ΜΕΣΑ ΚΑΙ ΠΟΛΙΤΙΣΤΙΚΗ ΔΙΑΧΕΙΡΙΣΗ",MET,41Μ017,ΜΟΥΣΕΙΟΛΟΓΙΑ,2,,ΕΥ,ΓΚΑΖΗ AΝΔΡΟΜΑΧΗ,003
102,ΜΕΤ,7,4,"ΕΠΙΚΟΙΝΩΝΙΑ, ΜΕΣΑ ΚΑΙ ΠΟΛΙΤΙΣΤΙΚΗ ΔΙΑΧΕΙΡΙΣΗ",MET,41Μ022,ΠΑΡΑΣΤΑΤΙΚΕΣ ΤΕΧΝΕΣ,1,,ΕΥ,ΑΝΔΡΕΑΔΗΣ ΙΩΑΝΝΗΣ,003
103,ΜΕΤ,7,4,"ΕΠΙΚΟΙΝΩΝΙΑ, ΜΕΣΑ ΚΑΙ ΠΟΛΙΤΙΣΤΙΚΗ ΔΙΑΧΕΙΡΙΣΗ",MET,41Μ023,ΚΟΙΝΩΝΙΟΛΟΓΙΑ ΤΟΥ ΠΟΛΙΤΙΣΜΟΥ,2,,ΕΥ,ΜΙΧΑΗΛΙΔΟΥ ΜΑΡΘΑ,003
104,ΜΕΤ,7,4,"ΕΠΙΚΟΙΝΩΝΙΑ, ΜΕΣΑ ΚΑΙ ΠΟΛΙΤΙΣΤΙΚΗ ΔΙΑΧΕΙΡΙΣΗ",MET,41Μ024,ΜΟΥΣΙΚΗ,1,,ΕΥ,ΤΣΟΚΑΝΗ-ΚΑΡΑΠΟΣΤΟΛΗ ΧΑΡΙΚΛΕΙΑ,003
105,ΜΕΤ,7,4,"ΕΠΙΚΟΙΝΩΝΙΑ, ΜΕΣΑ ΚΑΙ ΠΟΛΙΤΙΣΤΙΚΗ ΔΙΑΧΕΙΡΙΣΗ",MET,41Μ025,ΔΙΑΧΕΙΡΙΣΗ ΑΝΘΡΩΠΙΝΟΥ ΔΥΝΑΜΙΚΟΥ,2,,ΕΥ,ΙΟΡΔΑΝΟΓΛΟΥ ΔΗΜΗΤΡΑ,003
106,ΜΕΤ,7,4,"ΕΠΙΚΟΙΝΩΝΙΑ, ΜΕΣΑ ΚΑΙ ΠΟΛΙΤΙΣΤΙΚΗ ΔΙΑΧΕΙΡΙΣΗ",MET,41Μ026,"ΜΕΘΟΔΟΛΟΓΙΚΕΣ ΠΡΟΣΕΓΓΙΣΕΙΣ ΜΕΣΩΝ, ΕΠΙΚΟΙΝΩΝΙΑΣ ΚΑΙ ΠΟΛΙΤΙΣΜΟΥ",1,,ΥΠ,ΜΙΧΑΗΛΙΔΟΥ ΜΑΡΘΑ,003
107,ΜΕΤ,7,4,"ΕΠΙΚΟΙΝΩΝΙΑ, ΜΕΣΑ ΚΑΙ ΠΟΛΙΤΙΣΤΙΚΗ ΔΙΑΧΕΙΡΙΣΗ",MET,41Μ027,"ΕΠΙΚΟΙΝΩΝΙΑ, ΜΕΣΑ ΚΑΙ ΠΟΛΙΤΙΚΗ Ι",1,,ΕΥ,ΖΕΡΗ ΠΕΡΣΕΦΟΝΗ,003
108,ΜΕΤ,7,4,"ΕΠΙΚΟΙΝΩΝΙΑ, ΜΕΣΑ ΚΑΙ ΠΟΛΙΤΙΣΤΙΚΗ ΔΙΑΧΕΙΡΙΣΗ",MET,41Μ029,ΘΕΩΡΙΑ ΚΑΙ ΙΣΤΟΡΙΑ ΤΩΝ ΜΕΣΩΝ ΕΠΙΚΟΙΝΩΝΙΑΣ,1,,ΕΥ,ΚΑΒΒΑΘΑΣ ΔΙΟΝΥΣΗΣ,003
109,ΜΕΤ,7,4,"ΕΠΙΚΟΙΝΩΝΙΑ, ΜΕΣΑ ΚΑΙ ΠΟΛΙΤΙΣΤΙΚΗ ΔΙΑΧΕΙΡΙΣΗ",MET,41Μ030,ΡΗΤΟΡΙΚΗ ΤΗΣ ΕΙΚΟΝΑΣ,1,,ΕΥ,ΣΚΑΡΠΕΛΟΣ ΙΩΑΝΝΗΣ,003
110,ΜΕΤ,7,4,"ΕΠΙΚΟΙΝΩΝΙΑ, ΜΕΣΑ ΚΑΙ ΠΟΛΙΤΙΣΤΙΚΗ ΔΙΑΧΕΙΡΙΣΗ",MET,41Μ031,ΓΛΩΣΣΑ ΚΑΙ Μ.Μ.Ε.,1,,ΕΥ,ΚΑΚΑΒΟΥΛΙΑ ΜΑΡΙΑ,003
111,ΜΕΤ,7,4,"ΕΠΙΚΟΙΝΩΝΙΑ, ΜΕΣΑ ΚΑΙ ΠΟΛΙΤΙΣΤΙΚΗ ΔΙΑΧΕΙΡΙΣΗ",MET,41Μ032,"ΕΠΙΚΟΙΝΩΝΙΑ, ΜΕΣΑ ΚΑΙ ΠΟΛΙΤΙΚΗ ΙΙ",2,,ΕΥ,ΖΕΡΗ ΠΕΡΣΕΦΟΝΗ,003
112,ΜΕΤ,7,4,"ΕΠΙΚΟΙΝΩΝΙΑ, ΜΕΣΑ ΚΑΙ ΠΟΛΙΤΙΣΤΙΚΗ ΔΙΑΧΕΙΡΙΣΗ",MET,41Μ033,Η ΑΦΗΓΗΣΗ ΣΕ ΠΑΛΑΙΑ ΚΑΙ ΝΕΑ ΜΕΣΑ,2,,ΕΥ,ΚΑΚΑΒΟΥΛΙΑ ΜΑΡΙΑ,003
113,ΜΕΤ,7,4,"ΕΠΙΚΟΙΝΩΝΙΑ, ΜΕΣΑ ΚΑΙ ΠΟΛΙΤΙΣΤΙΚΗ ΔΙΑΧΕΙΡΙΣΗ",MET,41Μ035,ΨΥΧΟΛΟΓΙΑ ΚΑΙ ΜΕΣΑ,2,,ΕΥ,ΖΕΡΗ ΠΕΡΣΕΦΟΝΗ,003
114,ΜΕΤ,7,4,"ΕΠΙΚΟΙΝΩΝΙΑ, ΜΕΣΑ ΚΑΙ ΠΟΛΙΤΙΣΤΙΚΗ ΔΙΑΧΕΙΡΙΣΗ",MET,41Μ036,ΔΙΟΙΚΗΣΗ ΚΑΙ ΜΑΡΚΕΤΙΝΓΚ,2,,ΕΥ,ΚΛΗΜΗΣ ΓΕΩΡΓΙΟΣ-ΜΙΧΑΗΛ,003
115,ΜΕΤ,7,4,"ΕΠΙΚΟΙΝΩΝΙΑ, ΜΕΣΑ ΚΑΙ ΠΟΛΙΤΙΣΤΙΚΗ ΔΙΑΧΕΙΡΙΣΗ",MET,41Μ037,ΜΕΣΑ ΚΑΙ ΨΗΦΙΑΚΕΣ ΕΦΑΡΜΟΓΕΣ,1,,ΕΥ,ΚΑΠΕΡΩΝΗΣ ΣΤΑΥΡΟΣ,003
116,ΜΕΤ,7,4,"ΕΠΙΚΟΙΝΩΝΙΑ, ΜΕΣΑ ΚΑΙ ΠΟΛΙΤΙΣΤΙΚΗ ΔΙΑΧΕΙΡΙΣΗ",MET,41Μ038,ΔΗΜΟΣΙΕΣ ΠΟΛΙΤΙΚΕΣ ΚΑΙ ΨΗΦΙΑΚΗ ΕΠΙΚΟΙΝΩΝΙΑ,1,,ΕΥ,ΨΥΛΛΑ ΜΑΡΙΑΝΝΑ,003
117,ΜΕΤ,7,4,"ΕΠΙΚΟΙΝΩΝΙΑ, ΜΕΣΑ ΚΑΙ ΠΟΛΙΤΙΣΤΙΚΗ ΔΙΑΧΕΙΡΙΣΗ",MET,41Μ039,ΠΑΡΑΓΩΓΗ ΠΕΡΙΕΧΟΜΕΝΟΥ ΚΑΙ ΕΠΙΧΕΙΡΗΣΕΙΣ,1,,ΕΥ,ΛΕΑΝΔΡΟΣ ΝΙΚΟΛΑΟΣ,003
118,ΜΕΤ,7,4,"ΕΠΙΚΟΙΝΩΝΙΑ, ΜΕΣΑ ΚΑΙ ΠΟΛΙΤΙΣΤΙΚΗ ΔΙΑΧΕΙΡΙΣΗ",MET,41Μ040,ΗΓΕΣΙΑ ΚΑΙ ΕΠΙΧΕΙΡΗΜΑΤΙΚΟΤΗΤΑ ΣΤΗ ΔΗΜΟΣΙΟΓΡΑΦΙΑ,1,,ΕΥ,ΙΟΡΔΑΝΟΓΛΟΥ ΔΗΜΗΤΡΑ,003
119,ΜΕΤ,7,4,"ΕΠΙΚΟΙΝΩΝΙΑ, ΜΕΣΑ ΚΑΙ ΠΟΛΙΤΙΣΤΙΚΗ ΔΙΑΧΕΙΡΙΣΗ",MET,41Μ041,ΔΗΜΟΣΙΟΓΡΑΦΙΚΗ ΑΦΗΓΗΣΗ ΣΤΑ ΠΑΛΑΙΑ ΚΑΙ ΣΤΑ ΝΕΑ ΜΕΣΑ. ΣΥΓΚΛΙΣΗ ΚΑΙ ΠΟΛΥΜΕΣΙΚΟΤΗΤΑ,2,,ΕΥ,ΜΠΑΚΟΥΝΑΚΗΣ ΝΙΚΟΛΑΟΣ,003
120,ΜΕΤ,7,4,"ΕΠΙΚΟΙΝΩΝΙΑ, ΜΕΣΑ ΚΑΙ ΠΟΛΙΤΙΣΤΙΚΗ ΔΙΑΧΕΙΡΙΣΗ",MET,41Μ042,ΔΙΑΜΕΣΙΚΗ ΕΠΙΚΟΙΝΩΝΙΑ,2,,ΕΥ,ΒΩΒΟΥ ΙΩΑΝΝΑ,003
121,ΜΕΤ,7,4,"ΕΠΙΚΟΙΝΩΝΙΑ, ΜΕΣΑ ΚΑΙ ΠΟΛΙΤΙΣΤΙΚΗ ΔΙΑΧΕΙΡΙΣΗ",MET,41Μ043,ΕΙΣΑΓΩΓΗ ΣΤΙΣ ΠΡΑΚΤΙΚΕΣ ΔΕΔΟΜΕΝΩΝ (DATA PRACTICES),2,,ΕΥ,ΣΚΑΡΠΕΛΟΣ ΙΩΑΝΝΗΣ,003
122,ΜΕΤ,7,4,"ΕΠΙΚΟΙΝΩΝΙΑ, ΜΕΣΑ ΚΑΙ ΠΟΛΙΤΙΣΤΙΚΗ ΔΙΑΧΕΙΡΙΣΗ",MET,41Μ044,ΜΑΝΑΤΖΜΕΝΤ ΚΑΙ ΜΑΡΚΕΤΙΝΓΚ ΣΤΑ ΜΕΣΑ,2,,ΕΥ,ΚΛΗΜΗΣ ΓΕΩΡΓΙΟΣ-ΜΙΧΑΗΛ,003
123,ΜΕΤ,7,4,"ΕΠΙΚΟΙΝΩΝΙΑ, ΜΕΣΑ ΚΑΙ ΠΟΛΙΤΙΣΤΙΚΗ ΔΙΑΧΕΙΡΙΣΗ",MET,41Μ045,"ΑΝΑΣΚΕΥΑΖΟΝΤΑΣ ΤΟ ΠΑΡΕΛΘΟΝ, ΚΑΤΑΣΚΕΥΑΖΟΝΤΑΣ ΤΟ ΠΑΡΟΝ ΣΤΗΝ ΨΗΦΙΑΚΗ ΕΠΟΧΗ",2,,ΕΥ,ΑΥΛΑΜΗ ΧΡΥΣΑΝΘΗ,003
124,ΜΕΤ,7,5,ΚΟΙΝΩΝΙΚΗ ΠΟΛΙΤΙΚΗ: ΜΕΘΟΔΟΙ ΚΑΙ ΕΦΑΡΜΟΓΕΣ,MET,51Μ101,ΣΤΑΤΙΣΤΙΚΕΣ ΜΕΘΟΔΟΙ ΣΤΗΝ ΚΟΙΝΩΝΙΚΗ ΕΡΕΥΝΑ Ι,1,,ΥΠ,ΣΥΜΕΩΝΑΚΗ ΜΑΡΙΑ,002
125,ΜΕΤ,7,5,ΚΟΙΝΩΝΙΚΗ ΠΟΛΙΤΙΚΗ: ΜΕΘΟΔΟΙ ΚΑΙ ΕΦΑΡΜΟΓΕΣ,MET,51Μ101,ΣΤΑΤΙΣΤΙΚΕΣ ΜΕΘΟΔΟΙ ΣΤΗΝ ΚΟΙΝΩΝΙΚΗ ΕΡΕΥΝΑ Ι,1,,ΥΠ,ΜΙΧΑΛΟΠΟΥΛΟΥ ΑΙΚΑΤΕΡΙΝΗ,002
126,ΜΕΤ,7,5,ΚΟΙΝΩΝΙΚΗ ΠΟΛΙΤΙΚΗ: ΜΕΘΟΔΟΙ ΚΑΙ ΕΦΑΡΜΟΓΕΣ,MET,51Μ102,ΠΟΙΟΤΙΚΕΣ ΜΕΘΟΔΟΙ ΣΤΗΝ ΚΟΙΝΩΝΙΚΗ ΕΡΕΥΝΑ,1,,ΥΠ,ΠΕΤΡΑΚΗ ΓΕΩΡΓΙΑ,002
127,ΜΕΤ,7,5,ΚΟΙΝΩΝΙΚΗ ΠΟΛΙΤΙΚΗ: ΜΕΘΟΔΟΙ ΚΑΙ ΕΦΑΡΜΟΓΕΣ,MET,51Μ103,ΣΧΕΔΙΑΣΜΟΣ ΚΑΙ ΑΞΙΟΛΟΓΗΣΗ ΠΡΟΓΡΑΜΜΑΤΩΝ ΚΟΙΝΩΝΙΚΗΣ ΠΟΛΙΤΙΚΗΣ,1,,ΥΠ,ΔΗΜΟΥΛΑΣ ΚΩΝΣΤΑΝΤΙΝΟΣ,002
128,ΜΕΤ,7,5,ΚΟΙΝΩΝΙΚΗ ΠΟΛΙΤΙΚΗ: ΜΕΘΟΔΟΙ ΚΑΙ ΕΦΑΡΜΟΓΕΣ,MET,51Μ104,ΘΕΩΡΙΕΣ ΑΓΟΡΑΣ ΕΡΓΑΣΙΑΣ,1,,ΕΥ,ΨΗΜΜΕΝΟΣ ΙΟΡΔΑΝΗΣ,002
129,ΜΕΤ,7,5,ΚΟΙΝΩΝΙΚΗ ΠΟΛΙΤΙΚΗ: ΜΕΘΟΔΟΙ ΚΑΙ ΕΦΑΡΜΟΓΕΣ,MET,51Μ105,ΚΟΙΝΩΝΙΚΗ ΘΕΩΡΙΑ ΚΑΙ ΚΟΙΝΩΝΙΚΗ ΠΟΛΙΤΙΚΗ,1,,ΕΥ,ΜΑΥΡΙΔΗΣ ΗΡΑΚΛΗΣ,002
130,ΜΕΤ,7,5,ΚΟΙΝΩΝΙΚΗ ΠΟΛΙΤΙΚΗ: ΜΕΘΟΔΟΙ ΚΑΙ ΕΦΑΡΜΟΓΕΣ,MET,51Μ105,ΚΟΙΝΩΝΙΚΗ ΘΕΩΡΙΑ ΚΑΙ ΚΟΙΝΩΝΙΚΗ ΠΟΛΙΤΙΚΗ,1,,ΕΥ,ΛΕΛΕΔΑΚΗΣ ΚΑΝΑΚΗΣ,002
131,ΜΕΤ,7,5,ΚΟΙΝΩΝΙΚΗ ΠΟΛΙΤΙΚΗ: ΜΕΘΟΔΟΙ ΚΑΙ ΕΦΑΡΜΟΓΕΣ,MET,51Μ106,ΣΤΑΤΙΣΤΙΚΕΣ ΜΕΘΟΔΟΙ ΣΤΗΝ ΚΟΙΝΩΝΙΚΗ ΕΡΕΥΝΑ ΙΙ,2,,ΥΠ,ΣΥΜΕΩΝΑΚΗ ΜΑΡΙΑ,002
132,ΜΕΤ,7,5,ΚΟΙΝΩΝΙΚΗ ΠΟΛΙΤΙΚΗ: ΜΕΘΟΔΟΙ ΚΑΙ ΕΦΑΡΜΟΓΕΣ,MET,51Μ106,ΣΤΑΤΙΣΤΙΚΕΣ ΜΕΘΟΔΟΙ ΣΤΗΝ ΚΟΙΝΩΝΙΚΗ ΕΡΕΥΝΑ ΙΙ,2,,ΥΠ,ΜΙΧΑΛΟΠΟΥΛΟΥ ΑΙΚΑΤΕΡΙΝΗ,002
133,ΜΕΤ,7,5,ΚΟΙΝΩΝΙΚΗ ΠΟΛΙΤΙΚΗ: ΜΕΘΟΔΟΙ ΚΑΙ ΕΦΑΡΜΟΓΕΣ,MET,51Μ108,"ΣΥΝΘΗΚΕΣ ΕΡΓΑΣΙΑΣ, ΟΡΓΑΝΩΣΗ ΤΗΣ ΕΡΓΑΣΙΑΣ ΚΑΙ ΝΕΕΣ ΤΕΧΝΟΛΟΓΙΕΣ",2,,ΕΥ,ΠΕΤΡΑΚΗ ΓΕΩΡΓΙΑ,002
134,ΜΕΤ,7,5,ΚΟΙΝΩΝΙΚΗ ΠΟΛΙΤΙΚΗ: ΜΕΘΟΔΟΙ ΚΑΙ ΕΦΑΡΜΟΓΕΣ,MET,51Μ109,ΕΡΓΑΣΙΑΚΕΣ ΣΧΕΣΕΙΣ ΚΑΙ ΝΕΑ ΕΡΓΑΣΙΑΚΑ ΠΡΟΤΥΠΑ,2,,ΕΥ,ΚΟΥΖΗΣ ΙΩΑΝΝΗΣ,002
135,ΜΕΤ,7,5,ΚΟΙΝΩΝΙΚΗ ΠΟΛΙΤΙΚΗ: ΜΕΘΟΔΟΙ ΚΑΙ ΕΦΑΡΜΟΓΕΣ,MET,51Μ110,ΜΕΤΑΝΑΣΤΕΥΣΗ ΚΑΙ ΕΡΓΑΣΙΑ,2,,ΕΥ,ΨΗΜΜΕΝΟΣ ΙΟΡΔΑΝΗΣ,002
136,ΜΕΤ,3,2,"ΔΙΕΘΝΩΝ, ΕΥΡΩΠΑΪΚΩΝ ΚΑΙ ΠΕΡΙΦΕΡΕΙΑΚΩΝ ΣΠΟΥΔΩΝ",MET,12Μ017,ΠΟΛΙΤΙΚΕΣ ΟΨΕΙΣ ΤΩΝ ΔΙΕΘΝΩΝ ΘΕΣΜΩΝ,1,3,ΥΠ,ΥΦΑΝΤΗΣ ΚΩΝΣΤΑΝΤΙΝΟΣ,002
137,ΜΕΤ,3,2,"ΔΙΕΘΝΩΝ, ΕΥΡΩΠΑΪΚΩΝ ΚΑΙ ΠΕΡΙΦΕΡΕΙΑΚΩΝ ΣΠΟΥΔΩΝ",MET,12Μ020,ΣΤΡΑΤΗΓΙΚΗ ΑΝΑΛΥΣΗ,1,3,ΥΠ,ΠΑΠΑΣΩΤΗΡΙΟΥ ΧΑΡΑΛΑΜΠΟΣ,002
138,ΜΕΤ,3,2,"ΔΙΕΘΝΩΝ, ΕΥΡΩΠΑΪΚΩΝ ΚΑΙ ΠΕΡΙΦΕΡΕΙΑΚΩΝ ΣΠΟΥΔΩΝ",MET,12Μ030,ΕΙΔΙΚΑ ΘΕΜΑΤΑ ΔΙΕΘΝΟΥΣ ΔΙΚΑΙΟΥ: ΧΡΗΣΗ ΒΙΑΣ,1,3,ΥΠ,ΜΑΡΟΥΔΑ ΜΑΡΙΑ,002
139,ΜΕΤ,3,2,"ΔΙΕΘΝΩΝ, ΕΥΡΩΠΑΪΚΩΝ ΚΑΙ ΠΕΡΙΦΕΡΕΙΑΚΩΝ ΣΠΟΥΔΩΝ",MET,12Μ030,ΕΙΔΙΚΑ ΘΕΜΑΤΑ ΔΙΕΘΝΟΥΣ ΔΙΚΑΙΟΥ: ΧΡΗΣΗ ΒΙΑΣ,1,3,ΥΠ,ΠΕΡΡΑΚΗΣ ΣΤΥΛΙΑΝΟΣ,002
140,ΜΕΤ,3,2,"ΔΙΕΘΝΩΝ, ΕΥΡΩΠΑΪΚΩΝ ΚΑΙ ΠΕΡΙΦΕΡΕΙΑΚΩΝ ΣΠΟΥΔΩΝ",MET,12Μ036,Η ΔΥΝΑΜΙΚΗ ΤΗΣ ΕΥΡΩΠΑΪΚΗΣ ΟΛΟΚΛΗΡΩΣΗΣ,1,3,ΥΠ,ΧΡΥΣΟΧΟΟΥ ΔΗΜΗΤΡΙΟΣ,002
141,ΜΕΤ,3,2,"ΔΙΕΘΝΩΝ, ΕΥΡΩΠΑΪΚΩΝ ΚΑΙ ΠΕΡΙΦΕΡΕΙΑΚΩΝ ΣΠΟΥΔΩΝ",MET,12Μ038,ΕΙΔΙΚΑ ΘΕΜΑΤΑ ΔΙΕΘΝΩΝ ΟΡΓΑΝΙΣΜΩΝ,1,3,ΥΠ,ΠΕΡΡΑΚΗΣ ΣΤΥΛΙΑΝΟΣ,002
142,ΜΕΤ,3,2,"ΔΙΕΘΝΩΝ, ΕΥΡΩΠΑΪΚΩΝ ΚΑΙ ΠΕΡΙΦΕΡΕΙΑΚΩΝ ΣΠΟΥΔΩΝ",MET,12Μ041,ΔΗΜΟΣΙΑ ΔΙΠΛΩΜΑΤΙΑ,2,3,ΕΥ,ΣΥΡΙΓΟΣ ΕΥΑΓΓΕΛΟΣ,002
143,ΜΕΤ,3,2,"ΔΙΕΘΝΩΝ, ΕΥΡΩΠΑΪΚΩΝ ΚΑΙ ΠΕΡΙΦΕΡΕΙΑΚΩΝ ΣΠΟΥΔΩΝ",MET,12Μ041,ΔΗΜΟΣΙΑ ΔΙΠΛΩΜΑΤΙΑ,2,3,ΕΥ,ΠΕΡΡΑΚΗΣ ΣΤΥΛΙΑΝΟΣ,002
144,ΜΕΤ,3,2,"ΔΙΕΘΝΩΝ, ΕΥΡΩΠΑΪΚΩΝ ΚΑΙ ΠΕΡΙΦΕΡΕΙΑΚΩΝ ΣΠΟΥΔΩΝ",MET,12Μ066,ΣΥΓΚΡΙΤΙΚΗ ΠΟΛΙΤΙΚΗ ΑΝΑΛΥΣΗ,1,3,ΥΠ,ΔΙΑΜΑΝΤΟΠΟΥΛΟΣ ΑΘΑΝΑΣΙΟΣ,002
145,ΜΕΤ,3,2,"ΔΙΕΘΝΩΝ, ΕΥΡΩΠΑΪΚΩΝ ΚΑΙ ΠΕΡΙΦΕΡΕΙΑΚΩΝ ΣΠΟΥΔΩΝ",MET,12Μ068,ΔΙΕΘΝΗΣ ΔΙΚΑΙΟΣΥΝΗ,1,3,ΥΠ,ΜΑΡΟΥΔΑ ΜΑΡΙΑ,002
146,ΜΕΤ,3,2,"ΔΙΕΘΝΩΝ, ΕΥΡΩΠΑΪΚΩΝ ΚΑΙ ΠΕΡΙΦΕΡΕΙΑΚΩΝ ΣΠΟΥΔΩΝ",MET,12Μ068,ΔΙΕΘΝΗΣ ΔΙΚΑΙΟΣΥΝΗ,1,3,ΥΠ,ΠΕΡΡΑΚΗΣ ΣΤΥΛΙΑΝΟΣ,002
147,ΜΕΤ,3,2,"ΔΙΕΘΝΩΝ, ΕΥΡΩΠΑΪΚΩΝ ΚΑΙ ΠΕΡΙΦΕΡΕΙΑΚΩΝ ΣΠΟΥΔΩΝ",MET,12Μ071,ΑΜΕΡΙΚΑΝΙΚΟ ΠΟΛΙΤΙΚΟ ΣΥΣΤΗΜΑ ΚΑΙ ΕΞΩΤΕΡΙΚΗ ΠΟΛΙΤΙΚΗ,2,3,ΥΠ,ΠΑΠΑΣΩΤΗΡΙΟΥ ΧΑΡΑΛΑΜΠΟΣ,002
148,ΜΕΤ,3,2,"ΔΙΕΘΝΩΝ, ΕΥΡΩΠΑΪΚΩΝ ΚΑΙ ΠΕΡΙΦΕΡΕΙΑΚΩΝ ΣΠΟΥΔΩΝ",MET,12Μ086,ΕΛΛΗΝΙΚΗ ΕΞΩΤΕΡΙΚΗ ΠΟΛΙΤΙΚΗ : ΕΙΔΙΚΑ ΘΕΜΑΤΑ,1,3,ΥΠ,ΤΣΑΛΤΑΣ ΓΡΗΓΟΡΗΣ,002
149,ΜΕΤ,3,2,"ΔΙΕΘΝΩΝ, ΕΥΡΩΠΑΪΚΩΝ ΚΑΙ ΠΕΡΙΦΕΡΕΙΑΚΩΝ ΣΠΟΥΔΩΝ",MET,12Μ086,ΕΛΛΗΝΙΚΗ ΕΞΩΤΕΡΙΚΗ ΠΟΛΙΤΙΚΗ : ΕΙΔΙΚΑ ΘΕΜΑΤΑ,1,3,ΥΠ,ΣΥΡΙΓΟΣ ΕΥΑΓΓΕΛΟΣ,002
150,ΜΕΤ,3,2,"ΔΙΕΘΝΩΝ, ΕΥΡΩΠΑΪΚΩΝ ΚΑΙ ΠΕΡΙΦΕΡΕΙΑΚΩΝ ΣΠΟΥΔΩΝ",MET,12Μ086,ΕΛΛΗΝΙΚΗ ΕΞΩΤΕΡΙΚΗ ΠΟΛΙΤΙΚΗ : ΕΙΔΙΚΑ ΘΕΜΑΤΑ,1,3,ΥΠ,ΠΕΡΡΑΚΗΣ ΣΤΥΛΙΑΝΟΣ,002
151,ΜΕΤ,3,2,"ΔΙΕΘΝΩΝ, ΕΥΡΩΠΑΪΚΩΝ ΚΑΙ ΠΕΡΙΦΕΡΕΙΑΚΩΝ ΣΠΟΥΔΩΝ",MET,12Μ089,"ΕΥΡΩΠΑΙΚΟΣ ΧΩΡΟΣ ΕΛΕΥΘΕΡΙΑΣ, ΑΣΦΑΛΕΙΑΣ ΚΑΙ ΔΙΚΑΙΟΣΥΝΗΣ",1,3,ΥΠ,ΤΣΟΛΚΑ ΟΛΓΑ,002
152,ΜΕΤ,3,2,"ΔΙΕΘΝΩΝ, ΕΥΡΩΠΑΪΚΩΝ ΚΑΙ ΠΕΡΙΦΕΡΕΙΑΚΩΝ ΣΠΟΥΔΩΝ",MET,12Μ089,"ΕΥΡΩΠΑΙΚΟΣ ΧΩΡΟΣ ΕΛΕΥΘΕΡΙΑΣ, ΑΣΦΑΛΕΙΑΣ ΚΑΙ ΔΙΚΑΙΟΣΥΝΗΣ",1,3,ΥΠ,ΤΑΓΑΡΑΣ ΧΑΡΙΣΙΟΣ,002
153,ΜΕΤ,3,2,"ΔΙΕΘΝΩΝ, ΕΥΡΩΠΑΪΚΩΝ ΚΑΙ ΠΕΡΙΦΕΡΕΙΑΚΩΝ ΣΠΟΥΔΩΝ",MET,12Μ089,"ΕΥΡΩΠΑΙΚΟΣ ΧΩΡΟΣ ΕΛΕΥΘΕΡΙΑΣ, ΑΣΦΑΛΕΙΑΣ ΚΑΙ ΔΙΚΑΙΟΣΥΝΗΣ",1,3,ΥΠ,ΠΕΡΡΑΚΗΣ ΣΤΥΛΙΑΝΟΣ,002
154,ΜΕΤ,3,2,"ΔΙΕΘΝΩΝ, ΕΥΡΩΠΑΪΚΩΝ ΚΑΙ ΠΕΡΙΦΕΡΕΙΑΚΩΝ ΣΠΟΥΔΩΝ",MET,12Μ092,ΕΙΔΙΚΑ ΘΕΜΑΤΑ ΔΙΚΑΙΟΥ ΤΗΣ ΕΥΡΩΠΑΪΚΗΣ ΕΝΩΣΗΣ ΚΑΙ ΔΙΚΑΙΟΥ ΕΣΔΑ,2,3,ΕΥ,ΜΑΡΟΥΔΑ ΜΑΡΙΑ,002
155,ΜΕΤ,3,2,"ΔΙΕΘΝΩΝ, ΕΥΡΩΠΑΪΚΩΝ ΚΑΙ ΠΕΡΙΦΕΡΕΙΑΚΩΝ ΣΠΟΥΔΩΝ",MET,12Μ092,ΕΙΔΙΚΑ ΘΕΜΑΤΑ ΔΙΚΑΙΟΥ ΤΗΣ ΕΥΡΩΠΑΪΚΗΣ ΕΝΩΣΗΣ ΚΑΙ ΔΙΚΑΙΟΥ ΕΣΔΑ,2,3,ΥΠ,ΜΑΡΟΥΔΑ ΜΑΡΙΑ,002
156,ΜΕΤ,3,2,"ΔΙΕΘΝΩΝ, ΕΥΡΩΠΑΪΚΩΝ ΚΑΙ ΠΕΡΙΦΕΡΕΙΑΚΩΝ ΣΠΟΥΔΩΝ",MET,12Μ093,ΔΙΕΘΝΕΣ ΔΙΚΑΙΟ  ΤΗΣ ΑΝΑΠΤΥΞΗΣ,1,3,ΥΠ,ΤΣΑΛΤΑΣ ΓΡΗΓΟΡΗΣ,002
157,ΜΕΤ,3,2,"ΔΙΕΘΝΩΝ, ΕΥΡΩΠΑΪΚΩΝ ΚΑΙ ΠΕΡΙΦΕΡΕΙΑΚΩΝ ΣΠΟΥΔΩΝ",MET,12Μ094,ΠΟΛΙΤΙΚΗ ΟΙΚΟΝΟΜΙΑ ΤΗΣ ΑΝΑΠΤΥΞΗΣ,1,3,ΥΠ,ΡΟΥΜΕΛΙΩΤΗΣ ΠΑΝΑΓΙΩΤΗΣ,002
158,ΜΕΤ,3,2,"ΔΙΕΘΝΩΝ, ΕΥΡΩΠΑΪΚΩΝ ΚΑΙ ΠΕΡΙΦΕΡΕΙΑΚΩΝ ΣΠΟΥΔΩΝ",MET,12Μ095,ΓΕΩΓΡΑΦΙΑ ΤΗΣ ΦΤΩΧΕΙΑΣ ΚΑΙ  ΥΠΑΝΑΠΤΥΞΗΣ,1,3,ΥΠ,ΤΣΑΛΤΑΣ ΓΡΗΓΟΡΗΣ,002
159,ΜΕΤ,3,2,"ΔΙΕΘΝΩΝ, ΕΥΡΩΠΑΪΚΩΝ ΚΑΙ ΠΕΡΙΦΕΡΕΙΑΚΩΝ ΣΠΟΥΔΩΝ",MET,12Μ096,ΕΘΝΙΚΕΣ ΚΑΙ ΕΥΡΩΠΑΪΚΕΣ ΠΟΛΙΤΙΚΕΣ ΑΝΑΠΤΥΞΙΑΚΗΣ ΣΥΝΕΡΓΑΣΙΑΣ,2,3,ΥΠ,ΤΣΑΛΤΑΣ ΓΡΗΓΟΡΗΣ,002
160,ΜΕΤ,3,2,"ΔΙΕΘΝΩΝ, ΕΥΡΩΠΑΪΚΩΝ ΚΑΙ ΠΕΡΙΦΕΡΕΙΑΚΩΝ ΣΠΟΥΔΩΝ",MET,12Μ100,ΔΙΕΘΝΕΣ ΔΙΚΑΙΟ ΠΕΡΙΒΑΛΛΟΝΤΟΣ : ΕΙΔΙΚΑ ΘΕΜΑΤΑ,2,3,ΕΥ,ΚΑΡΑΓΕΩΡΓΟΥ ΒΑΣΙΛΙΚΗ,002
161,ΜΕΤ,3,2,"ΔΙΕΘΝΩΝ, ΕΥΡΩΠΑΪΚΩΝ ΚΑΙ ΠΕΡΙΦΕΡΕΙΑΚΩΝ ΣΠΟΥΔΩΝ",MET,12Μ100,ΔΙΕΘΝΕΣ ΔΙΚΑΙΟ ΠΕΡΙΒΑΛΛΟΝΤΟΣ : ΕΙΔΙΚΑ ΘΕΜΑΤΑ,2,3,ΥΠ,ΚΑΡΑΓΕΩΡΓΟΥ ΒΑΣΙΛΙΚΗ,002
162,ΜΕΤ,3,2,"ΔΙΕΘΝΩΝ, ΕΥΡΩΠΑΪΚΩΝ ΚΑΙ ΠΕΡΙΦΕΡΕΙΑΚΩΝ ΣΠΟΥΔΩΝ",MET,12Μ101,ΕΝΕΡΓΕΙΑΚΗ ΠΟΛΙΤΙΚΗ & ΒΙΩΣΙΜΗ ΑΝΑΠΤΥΞΗ,2,3,ΥΠ,ΤΣΑΛΤΑΣ ΓΡΗΓΟΡΗΣ,002
163,ΜΕΤ,3,2,"ΔΙΕΘΝΩΝ, ΕΥΡΩΠΑΪΚΩΝ ΚΑΙ ΠΕΡΙΦΕΡΕΙΑΚΩΝ ΣΠΟΥΔΩΝ",MET,12Μ101,ΕΝΕΡΓΕΙΑΚΗ ΠΟΛΙΤΙΚΗ & ΒΙΩΣΙΜΗ ΑΝΑΠΤΥΞΗ,2,3,ΥΠ,ΚΑΡΑΓΕΩΡΓΟΥ ΒΑΣΙΛΙΚΗ,002
164,ΜΕΤ,3,2,"ΔΙΕΘΝΩΝ, ΕΥΡΩΠΑΪΚΩΝ ΚΑΙ ΠΕΡΙΦΕΡΕΙΑΚΩΝ ΣΠΟΥΔΩΝ",MET,12Μ104,ΘΕΩΡΙΑ ΚΑΙ ΜΕΘΟΔΟΛΟΓΙΑ ΔΙΕΘΝΩΝ ΣΧΕΣΕΩΝ,1,3,ΥΠ,ΠΑΠΑΣΩΤΗΡΙΟΥ ΧΑΡΑΛΑΜΠΟΣ,002
165,ΜΕΤ,3,2,"ΔΙΕΘΝΩΝ, ΕΥΡΩΠΑΪΚΩΝ ΚΑΙ ΠΕΡΙΦΕΡΕΙΑΚΩΝ ΣΠΟΥΔΩΝ",MET,12Μ115,ΔΙΕΘΝΕΣ ΠΟΙΝΙΚΟ ΔΙΚΑΙΟ,2,3,ΥΠ,ΤΣΟΛΚΑ ΟΛΓΑ,002
166,ΜΕΤ,3,2,"ΔΙΕΘΝΩΝ, ΕΥΡΩΠΑΪΚΩΝ ΚΑΙ ΠΕΡΙΦΕΡΕΙΑΚΩΝ ΣΠΟΥΔΩΝ",MET,12Μ115,ΔΙΕΘΝΕΣ ΠΟΙΝΙΚΟ ΔΙΚΑΙΟ,2,3,ΥΠ,ΜΑΡΟΥΔΑ ΜΑΡΙΑ,002
167,ΜΕΤ,3,2,"ΔΙΕΘΝΩΝ, ΕΥΡΩΠΑΪΚΩΝ ΚΑΙ ΠΕΡΙΦΕΡΕΙΑΚΩΝ ΣΠΟΥΔΩΝ",MET,12Μ116,ΕΥΡΩΠΑΪΚΟ ΚΟΙΝΟ ΔΙΚΑΙΟ (ius communis) - ΔΗΜΟΣΙΟ ΚΑΙ ΠΟΙΝΙΚΟ,1,3,ΥΠ,ΤΣΟΛΚΑ ΟΛΓΑ,002
168,ΜΕΤ,3,2,"ΔΙΕΘΝΩΝ, ΕΥΡΩΠΑΪΚΩΝ ΚΑΙ ΠΕΡΙΦΕΡΕΙΑΚΩΝ ΣΠΟΥΔΩΝ",MET,12Μ118,ΘΕΩΡΙΑ ΚΑΙ ΤΕΧΝΙΚΕΣ ΤΩΝ ΔΙΕΘΝΩΝ ΔΙΑΠΡΑΓΜΑΤΕΥΣΕΩΝ,2,3,ΕΥ,ΡΑΥΤΟΠΟΥΛΟΣ ΕΥΑΓΓΕΛΟΣ,002
169,ΜΕΤ,3,2,"ΔΙΕΘΝΩΝ, ΕΥΡΩΠΑΪΚΩΝ ΚΑΙ ΠΕΡΙΦΕΡΕΙΑΚΩΝ ΣΠΟΥΔΩΝ",MET,12Μ118,ΘΕΩΡΙΑ ΚΑΙ ΤΕΧΝΙΚΕΣ ΤΩΝ ΔΙΕΘΝΩΝ ΔΙΑΠΡΑΓΜΑΤΕΥΣΕΩΝ,2,3,ΥΠ,ΡΑΥΤΟΠΟΥΛΟΣ ΕΥΑΓΓΕΛΟΣ,002
170,ΜΕΤ,3,2,"ΔΙΕΘΝΩΝ, ΕΥΡΩΠΑΪΚΩΝ ΚΑΙ ΠΕΡΙΦΕΡΕΙΑΚΩΝ ΣΠΟΥΔΩΝ",MET,12Μ119,ΓΕΩΠΟΛΙΤΙΚΗ ΚΑΙ ΓΕΩΟΙΚΟΝΟΜΙΑ,2,3,ΕΥ,ΠΑΠΑΣΩΤΗΡΙΟΥ ΧΑΡΑΛΑΜΠΟΣ,002
171,ΜΕΤ,3,2,"ΔΙΕΘΝΩΝ, ΕΥΡΩΠΑΪΚΩΝ ΚΑΙ ΠΕΡΙΦΕΡΕΙΑΚΩΝ ΣΠΟΥΔΩΝ",MET,12Μ121,ΕΥΡΩΠΑΪΚΗ ΔΗΜΟΣΙΑ ΠΟΛΙΤΙΚΗ Ι: ΔΙΑΜΟΡΦΩΣΗ ΠΟΛΙΤΙΚΗΣ,1,3,ΥΠ,ΤΣΕΚΟΣ ΘΕΟΔΩΡΟΣ,002
172,ΜΕΤ,3,2,"ΔΙΕΘΝΩΝ, ΕΥΡΩΠΑΪΚΩΝ ΚΑΙ ΠΕΡΙΦΕΡΕΙΑΚΩΝ ΣΠΟΥΔΩΝ",MET,12Μ121,ΕΥΡΩΠΑΪΚΗ ΔΗΜΟΣΙΑ ΠΟΛΙΤΙΚΗ Ι: ΔΙΑΜΟΡΦΩΣΗ ΠΟΛΙΤΙΚΗΣ,1,3,ΥΠ,ΠΑΣΣΑΣ ΑΝΑΡΓΥΡΟΣ,002
173,ΜΕΤ,3,2,"ΔΙΕΘΝΩΝ, ΕΥΡΩΠΑΪΚΩΝ ΚΑΙ ΠΕΡΙΦΕΡΕΙΑΚΩΝ ΣΠΟΥΔΩΝ",MET,12Μ123,ΣΥΓΧΡΟΝΑ ΖΗΤΗΜΑΤΑ ΔΙΕΘΝΟΥΣ ΠΟΛΙΤΙΚΗΣ,2,3,ΕΥ,ΚΑΡΑΓΙΑΝΝΟΠΟΥΛΟΥ ΖΑΧΑΡΟΥΛΑ,002
174,ΜΕΤ,3,2,"ΔΙΕΘΝΩΝ, ΕΥΡΩΠΑΪΚΩΝ ΚΑΙ ΠΕΡΙΦΕΡΕΙΑΚΩΝ ΣΠΟΥΔΩΝ",MET,12Μ125,ΔΙΕΘΝΕΙΣ ΣΧΕΣΕΙΣ ΤΗΣ ΕΛΛΑΔΟΣ: ΓΕΩΠΟΛΙΤΙΚΗ ΚΑΙ ΑΣΦΑΛΕΙΑ,2,3,ΥΠ,ΚΟΠΠΑ ΜΑΡΙΑ-ΕΛΕΝΗ,002
175,ΜΕΤ,3,2,"ΔΙΕΘΝΩΝ, ΕΥΡΩΠΑΪΚΩΝ ΚΑΙ ΠΕΡΙΦΕΡΕΙΑΚΩΝ ΣΠΟΥΔΩΝ",MET,12Μ125,ΔΙΕΘΝΕΙΣ ΣΧΕΣΕΙΣ ΤΗΣ ΕΛΛΑΔΟΣ: ΓΕΩΠΟΛΙΤΙΚΗ ΚΑΙ ΑΣΦΑΛΕΙΑ,2,3,ΥΠ,ΚΑΙΡΙΔΗΣ ΔΗΜΗΤΡΙΟΣ,002
176,ΜΕΤ,3,2,"ΔΙΕΘΝΩΝ, ΕΥΡΩΠΑΪΚΩΝ ΚΑΙ ΠΕΡΙΦΕΡΕΙΑΚΩΝ ΣΠΟΥΔΩΝ",MET,12Μ125,ΔΙΕΘΝΕΙΣ ΣΧΕΣΕΙΣ ΤΗΣ ΕΛΛΑΔΟΣ: ΓΕΩΠΟΛΙΤΙΚΗ ΚΑΙ ΑΣΦΑΛΕΙΑ,2,3,ΥΠ,ΑΡΒΑΝΙΤΟΠΟΥΛΟΣ ΚΩΝΣΤΑΝΤΙΝΟΣ,002
177,ΜΕΤ,3,2,"ΔΙΕΘΝΩΝ, ΕΥΡΩΠΑΪΚΩΝ ΚΑΙ ΠΕΡΙΦΕΡΕΙΑΚΩΝ ΣΠΟΥΔΩΝ",MET,12Μ128,ΕΞΩΤΕΡΙΚΕΣ ΣΧΕΣΕΙΣ ΕΥΡΩΠΑΪΚΗΣ ΕΝΩΣΗΣ: ΕΙΔΙΚΑ ΘΕΜΑΤΑ,2,3,ΥΠ,ΠΑΣΣΑΣ ΑΝΑΡΓΥΡΟΣ,002
178,ΜΕΤ,3,2,"ΔΙΕΘΝΩΝ, ΕΥΡΩΠΑΪΚΩΝ ΚΑΙ ΠΕΡΙΦΕΡΕΙΑΚΩΝ ΣΠΟΥΔΩΝ",MET,12Μ128,ΕΞΩΤΕΡΙΚΕΣ ΣΧΕΣΕΙΣ ΕΥΡΩΠΑΪΚΗΣ ΕΝΩΣΗΣ: ΕΙΔΙΚΑ ΘΕΜΑΤΑ,2,3,ΥΠ,ΧΡΥΣΟΧΟΟΥ ΔΗΜΗΤΡΙΟΣ,002
179,ΜΕΤ,3,2,"ΔΙΕΘΝΩΝ, ΕΥΡΩΠΑΪΚΩΝ ΚΑΙ ΠΕΡΙΦΕΡΕΙΑΚΩΝ ΣΠΟΥΔΩΝ",MET,12Μ128,ΕΞΩΤΕΡΙΚΕΣ ΣΧΕΣΕΙΣ ΕΥΡΩΠΑΪΚΗΣ ΕΝΩΣΗΣ:ΕΙΔΙΚΑ ΘΕΜΑΤΑ,2,3,ΥΠ,ΠΑΣΣΑΣ ΑΝΑΡΓΥΡΟΣ,002
180,ΜΕΤ,3,2,"ΔΙΕΘΝΩΝ, ΕΥΡΩΠΑΪΚΩΝ ΚΑΙ ΠΕΡΙΦΕΡΕΙΑΚΩΝ ΣΠΟΥΔΩΝ",MET,12Μ128,ΕΞΩΤΕΡΙΚΕΣ ΣΧΕΣΕΙΣ ΕΥΡΩΠΑΪΚΗΣ ΕΝΩΣΗΣ:ΕΙΔΙΚΑ ΘΕΜΑΤΑ,2,3,ΥΠ,ΧΡΥΣΟΧΟΟΥ ΔΗΜΗΤΡΙΟΣ,002
181,ΜΕΤ,3,2,"ΔΙΕΘΝΩΝ, ΕΥΡΩΠΑΪΚΩΝ ΚΑΙ ΠΕΡΙΦΕΡΕΙΑΚΩΝ ΣΠΟΥΔΩΝ",MET,12Μ129,ΔΙΚΑΙΟ ΑΝΤΑΓΩΝΙΣΜΟΥ ΚΑΙ ΔΗΜΟΣΙΩΝ ΣΥΜΒΑΣΕΩΝ,2,3,ΥΠ,ΤΑΓΑΡΑΣ ΧΑΡΙΣΙΟΣ,002
182,ΜΕΤ,3,2,"ΔΙΕΘΝΩΝ, ΕΥΡΩΠΑΪΚΩΝ ΚΑΙ ΠΕΡΙΦΕΡΕΙΑΚΩΝ ΣΠΟΥΔΩΝ",MET,12Μ130,ΕΥΡΩΠΑΪΚΗ ΔΗΜΟΣΙΑ ΠΟΛΙΤΙΚΗ ΙΙ: ΥΛΟΠΟΙΗΣΗ ΠΟΛΙΤΙΚΗΣ,2,3,ΥΠ,ΤΣΕΚΟΣ ΘΕΟΔΩΡΟΣ,002
183,ΜΕΤ,3,2,"ΔΙΕΘΝΩΝ, ΕΥΡΩΠΑΪΚΩΝ ΚΑΙ ΠΕΡΙΦΕΡΕΙΑΚΩΝ ΣΠΟΥΔΩΝ",MET,12Μ130,ΕΥΡΩΠΑΪΚΗ ΔΗΜΟΣΙΑ ΠΟΛΙΤΙΚΗ ΙΙ: ΥΛΟΠΟΙΗΣΗ ΠΟΛΙΤΙΚΗΣ,2,3,ΥΠ,ΠΑΣΣΑΣ ΑΝΑΡΓΥΡΟΣ,002
184,ΜΕΤ,3,2,"ΔΙΕΘΝΩΝ, ΕΥΡΩΠΑΪΚΩΝ ΚΑΙ ΠΕΡΙΦΕΡΕΙΑΚΩΝ ΣΠΟΥΔΩΝ",MET,12Μ131,ΔΙΕΘΝΗΣ ΚΑΙ ΠΕΡΙΦΕΡΕΙΑΚΗ ΠΕΡΙΒΑΛΛΟΝΤΙΚΗ ΔΙΑΚΥΒΕΡΝΗΣΗ,1,3,ΥΠ,ΡΑΥΤΟΠΟΥΛΟΣ ΕΥΑΓΓΕΛΟΣ,002
185,ΜΕΤ,3,2,"ΔΙΕΘΝΩΝ, ΕΥΡΩΠΑΪΚΩΝ ΚΑΙ ΠΕΡΙΦΕΡΕΙΑΚΩΝ ΣΠΟΥΔΩΝ",MET,12Μ132,"ΔΙΚΑΙΟ  ΚΑΙ ΠΟΛΙΤΙΚΕΣ  ΔΙKAΙΩΜΑΤΩΝ ΤΟΥ ΑΝΘΡΩΠΟΥ, ΜΕΙΟΝΟΤΗΤΩΝ   ΚΑΙ  ΑΝΘΡΩΠΙΣΤΙΚΗΣ  ΔΡΑΣΗΣ",2,3,ΥΠ,ΜΑΡΟΥΔΑ ΜΑΡΙΑ,002
186,ΜΕΤ,3,2,"ΔΙΕΘΝΩΝ, ΕΥΡΩΠΑΪΚΩΝ ΚΑΙ ΠΕΡΙΦΕΡΕΙΑΚΩΝ ΣΠΟΥΔΩΝ",MET,12Μ132,"ΔΙΚΑΙΟ  ΚΑΙ ΠΟΛΙΤΙΚΕΣ  ΔΙKAΙΩΜΑΤΩΝ ΤΟΥ ΑΝΘΡΩΠΟΥ, ΜΕΙΟΝΟΤΗΤΩΝ   ΚΑΙ  ΑΝΘΡΩΠΙΣΤΙΚΗΣ  ΔΡΑΣΗΣ",2,3,ΥΠ,ΠΕΡΡΑΚΗΣ ΣΤΥΛΙΑΝΟΣ,002
187,ΜΕΤ,3,2,"ΔΙΕΘΝΩΝ, ΕΥΡΩΠΑΪΚΩΝ ΚΑΙ ΠΕΡΙΦΕΡΕΙΑΚΩΝ ΣΠΟΥΔΩΝ",MET,12Μ132,"ΔΙΚΑΙΟ ΚΑΙ ΠΟΛΙΤΙΚΕΣ ΔΙΚΑΙΩΜΑΤΩΝ ΤΟΥ ΑΝΘΡΩΠΟΥ, ΜΕΙΟΝΟΤΗΤΩΝ ΚΑΙ ΑΝΘΡΩΠΙΣΤΙΚΗΣ ΔΡΑΣΗΣ",2,3,ΥΠ,ΜΑΡΟΥΔΑ ΜΑΡΙΑ,002
188,ΜΕΤ,3,2,"ΔΙΕΘΝΩΝ, ΕΥΡΩΠΑΪΚΩΝ ΚΑΙ ΠΕΡΙΦΕΡΕΙΑΚΩΝ ΣΠΟΥΔΩΝ",MET,12Μ132,"ΔΙΚΑΙΟ ΚΑΙ ΠΟΛΙΤΙΚΕΣ ΔΙΚΑΙΩΜΑΤΩΝ ΤΟΥ ΑΝΘΡΩΠΟΥ, ΜΕΙΟΝΟΤΗΤΩΝ ΚΑΙ ΑΝΘΡΩΠΙΣΤΙΚΗΣ ΔΡΑΣΗΣ",2,3,ΥΠ,ΠΕΡΡΑΚΗΣ ΣΤΥΛΙΑΝΟΣ,002
189,ΜΕΤ,3,4,"ΕΠΙΚΟΙΝΩΝΙΑ, ΜΕΣΑ ΚΑΙ ΠΟΛΙΤΙΣΤΙΚΗ ΔΙΑΧΕΙΡΙΣΗ",MET,41Μ002,ΟΡΓΑΝΩΣΗ ΚΑΙ ΔΙΟΙΚΗΣΗ ΠΟΛΙΤΙΣΜΙΚΩΝ ΟΡΓΑΝΙΣΜΩΝ,1,,ΕΕ,ΚΛΗΜΗΣ ΓΕΩΡΓΙΟΣ-ΜΙΧΑΗΛ,003
190,ΜΕΤ,3,4,"ΕΠΙΚΟΙΝΩΝΙΑ, ΜΕΣΑ ΚΑΙ ΠΟΛΙΤΙΣΤΙΚΗ ΔΙΑΧΕΙΡΙΣΗ",MET,41Μ003,ΟΙΚΟΝΟΜΙΑ ΤΟΥ ΠΟΛΙΤΙΣΜΟΥ,2,,ΕΕ,ΛΕΑΝΔΡΟΣ ΝΙΚΟΛΑΟΣ,003
191,ΜΕΤ,3,4,"ΕΠΙΚΟΙΝΩΝΙΑ, ΜΕΣΑ ΚΑΙ ΠΟΛΙΤΙΣΤΙΚΗ ΔΙΑΧΕΙΡΙΣΗ",MET,41Μ005,ΠΟΛΙΤΙΣΤΙΚΗ ΔΙΠΛΩΜΑΤΙΑ,1,,ΕΕ,ΙΑΚΩΒΙΔΗΣ Ι.,003
192,ΜΕΤ,3,4,"ΕΠΙΚΟΙΝΩΝΙΑ, ΜΕΣΑ ΚΑΙ ΠΟΛΙΤΙΣΤΙΚΗ ΔΙΑΧΕΙΡΙΣΗ",MET,41Μ005,ΠΟΛΙΤΙΣΤΙΚΗ ΔΙΠΛΩΜΑΤΙΑ,1,,ΕΕ,ΑΝΑΣΤΑΣΙΑΔΟΥ Μ.,003
193,ΜΕΤ,3,4,"ΕΠΙΚΟΙΝΩΝΙΑ, ΜΕΣΑ ΚΑΙ ΠΟΛΙΤΙΣΤΙΚΗ ΔΙΑΧΕΙΡΙΣΗ",MET,41Μ005,ΠΟΛΙΤΙΣΤΙΚΗ ΔΙΠΛΩΜΑΤΙΑ,1,,ΕΕ,ΓΙΑΛΛΟΥΡΙΔΗΣ ΧΡΙΣΤΟΔΟΥΛΟΣ,003
194,ΜΕΤ,3,4,"ΕΠΙΚΟΙΝΩΝΙΑ, ΜΕΣΑ ΚΑΙ ΠΟΛΙΤΙΣΤΙΚΗ ΔΙΑΧΕΙΡΙΣΗ",MET,41Μ006,ΟΠΤΙΚΟΣ ΠΟΛΙΤΙΣΜΟΣ,1,,ΕΕ,ΣΚΑΡΠΕΛΟΣ ΙΩΑΝΝΗΣ,003
195,ΜΕΤ,3,4,"ΕΠΙΚΟΙΝΩΝΙΑ, ΜΕΣΑ ΚΑΙ ΠΟΛΙΤΙΣΤΙΚΗ ΔΙΑΧΕΙΡΙΣΗ",MET,41Μ009,ΠΟΛΙΤΙΣΤΙΚΟ ΜΑΡΚΕΤΙΝΓΚ ΚΑΙ  ΕΠΙΚΟΙΝΩΝΙΑ,2,,ΕΕ,ΤΣΑΚΑΡΕΣΤΟΥ Π.,003
196,ΜΕΤ,3,4,"ΕΠΙΚΟΙΝΩΝΙΑ, ΜΕΣΑ ΚΑΙ ΠΟΛΙΤΙΣΤΙΚΗ ΔΙΑΧΕΙΡΙΣΗ",MET,41Μ011,ΝΟΜΙΚΟ ΚΑΙ ΘΕΣΜΙΚΟ ΠΛΑΙΣΙΟ ΤΟΥ ΠΟΛΙΤΙΣΜΟΥ,2,,ΕΕ,ΒΟΥΔΟΥΡΗ ΔΑΦΝΗ,003
197,ΜΕΤ,3,4,"ΕΠΙΚΟΙΝΩΝΙΑ, ΜΕΣΑ ΚΑΙ ΠΟΛΙΤΙΣΤΙΚΗ ΔΙΑΧΕΙΡΙΣΗ",MET,41Μ014,ΙΣΤΟΡΙΑ ΤΗΣ ΤΕΧΝΗΣ,2,,ΕΕ,ΦΟΥΝΤΟΥΛΑΚΗ-ΑΝΑΣΤΑΣΑ ΕΥΤΥΧΙΑ,003
198,ΜΕΤ,3,4,"ΕΠΙΚΟΙΝΩΝΙΑ, ΜΕΣΑ ΚΑΙ ΠΟΛΙΤΙΣΤΙΚΗ ΔΙΑΧΕΙΡΙΣΗ",MET,41Μ015,ΚΙΝΗΜΑΤΟΓΡΑΦΟΣ,2,,ΕΕ,ΠΑΡΑΔΕΙΣΗ ΜΑΡΙΑ,003
199,ΜΕΤ,3,4,"ΕΠΙΚΟΙΝΩΝΙΑ, ΜΕΣΑ ΚΑΙ ΠΟΛΙΤΙΣΤΙΚΗ ΔΙΑΧΕΙΡΙΣΗ",MET,41Μ017,ΜΟΥΣΕΙΟΛΟΓΙΑ,2,,ΕΕ,ΓΚΑΖΗ AΝΔΡΟΜΑΧΗ,003
200,ΜΕΤ,3,4,"ΕΠΙΚΟΙΝΩΝΙΑ, ΜΕΣΑ ΚΑΙ ΠΟΛΙΤΙΣΤΙΚΗ ΔΙΑΧΕΙΡΙΣΗ",MET,41Μ022,ΠΑΡΑΣΤΑΤΙΚΕΣ ΤΕΧΝΕΣ,1,,ΕΕ,ΝΑΚΟΣ Δ.,003
201,ΜΕΤ,3,4,"ΕΠΙΚΟΙΝΩΝΙΑ, ΜΕΣΑ ΚΑΙ ΠΟΛΙΤΙΣΤΙΚΗ ΔΙΑΧΕΙΡΙΣΗ",MET,41Μ022,ΠΑΡΑΣΤΑΤΙΚΕΣ ΤΕΧΝΕΣ,1,,ΕΕ,ΑΝΔΡΕΑΔΗΣ ΙΩΑΝΝΗΣ,003
202,ΜΕΤ,3,4,"ΕΠΙΚΟΙΝΩΝΙΑ, ΜΕΣΑ ΚΑΙ ΠΟΛΙΤΙΣΤΙΚΗ ΔΙΑΧΕΙΡΙΣΗ",MET,41Μ024,ΜΟΥΣΙΚΗ,1,,ΕΕ,ΤΣΟΚΑΝΗ-ΚΑΡΑΠΟΣΤΟΛΗ ΧΑΡΙΚΛΕΙΑ,003
203,ΜΕΤ,3,4,"ΕΠΙΚΟΙΝΩΝΙΑ, ΜΕΣΑ ΚΑΙ ΠΟΛΙΤΙΣΤΙΚΗ ΔΙΑΧΕΙΡΙΣΗ",MET,41Μ025,ΔΙΑΧΕΙΡΙΣΗ ΑΝΘΡΩΠΙΝΟΥ ΔΥΝΑΜΙΚΟΥ,1,,ΕΕ,ΙΟΡΔΑΝΟΓΛΟΥ ΔΗΜΗΤΡΑ,003
204,ΜΕΤ,3,4,"ΕΠΙΚΟΙΝΩΝΙΑ, ΜΕΣΑ ΚΑΙ ΠΟΛΙΤΙΣΤΙΚΗ ΔΙΑΧΕΙΡΙΣΗ",MET,41Μ027,"ΕΠΙΚΟΙΝΩΝΙΑ, ΜΕΣΑ ΚΑΙ ΠΟΛΙΤΙΚΗ Ι",1,,ΥΠ,ΖΕΡΗ ΠΕΡΣΕΦΟΝΗ,003
205,ΜΕΤ,3,4,"ΕΠΙΚΟΙΝΩΝΙΑ, ΜΕΣΑ ΚΑΙ ΠΟΛΙΤΙΣΤΙΚΗ ΔΙΑΧΕΙΡΙΣΗ",MET,41Μ030,ΡΗΤΟΡΙΚΗ ΤΗΣ ΕΙΚΟΝΑΣ,1,,ΕΕ,ΣΚΑΡΠΕΛΟΣ ΙΩΑΝΝΗΣ,003
206,ΜΕΤ,3,4,"ΕΠΙΚΟΙΝΩΝΙΑ, ΜΕΣΑ ΚΑΙ ΠΟΛΙΤΙΣΤΙΚΗ ΔΙΑΧΕΙΡΙΣΗ",MET,41Μ030,ΡΗΤΟΡΙΚΗ ΤΗΣ ΕΙΚΟΝΑΣ,1,,ΕΕ,ΣΤΑΜΑΤΟΠΟΥΛΟΥ ΕΙΡΗΝΗ,003
207,ΜΕΤ,3,4,"ΕΠΙΚΟΙΝΩΝΙΑ, ΜΕΣΑ ΚΑΙ ΠΟΛΙΤΙΣΤΙΚΗ ΔΙΑΧΕΙΡΙΣΗ",MET,41Μ032,"ΕΠΙΚΟΙΝΩΝΙΑ, ΜΕΣΑ ΚΑΙ ΠΟΛΙΤΙΚΗ ΙΙ",2,,ΕΥ,ΖΕΡΗ ΠΕΡΣΕΦΟΝΗ,003
208,ΜΕΤ,3,4,"ΕΠΙΚΟΙΝΩΝΙΑ, ΜΕΣΑ ΚΑΙ ΠΟΛΙΤΙΣΤΙΚΗ ΔΙΑΧΕΙΡΙΣΗ",MET,41Μ033,Η ΑΦΗΓΗΣΗ ΣΕ ΠΑΛΑΙΑ ΚΑΙ ΝΕΑ ΜΕΣΑ,2,,ΕΥ,ΚΑΚΑΒΟΥΛΙΑ ΜΑΡΙΑ,003
209,ΜΕΤ,3,4,"ΕΠΙΚΟΙΝΩΝΙΑ, ΜΕΣΑ ΚΑΙ ΠΟΛΙΤΙΣΤΙΚΗ ΔΙΑΧΕΙΡΙΣΗ",MET,41Μ034,ΕΠΙΚΟΙΝΩΝΙΑ ΚΑΙ ΤΕΧΝΟΛΟΓΙΑ,2,,ΕΥ,ΧΑΪΝΤΕΝΡΑΪΧ Λ.,003
210,ΜΕΤ,3,4,"ΕΠΙΚΟΙΝΩΝΙΑ, ΜΕΣΑ ΚΑΙ ΠΟΛΙΤΙΣΤΙΚΗ ΔΙΑΧΕΙΡΙΣΗ",MET,41Μ035,ΨΥΧΟΛΟΓΙΑ ΚΑΙ ΜΕΣΑ,2,,ΕΕ,ΡΑΠΤΗΣ Χ.,003
211,ΜΕΤ,3,4,"ΕΠΙΚΟΙΝΩΝΙΑ, ΜΕΣΑ ΚΑΙ ΠΟΛΙΤΙΣΤΙΚΗ ΔΙΑΧΕΙΡΙΣΗ",MET,41Μ035,ΨΥΧΟΛΟΓΙΑ ΚΑΙ ΜΕΣΑ,2,,ΕΕ,ΖΕΡΗ ΠΕΡΣΕΦΟΝΗ,003
212,ΜΕΤ,3,4,"ΕΠΙΚΟΙΝΩΝΙΑ, ΜΕΣΑ ΚΑΙ ΠΟΛΙΤΙΣΤΙΚΗ ΔΙΑΧΕΙΡΙΣΗ",MET,41Μ036,ΔΙΟΙΚΗΣΗ ΚΑΙ ΜΑΡΚΕΤΙΝΓΚ,2,,ΕΕ,ΚΛΗΜΗΣ ΓΕΩΡΓΙΟΣ-ΜΙΧΑΗΛ,003
213,ΜΕΤ,3,4,"ΕΠΙΚΟΙΝΩΝΙΑ, ΜΕΣΑ ΚΑΙ ΠΟΛΙΤΙΣΤΙΚΗ ΔΙΑΧΕΙΡΙΣΗ",MET,41Μ037,ΜΕΣΑ ΚΑΙ ΨΗΦΙΑΚΕΣ ΕΦΑΡΜΟΓΕΣ,2,,ΕΕ,ΚΑΠΕΡΩΝΗΣ ΣΤΑΥΡΟΣ,003
214,ΜΕΤ,3,4,"ΕΠΙΚΟΙΝΩΝΙΑ, ΜΕΣΑ ΚΑΙ ΠΟΛΙΤΙΣΤΙΚΗ ΔΙΑΧΕΙΡΙΣΗ",MET,41Μ038,ΔΗΜΟΣΙΕΣ ΠΟΛΙΤΙΚΕΣ ΚΑΙ ΨΗΦΙΑΚΗ ΕΠΙΚΟΙΝΩΝΙΑ,1,,ΕΕ,ΨΥΛΛΑ ΜΑΡΙΑΝΝΑ,003
215,ΜΕΤ,3,4,"ΕΠΙΚΟΙΝΩΝΙΑ, ΜΕΣΑ ΚΑΙ ΠΟΛΙΤΙΣΤΙΚΗ ΔΙΑΧΕΙΡΙΣΗ",MET,41Μ039,ΠΑΡΑΓΩΓΗ ΠΕΡΙΕΧΟΜΕΝΟΥ ΚΑΙ ΕΠΙΧΕΙΡΗΣΕΙΣ ΜΕΣΩΝ,1,,ΕΕ,ΛΕΑΝΔΡΟΣ ΝΙΚΟΛΑΟΣ,003
216,ΜΕΤ,3,4,"ΕΠΙΚΟΙΝΩΝΙΑ, ΜΕΣΑ ΚΑΙ ΠΟΛΙΤΙΣΤΙΚΗ ΔΙΑΧΕΙΡΙΣΗ",MET,41Μ040,ΗΓΕΣΙΑ ΚΑΙ ΕΠΙΧΕΙΡΗΜΑΤΙΚΟΤΗΤΑ ΣΤΗ ΔΗΜΟΣΙΟΓΡΑΦΙΑ,1,,ΕΕ,ΙΟΡΔΑΝΟΓΛΟΥ Δ.,003
217,ΜΕΤ,3,4,"ΕΠΙΚΟΙΝΩΝΙΑ, ΜΕΣΑ ΚΑΙ ΠΟΛΙΤΙΣΤΙΚΗ ΔΙΑΧΕΙΡΙΣΗ",MET,41Μ040,ΗΓΕΣΙΑ ΚΑΙ ΕΠΙΧΕΙΡΗΜΑΤΙΚΟΤΗΤΑ ΣΤΗ ΔΗΜΟΣΙΟΓΡΑΦΙΑ,1,,ΕΕ,ΤΣΑΚΑΡΕΣΤΟΥ Π.,003
218,ΜΕΤ,3,4,"ΕΠΙΚΟΙΝΩΝΙΑ, ΜΕΣΑ ΚΑΙ ΠΟΛΙΤΙΣΤΙΚΗ ΔΙΑΧΕΙΡΙΣΗ",MET,41Μ041,ΔΗΜΟΣΙΟΓΡΑΦΙΚΗ ΑΦΗΓΗΣΗ ΣΤΑ ΠΑΛΑΙΑ ΚΑΙ ΣΤΑ ΝΕΑ ΜΕΣΑ. ΣΥΓΚΛΙΣΗ ΚΑΙ ΠΟΛΥΜΕΣΙΚΟΤΗΤΑ,1,,ΕΕ,ΡΗΓΟΥ ΜΑΡΙΝΑ,003
219,ΜΕΤ,3,4,"ΕΠΙΚΟΙΝΩΝΙΑ, ΜΕΣΑ ΚΑΙ ΠΟΛΙΤΙΣΤΙΚΗ ΔΙΑΧΕΙΡΙΣΗ",MET,41Μ042,ΔΙΑΜΕΣΙΚΗ ΕΠΙΚΟΙΝΩΝΙΑ,2,,ΕΕ,ΒΩΒΟΥ ΙΩΑΝΝΑ,003
220,ΜΕΤ,3,4,"ΕΠΙΚΟΙΝΩΝΙΑ, ΜΕΣΑ ΚΑΙ ΠΟΛΙΤΙΣΤΙΚΗ ΔΙΑΧΕΙΡΙΣΗ",MET,41Μ043,ΕΙΣΑΓΩΓΗ ΣΤΙΣ ΠΡΑΚΤΙΚΕΣ ΔΕΔΟΜΕΝΩΝ (DATA PRACTICES),2,,ΕΕ,ΣΚΑΡΠΕΛΟΣ ΙΩΑΝΝΗΣ,003
221,ΜΕΤ,3,4,"ΕΠΙΚΟΙΝΩΝΙΑ, ΜΕΣΑ ΚΑΙ ΠΟΛΙΤΙΣΤΙΚΗ ΔΙΑΧΕΙΡΙΣΗ",MET,41Μ045,"ΑΝΑΣΚΕΥΑΖΟΝΤΑΣ ΤΟ ΠΑΡΕΛΘΟΝ, ΚΑΤΑΣΚΕΥΑΖΟΝΤΑΣ ΤΟ ΠΑΡΟΝ ΣΤΗΝ ΨΗΦΙΑΚΗ ΕΠΟΧΗ",2,,ΕΕ,ΑΥΛΑΜΗ ΧΡΥΣΑΝΘΗ,003
222,ΜΕΤ,3,4,"ΕΠΙΚΟΙΝΩΝΙΑ, ΜΕΣΑ ΚΑΙ ΠΟΛΙΤΙΣΤΙΚΗ ΔΙΑΧΕΙΡΙΣΗ",MET,41Μ046,ΜΕΘΟΔΟΛΟΓΙΑ ΕΡΕΥΝΑΣ ΣΤΟΝ ΠΟΛΙΤΙΣΜΟ ΚΑΙ ΤΙΣ ΠΟΛΙΤΙΣΜΙΚΕΣ ΣΠΟΥΔΕΣ,1,,ΥΠ,ΖΑΧΑΡΙΑΔΗΣ Α.,003
223,ΜΕΤ,3,4,"ΕΠΙΚΟΙΝΩΝΙΑ, ΜΕΣΑ ΚΑΙ ΠΟΛΙΤΙΣΤΙΚΗ ΔΙΑΧΕΙΡΙΣΗ",MET,41Μ046,ΜΕΘΟΔΟΛΟΓΙΑ ΕΡΕΥΝΑΣ ΣΤΟΝ ΠΟΛΙΤΙΣΜΟ ΚΑΙ ΤΙΣ ΠΟΛΙΤΙΣΜΙΚΕΣ ΣΠΟΥΔΕΣ,1,,ΥΠ,ΣΚΑΡΠΕΛΟΣ ΙΩΑΝΝΗΣ,003
224,ΜΕΤ,3,4,"ΕΠΙΚΟΙΝΩΝΙΑ, ΜΕΣΑ ΚΑΙ ΠΟΛΙΤΙΣΤΙΚΗ ΔΙΑΧΕΙΡΙΣΗ",MET,41Μ047,ΣΤΑΤΙΣΤΙΚΕΣ ΜΕΘΟΔΟΙ ΣΤΗΝ ΚΟΙΝΩΝΙΚΗ ΕΡΕΥΝΑ Ι,1,,ΥΠ,ΜΙΧΑΛΟΠΟΥΛΟΥ ΑΙΚΑΤΕΡΙΝΗ,003
225,ΜΕΤ,3,4,"ΕΠΙΚΟΙΝΩΝΙΑ, ΜΕΣΑ ΚΑΙ ΠΟΛΙΤΙΣΤΙΚΗ ΔΙΑΧΕΙΡΙΣΗ",MET,41Μ048,ΠΕΙΘΩ ΚΑΙ ΕΠΙΧΕΙΡΗΜΑ,1,,ΥΠ,ΔΗΜΗΡΟΥΛΗΣ ΔΗΜΗΤΡΙΟΣ,003
226,ΜΕΤ,3,4,"ΕΠΙΚΟΙΝΩΝΙΑ, ΜΕΣΑ ΚΑΙ ΠΟΛΙΤΙΣΤΙΚΗ ΔΙΑΧΕΙΡΙΣΗ",MET,41Μ049,ΨΗΦΙΑΚΑ ΜΕΣΑ ΚΑΙ ΕΠΙΚΟΙΝΩΝΙΑ,1,,ΕΕ,ΚΑΝΑΚΗ ΧΡΙΣΤΙΝΑ,003
227,ΜΕΤ,3,4,"ΕΠΙΚΟΙΝΩΝΙΑ, ΜΕΣΑ ΚΑΙ ΠΟΛΙΤΙΣΤΙΚΗ ΔΙΑΧΕΙΡΙΣΗ",MET,41Μ050,ΜΕΘΟΔΟΛΟΓΙΑ ΣΤΙΣ ΚΟΙΝΩΝΙΚΕΣ ΕΠΙΣΤΗΜΕΣ,1,,ΥΠ,ΨΥΛΛΑ ΜΑΡΙΑΝΝΑ,003
228,ΜΕΤ,3,5,ΚΟΙΝΩΝΙΚΗ ΠΟΛΙΤΙΚΗ: ΜΕΘΟΔΟΙ ΚΑΙ ΕΦΑΡΜΟΓΕΣ,MET,51Μ101,ΣΤΑΤΙΣΤΙΚΕΣ ΜΕΘΟΔΟΙ ΣΤΗΝ ΚΟΙΝΩΝΙΚΗ ΕΡΕΥΝΑ Ι,1,,ΥΠ,ΣΥΜΕΩΝΑΚΗ ΜΑΡΙΑ,002
229,ΜΕΤ,3,5,ΚΟΙΝΩΝΙΚΗ ΠΟΛΙΤΙΚΗ: ΜΕΘΟΔΟΙ ΚΑΙ ΕΦΑΡΜΟΓΕΣ,MET,51Μ101,ΣΤΑΤΙΣΤΙΚΕΣ ΜΕΘΟΔΟΙ ΣΤΗΝ ΚΟΙΝΩΝΙΚΗ ΕΡΕΥΝΑ Ι,1,,ΥΠ,ΜΙΧΑΛΟΠΟΥΛΟΥ ΑΙΚΑΤΕΡΙΝΗ,002
230,ΜΕΤ,3,5,ΚΟΙΝΩΝΙΚΗ ΠΟΛΙΤΙΚΗ: ΜΕΘΟΔΟΙ ΚΑΙ ΕΦΑΡΜΟΓΕΣ,MET,51Μ102,ΠΟΙΟΤΙΚΕΣ ΜΕΘΟΔΟΙ ΣΤΗΝ ΚΟΙΝΩΝΙΚΗ ΕΡΕΥΝΑ,1,,ΥΠ,ΠΕΤΡΑΚΗ ΓΕΩΡΓΙΑ,002
231,ΜΕΤ,3,5,ΚΟΙΝΩΝΙΚΗ ΠΟΛΙΤΙΚΗ: ΜΕΘΟΔΟΙ ΚΑΙ ΕΦΑΡΜΟΓΕΣ,MET,51Μ103,ΣΧΕΔΙΑΣΜΟΣ ΚΑΙ ΑΞΙΟΛΟΓΗΣΗ ΠΡΟΓΡΑΜΜΑΤΩΝ ΚΟΙΝΩΝΙΚΗΣ ΠΟΛΙΤΙΚΗΣ,1,,ΥΠ,ΔΗΜΟΥΛΑΣ ΚΩΝΣΤΑΝΤΙΝΟΣ,002
232,ΜΕΤ,3,5,ΚΟΙΝΩΝΙΚΗ ΠΟΛΙΤΙΚΗ: ΜΕΘΟΔΟΙ ΚΑΙ ΕΦΑΡΜΟΓΕΣ,MET,51Μ104,ΘΕΩΡΙΕΣ ΑΓΟΡΑΣ ΕΡΓΑΣΙΑΣ,1,,ΕΕ,ΨΗΜΜΕΝΟΣ ΙΟΡΔΑΝΗΣ,002
233,ΜΕΤ,3,5,ΚΟΙΝΩΝΙΚΗ ΠΟΛΙΤΙΚΗ: ΜΕΘΟΔΟΙ ΚΑΙ ΕΦΑΡΜΟΓΕΣ,MET,51Μ105,ΚΟΙΝΩΝΙΚΗ ΘΕΩΡΙΑ ΚΑΙ ΚΟΙΝΩΝΙΚΗ ΠΟΛΙΤΙΚΗ,1,,ΕΕ,ΚΟΡΑΣΙΔΟΥ ΜΑΡΙΑ,002
234,ΜΕΤ,3,5,ΚΟΙΝΩΝΙΚΗ ΠΟΛΙΤΙΚΗ: ΜΕΘΟΔΟΙ ΚΑΙ ΕΦΑΡΜΟΓΕΣ,MET,51Μ105,ΚΟΙΝΩΝΙΚΗ ΘΕΩΡΙΑ ΚΑΙ ΚΟΙΝΩΝΙΚΗ ΠΟΛΙΤΙΚΗ,1,,ΕΕ,ΜΑΥΡΙΔΗΣ ΗΡΑΚΛΗΣ,002
235,ΜΕΤ,3,5,ΚΟΙΝΩΝΙΚΗ ΠΟΛΙΤΙΚΗ: ΜΕΘΟΔΟΙ ΚΑΙ ΕΦΑΡΜΟΓΕΣ,MET,51Μ105,ΚΟΙΝΩΝΙΚΗ ΘΕΩΡΙΑ ΚΑΙ ΚΟΙΝΩΝΙΚΗ ΠΟΛΙΤΙΚΗ,1,,ΕΕ,ΛΕΛΕΔΑΚΗΣ ΚΑΝΑΚΗΣ,002
236,ΜΕΤ,3,5,ΚΟΙΝΩΝΙΚΗ ΠΟΛΙΤΙΚΗ: ΜΕΘΟΔΟΙ ΚΑΙ ΕΦΑΡΜΟΓΕΣ,MET,51Μ106,ΣΤΑΤΙΣΤΙΚΕΣ ΜΕΘΟΔΟΙ ΣΤΗΝ ΚΟΙΝΩΝΙΚΗ ΕΡΕΥΝΑ ΙΙ,2,,ΥΠ,ΣΥΜΕΩΝΑΚΗ ΜΑΡΙΑ,002
237,ΜΕΤ,3,5,ΚΟΙΝΩΝΙΚΗ ΠΟΛΙΤΙΚΗ: ΜΕΘΟΔΟΙ ΚΑΙ ΕΦΑΡΜΟΓΕΣ,MET,51Μ106,ΣΤΑΤΙΣΤΙΚΕΣ ΜΕΘΟΔΟΙ ΣΤΗΝ ΚΟΙΝΩΝΙΚΗ ΕΡΕΥΝΑ ΙΙ,2,,ΥΠ,ΜΙΧΑΛΟΠΟΥΛΟΥ ΑΙΚΑΤΕΡΙΝΗ,002
238,ΜΕΤ,3,5,ΚΟΙΝΩΝΙΚΗ ΠΟΛΙΤΙΚΗ: ΜΕΘΟΔΟΙ ΚΑΙ ΕΦΑΡΜΟΓΕΣ,MET,51Μ107,ΣΧΕΔΙΑΣΜΟΣ ΚΑΙ ΑΞΙΟΛΟΓΗΣΗ ΠΟΛΙΤΙΚΩΝ ΑΠΑΣΧΟΛΗΣΗΣ,2,,ΕΕ,ΓΡΑΒΑΡΗΣ ΔΙΟΝΥΣΙΟΣ,002
239,ΜΕΤ,3,5,ΚΟΙΝΩΝΙΚΗ ΠΟΛΙΤΙΚΗ: ΜΕΘΟΔΟΙ ΚΑΙ ΕΦΑΡΜΟΓΕΣ,MET,51Μ109,ΕΡΓΑΣΙΑΚΕΣ ΣΧΕΣΕΙΣ ΚΑΙ ΝΕΑ ΕΡΓΑΣΙΑΚΑ ΠΡΟΤΥΠΑ,2,,ΕΕ,ΚΟΥΖΗΣ ΙΩΑΝΝΗΣ,002
240,ΜΕΤ,3,5,ΚΟΙΝΩΝΙΚΗ ΠΟΛΙΤΙΚΗ: ΜΕΘΟΔΟΙ ΚΑΙ ΕΦΑΡΜΟΓΕΣ,MET,51Μ110,ΜΕΤΑΝΑΣΤΕΥΣΗ ΚΑΙ ΕΡΓΑΣΙΑ,2,,ΕΕ,ΨΗΜΜΕΝΟΣ ΙΟΡΔΑΝΗΣ,002
241,ΜΕΤ,3,5,ΚΟΙΝΩΝΙΚΗ ΠΟΛΙΤΙΚΗ: ΜΕΘΟΔΟΙ ΚΑΙ ΕΦΑΡΜΟΓΕΣ,MET,51Μ111,ΜΕΘΟΔΟΛΟΓΙΚΕΣ ΠΡΟΣΕΓΓΙΣΕΙΣ ΤΗΣ ΚΟΙΝΩΝΙΚΗΣ ΣΥΝΟΧΗΣ ΣΤΟΝ ΑΣΤΙΚΟ ΧΩΡΟ ΚΑΙ ΤΗΝ ΥΠΑΙΘΡΟ ΧΩΡΑ,2,,ΕΕ,ΜΩΥΣΙΔΗΣ ΑΝΤΩΝΗΣ,002
242,ΜΕΤ,3,5,ΚΟΙΝΩΝΙΚΗ ΠΟΛΙΤΙΚΗ: ΜΕΘΟΔΟΙ ΚΑΙ ΕΦΑΡΜΟΓΕΣ,MET,51Μ111,ΜΕΘΟΔΟΛΟΓΙΚΕΣ ΠΡΟΣΕΓΓΙΣΕΙΣ ΤΗΣ ΚΟΙΝΩΝΙΚΗΣ ΣΥΝΟΧΗΣ ΣΤΟΝ ΑΣΤΙΚΟ ΧΩΡΟ ΚΑΙ ΤΗΝ ΥΠΑΙΘΡΟ ΧΩΡΑ,2,,ΕΕ,ΑΝΘΟΠΟΥΛΟΥ ΘΕΟΔΟΣΙΑ,002
243,ΜΕΤ,3,5,ΚΟΙΝΩΝΙΚΗ ΠΟΛΙΤΙΚΗ: ΜΕΘΟΔΟΙ ΚΑΙ ΕΦΑΡΜΟΓΕΣ,MET,51Μ112,ΠΛΗΘΥΣΜΟΣ ΚΑΙ ΚΟΙΝΩΝΙΚΗ ΠΟΛΙΤΙΚΗ : ΜΕΘΟΔΟΛΟΓΙΚΕΣ ΠΡΟΣΕΓΓΙΣΕΙΣ ΚΑΙ ΕΦΑΡΜΟΓΕΣ,2,,ΕΕ,ΡΟΜΠΟΛΗΣ ΣΑΒΒΑΣ,002
244,ΜΕΤ,3,5,ΚΟΙΝΩΝΙΚΗ ΠΟΛΙΤΙΚΗ: ΜΕΘΟΔΟΙ ΚΑΙ ΕΦΑΡΜΟΓΕΣ,MET,51Μ112,ΠΛΗΘΥΣΜΟΣ ΚΑΙ ΚΟΙΝΩΝΙΚΗ ΠΟΛΙΤΙΚΗ : ΜΕΘΟΔΟΛΟΓΙΚΕΣ ΠΡΟΣΕΓΓΙΣΕΙΣ ΚΑΙ ΕΦΑΡΜΟΓΕΣ,2,,ΕΕ,ΜΠΑΓΚΑΒΟΣ ΧΡΗΣΤΟΣ,002
245,ΜΕΤ,3,5,ΚΟΙΝΩΝΙΚΗ ΠΟΛΙΤΙΚΗ: ΜΕΘΟΔΟΙ ΚΑΙ ΕΦΑΡΜΟΓΕΣ,MET,51Μ113,ΣΧΕΔΙΑΣΜΟΣ ΚΑΙ ΑΞΙΟΛΟΓΗΣΗ ΤΩΝ ΠΟΛΙΤΙΚΩΝ ΙΣΟΤΗΤΑΣ ΤΩΝ ΦΥΛΩΝ,2,,ΕΕ,ΣΤΡΑΤΗΓΑΚΗ ΜΑΡΙΑ,002
246,ΜΕΤ,3,5,ΚΟΙΝΩΝΙΚΗ ΠΟΛΙΤΙΚΗ: ΜΕΘΟΔΟΙ ΚΑΙ ΕΦΑΡΜΟΓΕΣ,MET,51Μ114,ΠΟΛΙΤΙΚΕΣ ΣΤΗΝ ΑΝΩΤΑΤΗ ΕΚΠΑΙΔΕΥΣΗ ΚΑΙ ΣΤΗΝ ΕΚΠΑΙΔΕΥΣΗ ΕΝΗΛΙΚΩΝ / ΔΙΑ ΒΙΟΥ ΜΑΘΗΣΗ,2,,ΕΕ,ΠΡΟΚΟΥ ΕΛΕΝΗ,002
247,ΜΕΤ,3,7,ΨΥΧΟΛΟΓΙΑ,MET,60M101,"ΘΕΩΡΗΤΙΚΕΣ ΚΑΙ ΕΜΠΕΙΡΙΚΕΣ ΠΡΟΣΕΓΓΙΣΕΙΣ ΤΩΝ ΣΥΓΚΡΟΥΣΕΩΝ ΣΤΗΝ ΚΟΙΝΩΝΙΚΗ ΨΥΧΟΛΟΓΙΑ: ΚΟΙΝΩΝΙΚΗ ΕΠΙΡΡΟΗ, ΔΙΟΜΑΔΙΚΕΣ ΣΧΕΣΕΙΣ, ΠΟΛΙΤΙΚΗ ΣΥΜΠΕΡΙΦΟΡΑ",1,,ΥΠ,ΧΡΥΣΟΧΟΟΥ ΞΕΝΙΑ,002
248,ΜΕΤ,3,7,ΨΥΧΟΛΟΓΙΑ,MET,60M102,ΣΕΜΙΝΑΡΙΟ ΕΡΕΥΝΑΣ Ι: ΒΙΒΛΙΟΓΡΑΦΙΚΗ ΕΡΕΥΝΑ ΚΑΙ ΚΡΙΤΙΚΗ ΠΑΡΟΥΣΙΑΣΗ ΘΕΩΡΗΤΙΚΩΝ ΚΑΙ ΜΕΘΟΔΟΛΟΓΙΚΩΝ ΚΕΙΜΕΝΩΝ ΣΧΕΤΙΚΩΝ ΜΕ ΤΗΝ ΠΡΟΤΑΣΗ ΕΚΠΟΝΗΣΗΣ ΕΡΕΥΝΗΤΙΚΗΣ ΕΡΓΑΣΙΑΣ ΤΩΝ ΦΟΙΤΗΤΩΝ/ΤΡΙΩΝ,1,,ΥΠ,ΧΑΝΤΖΗ ΑΛΕΞΑΝΔΡΑ,002
249,ΜΕΤ,3,7,ΨΥΧΟΛΟΓΙΑ,MET,60M103,ΣΕΜΙΝΑΡΙΟ ΕΡΕΥΝΑΣ ΙΙ: ΠΑΡΟΥΣΙΑΣΗ ΤΩΝ ΣΤΑΔΙΩΝ ΤΗΣ ΕΡΕΥΝΗΤΙΚΗΣ ΕΡΓΑΣΙΑΣ ΤΩΝ ΦΟΙΤΗΤΩΝ/ΤΡΙΩΝ,2,,ΥΠ,ΠΑΠΑΣΤΑΜΟΥ ΣΤΑΜΑΤΗΣ,002
250,ΜΕΤ,3,7,ΨΥΧΟΛΟΓΙΑ,MET,60M104,ΜΕΘΟΔΟΛΟΓΙΑ ΚΑΙ ΣΤΑΤΙΣΤΙΚΕΣ ΕΦΑΡΜΟΓΕΣ ΑΝΑΛΥΣΗΣ ΔΕΔΟΜΕΝΩΝ,2,,ΥΠ,ΠΡΟΔΡΟΜΙΤΗΣ ΓΕΡΑΣΙΜΟΣ,002
251,ΜΕΤ,3,7,ΨΥΧΟΛΟΓΙΑ,MET,60M105,ΠΡΟΧΩΡΗΜΕΝΗ ΜΕΘΟΔΟΛΟΓΙΑ ΕΡΕΥΝΑΣ ΚΑΙ ΣΤΑΤΙΣΤΙΚΗ,1,,ΥΠ,ΣΤΑΛΙΚΑΣ ΑΝΑΣΤΑΣΙΟΣ,002
252,ΜΕΤ,3,7,ΨΥΧΟΛΟΓΙΑ,MET,60M106,ΣΧΕΣΙΟΔΥΝΑΜΙΚΗ ΚΑΙ ΠΟΛΥΠΛΟΚΑ ΚΟΙΝΩΝΙΚΑ ΔΙΚΤΥΑ,1,,ΥΠ,ΣΤΑΛΙΚΑΣ ΑΝΑΣΤΑΣΙΟΣ,002
253,ΜΕΤ,3,7,ΨΥΧΟΛΟΓΙΑ,MET,60M107,ΣΕΜΙΝΑΡΙΟ ΕΡΕΥΝΑΣ ΣΤΗ ΘΕΜΑΤΙΚΗ ΤΗΣ ΚΑΤΕΥΘΥΝΣΗΣ,2,,ΥΠ,ΚΑΤΕΡΕΛΟΣ ΙΩΑΝΝΗΣ,002
254,ΜΕΤ,3,7,ΨΥΧΟΛΟΓΙΑ,MET,60M108,ΘΕΤΙΚΗ ΨΥΧΟΛΟΓΙΑ,2,,ΥΠ,ΣΤΑΛΙΚΑΣ ΑΝΑΣΤΑΣΙΟΣ,002
255,ΜΕΤ,3,7,ΨΥΧΟΛΟΓΙΑ,MET,60M109,ΜΕΘΟΔΟΛΟΓΙΑ ΕΡΕΥΝΑΣ ΚΑΙ ΣΤΑΤΙΣΤΙΚΗ,1,,ΥΠ,ΚΟΡΔΟΥΤΗΣ ΠΑΝΑΓΙΩΤΗΣ,002
256,ΜΕΤ,3,7,ΨΥΧΟΛΟΓΙΑ,MET,60M110,"ΕΑΥΤΟΣ, ΚΟΙΝΩΝΙΚΗ ΤΑΥΤΟΤΗΤΑ ΚΑΙ ΔΙΑΠΡΟΣΩΠΙΚΕΣ ΣΧΕΣΕΙΣ",1,,ΥΠ,ΜΑΝΤΟΓΛΟΥ ΣΟΥΛΤΑΝΑ,002
257,ΜΕΤ,3,7,ΨΥΧΟΛΟΓΙΑ,MET,60M111,"ΣΕΜΙΝΑΡΙΟ ΕΡΕΥΝΑΣ Ι : ΟΜΑΔΙΚΗ ΚΑΙ ΕΞΑΤΟΜΙΚΕΥΜΕΝΗ ΑΝΑΣΚΟΠΗΣΗ, ΚΡΙΤΙΚΗ ΑΝΑΛΥΣΗ ΚΑΙ ΣΥΝΘΕΤΙΚΗ ΕΠΕΞΕΡΓΑΣΙΑ ΤΗΣ ΒΙΒΛΙΟΓΡΑΦΙΑΣ ΤΗΣ ΣΧΕΤΙΚΗΣ ΜΕ ΤΗΝ ΠΕΡΙΟΧΗ ΕΡΕΥΝΗΤΙΚΟΥ ΕΝΔΙΑΦΕΡΟΝΤΟΣ ΤΟΥ ΦΟΙΤΗΤΗ",2,,ΥΠ,ΧΑΝΤΖΗ ΑΛΕΞΑΝΔΡΑ,002
258,ΜΕΤ,3,7,ΨΥΧΟΛΟΓΙΑ,MET,60M112,ΣΕΜΙΝΑΡΙΟ ΕΡΕΥΝΑΣ ΙΙ: ΣΧΕΔΙΑΣΜΟΣ ΕΡΕΥΝΑΣ ΥΠΟ ΤΗΝ ΕΠΙΒΛΕΨΗ ΤΟΥ ΔΙΔΑΣΚΟΝΤΟΣ/ΕΠΟΠΤΗ ΤΗΣ ΜΕΤΑΠΤΥΧΙΑΚΗΣ ΕΡΓΑΣΙΑΣ,2,,ΥΠ,ΚΟΡΔΟΥΤΗΣ ΠΑΝΑΓΙΩΤΗΣ,002
259,ΜΕΤ,3,7,ΨΥΧΟΛΟΓΙΑ,MET,60Μ113,"ΓΝΩΣΤΙΚΗ ΨΥΧΟΛΟΓΙΑ, ΑΝΑΠΤΥΞΙΑΚΗ ΨΥΧΟΛΟΓΙΑ ΚΑΙ ΚΟΙΝΩΝΙΚΗ ΣΚΕΨΗ : ΕΦΑΡΜΟΓΕΣ",1,,ΥΠ,ΣΑΜΑΡΤΖΗ ΣΤΑΥΡΟΥΛΑ,002
260,ΜΕΤ,3,7,ΨΥΧΟΛΟΓΙΑ,MET,60Μ114,ΜΕΘΟΔΟΛΟΓΙΑ ΕΡΕΥΝΑΣ ΚΑΙ ΣΤΑΤΙΣΤΙΚΗ,1,,ΥΠ,ΜΑΝΤΟΓΛΟΥ ΣΟΥΛΤΑΝΑ,002
261,ΜΕΤ,3,7,ΨΥΧΟΛΟΓΙΑ,MET,60Μ115,"ΣΕΜΙΝΑΡΙΟ ΕΡΕΥΝΑΣ Ι : ΒΙΒΛΙΟΓΡΑΦΙΚΗ ΕΡΕΥΝΑ, ΣΥΖΗΤΗΣΗ ΚΑΙ ΚΡΙΤΙΚΕΣ ΠΡΟΣΕΓΓΙΣΕΙΣ ΤΩΝ ΘΕΩΡΗΤΙΚΩΝ ΚΑΙ ΜΕΘΟΔΟΛΟΓΙΚΩΝ ΖΗΤΗΜΑΤΩΝ ΠΟΥ ΑΦΟΡΟΥΝ ΤΙΣ ΕΡΓΑΣΙΕΣ ΤΩΝ ΦΟΙΤΗΤΩΝ",2,,ΥΠ,ΚΑΖΗ ΣΜΑΡΑΓΔΑ,002
262,ΜΕΤ,3,7,ΨΥΧΟΛΟΓΙΑ,MET,60Μ116,ΣΕΜΙΝΑΡΙΟ ΕΡΕΥΝΑΣ ΙΙ : ΠΑΡΟΥΣΙΑΣΗ ΚΑΙ ΣΥΖΗΤΗΣΗ ΤΩΝ ΕΡΕΥΝΗΤΙΚΩΝ ΕΡΓΑΣΙΩΝ ΤΩΝ ΦΟΙΤΗΤΩΝ,2,,ΥΠ,ΚΑΖΗ ΣΜΑΡΑΓΔΑ,002
263,ΜΕΤ,3,9,ΕΦΗΡΜΟΣΜΕΝΩΝ ΟΙΚΟΝΟΜΙΚΩΝ KAI ΠΕΡΙΦΕΡΕΙΑΚΗΣ ΑΝΑΠΤΥΞΗΣ,MET,80Μ060,ΠΟΣΟΤΙΚΕΣ ΜΕΘΟΔΟΙ ΕΦΑΡΜΟΣΜΕΝΩΝ ΟΙΚΟΝΟΜΙΚΩΝ,1,2,ΥΠ,ΝΤΕΓΙΑΝΝΑΚΗΣ ΣΤΑΥΡΟΣ,002
264,ΜΕΤ,3,9,ΕΦΗΡΜΟΣΜΕΝΩΝ ΟΙΚΟΝΟΜΙΚΩΝ KAI ΠΕΡΙΦΕΡΕΙΑΚΗΣ ΑΝΑΠΤΥΞΗΣ,MET,80Μ061,ΜΙΚΡΟΟΙΚΟΝΟΜΙΚΗ ΓΙΑ ΜΑΝΑΤΖΕΡ,1,2,ΥΠ,ΣΤΟΦΟΡΟΣ ΧΡΥΣΟΣΤΟΜΟΣ,002
265,ΜΕΤ,3,9,ΕΦΗΡΜΟΣΜΕΝΩΝ ΟΙΚΟΝΟΜΙΚΩΝ KAI ΠΕΡΙΦΕΡΕΙΑΚΗΣ ΑΝΑΠΤΥΞΗΣ,MET,80Μ062,ΜΑΚΡΟΟΙΚΟΝΟΜΙΚΟ ΠΕΡΙΒΑΛΛΟΝ ΚΑΙ ΛΗΨΗ ΑΠΟΦΑΣΕΩΝ,1,2,ΥΠ,ΛΩΛΟΣ ΣΑΡ.-ΕΥΑΓ.,002
266,ΜΕΤ,3,9,ΕΦΗΡΜΟΣΜΕΝΩΝ ΟΙΚΟΝΟΜΙΚΩΝ KAI ΠΕΡΙΦΕΡΕΙΑΚΗΣ ΑΝΑΠΤΥΞΗΣ,MET,80Μ063,ΔΙΟΙΚΗΣΗ ΚΑΙ ΜΑΝΑΤΖΜΕΝΤ ΕΠΙΧΕΙΡΗΣΕΩΝ ΚΑΙ ΟΡΓΑΝΙΣΜΩΝ,1,2,ΥΠ,ΠΑΛΑΣΚΑΣ ΘΕΟΔΟΣΙΟΣ,002
267,ΜΕΤ,3,9,ΕΦΗΡΜΟΣΜΕΝΩΝ ΟΙΚΟΝΟΜΙΚΩΝ KAI ΠΕΡΙΦΕΡΕΙΑΚΗΣ ΑΝΑΠΤΥΞΗΣ,MET,80Μ064,ΔΗΜΟΣΙΟΝΟΜΙΚΟΣ ΠΑΡΕΜΒΑΤΙΣΜΟΣ ΚΑΙ ΟΙΚΟΝΟΜΙΚΗ ΔΡΑΣΤΗΡΙΟΤΗΤΑ,2,2,ΕΥ,ΤΑΤΣΟΣ ΝΙΚΟΛΑΟΣ,002
268,ΜΕΤ,3,9,ΕΦΗΡΜΟΣΜΕΝΩΝ ΟΙΚΟΝΟΜΙΚΩΝ KAI ΠΕΡΙΦΕΡΕΙΑΚΗΣ ΑΝΑΠΤΥΞΗΣ,MET,80Μ065,"ΕΦΗΡΜΟΣΜΕΝΗ ΟΙΚΟΝΟΜΕΤΡΙΑ ΓΙΑ ΟΙΚΟΝΟΜΙΚΑ, ΧΡΗΜΑΤΟΟΙΚΟΝΟΜΙΚΑ ΚΑΙ ΜΑΝΑΤΖΜΕΝΤ",2,2,ΕΥ,ΝΤΕΓΙΑΝΝΑΚΗΣ ΣΤΑΥΡΟΣ,002
269,ΜΕΤ,3,9,ΕΦΗΡΜΟΣΜΕΝΩΝ ΟΙΚΟΝΟΜΙΚΩΝ KAI ΠΕΡΙΦΕΡΕΙΑΚΗΣ ΑΝΑΠΤΥΞΗΣ,MET,80Μ067,ΜΕΘΟΔΟΙ ΕΦΗΡΜΟΣΜΕΝΗΣ ΕΡΕΥΝΑΣ ΓΙΑ ΣΤΕΛΕΧΗ,2,2,ΕΥ,ΡΙΤΣΑΡΝΤΣΟΝ ΚΛΑΙΒ-ΣΤΕΦΑΝΟΣ,002
270,ΜΕΤ,3,9,ΕΦΗΡΜΟΣΜΕΝΩΝ ΟΙΚΟΝΟΜΙΚΩΝ KAI ΠΕΡΙΦΕΡΕΙΑΚΗΣ ΑΝΑΠΤΥΞΗΣ,MET,80Μ071,ΟΙΚΟΝΟΜΙΚΑ ΤΗΣ ΕΡΓΑΣΙΑΣ,2,2,ΕΥ,ΔΕΔΟΥΣΟΠΟΥΛΟΣ ΑΠΟΣΤΟΛΟΣ,002
271,ΜΕΤ,3,9,ΕΦΗΡΜΟΣΜΕΝΩΝ ΟΙΚΟΝΟΜΙΚΩΝ KAI ΠΕΡΙΦΕΡΕΙΑΚΗΣ ΑΝΑΠΤΥΞΗΣ,MET,80Μ072,ΘΕΜΑΤΑ ΑΝΑΠΤΥΞΗΣ,2,2,ΕΥ,ΚΕΡΑΜΙΔΟΥ Ι.,002
272,ΜΕΤ,3,9,ΕΦΗΡΜΟΣΜΕΝΩΝ ΟΙΚΟΝΟΜΙΚΩΝ KAI ΠΕΡΙΦΕΡΕΙΑΚΗΣ ΑΝΑΠΤΥΞΗΣ,MET,80Μ072,ΘΕΜΑΤΑ ΑΝΑΠΤΥΞΗΣ,2,2,ΕΥ,ΦΩΤΕΙΝΟΠΟΥΛΟΥ-ΜΑΝΩΛΟ ΑΙΚΑΤΕΡΙΝΗ,002
273,ΜΕΤ,3,9,ΕΦΗΡΜΟΣΜΕΝΩΝ ΟΙΚΟΝΟΜΙΚΩΝ KAI ΠΕΡΙΦΕΡΕΙΑΚΗΣ ΑΝΑΠΤΥΞΗΣ,MET,80Μ076,ΠΟΣΟΤΙΚΗ ΠΕΡΙΦΕΡΕΙΑΚΗ ΑΝΑΛΥΣΗ,1,2,ΥΠ,ΜΙΜΗΣ ΑΓΓΕΛΟΣ,002
274,ΜΕΤ,3,9,ΕΦΗΡΜΟΣΜΕΝΩΝ ΟΙΚΟΝΟΜΙΚΩΝ KAI ΠΕΡΙΦΕΡΕΙΑΚΗΣ ΑΝΑΠΤΥΞΗΣ,MET,80Μ076,ΠΟΣΟΤΙΚΗ ΠΕΡΙΦΕΡΕΙΑΚΗ ΑΝΑΛΥΣΗ,1,2,ΥΠ,ΚΑΡΑΓΑΝΗΣ ΑΝΑΣΤΑΣΙΟΣ,002
275,ΜΕΤ,3,9,ΕΦΗΡΜΟΣΜΕΝΩΝ ΟΙΚΟΝΟΜΙΚΩΝ KAI ΠΕΡΙΦΕΡΕΙΑΚΗΣ ΑΝΑΠΤΥΞΗΣ,MET,80Μ076,ΠΟΣΟΤΙΚΗ ΠΕΡΙΦΕΡΕΙΑΚΗ ΑΝΑΛΥΣΗ,1,2,ΥΠ,ΠΑΠΑΔΑΣΚΑΛΟΠΟΥΛΟΣ ΑΘΑΝΑΣΙΟΣ,002
276,ΜΕΤ,3,9,ΕΦΗΡΜΟΣΜΕΝΩΝ ΟΙΚΟΝΟΜΙΚΩΝ KAI ΠΕΡΙΦΕΡΕΙΑΚΗΣ ΑΝΑΠΤΥΞΗΣ,MET,80Μ077,ΠΕΡΙΦΕΡΕΙΑΚΗ ΚΑΙ ΑΣΤΙΚΗ ΟΙΚΟΝΟΜΙΚΗ,1,2,ΥΠ,ΨΥΧΑΡΗΣ ΣΤΑΥΡΟΣ,002
277,ΜΕΤ,3,9,ΕΦΗΡΜΟΣΜΕΝΩΝ ΟΙΚΟΝΟΜΙΚΩΝ KAI ΠΕΡΙΦΕΡΕΙΑΚΗΣ ΑΝΑΠΤΥΞΗΣ,MET,80Μ077,ΠΕΡΙΦΕΡΕΙΑΚΗ ΚΑΙ ΑΣΤΙΚΗ ΟΙΚΟΝΟΜΙΚΗ,1,2,ΥΠ,ΡΟΒΟΛΗΣ ΑΝΤΩΝΙΟΣ,002
278,ΜΕΤ,3,9,ΕΦΗΡΜΟΣΜΕΝΩΝ ΟΙΚΟΝΟΜΙΚΩΝ KAI ΠΕΡΙΦΕΡΕΙΑΚΗΣ ΑΝΑΠΤΥΞΗΣ,MET,80Μ077,ΠΕΡΙΦΕΡΕΙΑΚΗ ΚΑΙ ΑΣΤΙΚΗ ΟΙΚΟΝΟΜΙΚΗ,1,2,ΥΠ,ΚΟΝΣΟΛΑΣ ΝΙΚΟΛΑΟΣ,002
279,ΜΕΤ,3,9,ΕΦΗΡΜΟΣΜΕΝΩΝ ΟΙΚΟΝΟΜΙΚΩΝ KAI ΠΕΡΙΦΕΡΕΙΑΚΗΣ ΑΝΑΠΤΥΞΗΣ,MET,80Μ077,ΠΕΡΙΦΕΡΕΙΑΚΗ ΚΑΙ ΑΣΤΙΚΗ ΟΙΚΟΝΟΜΙΚΗ,1,2,ΥΠ,ΛΥΜΠΕΡΑΚΗ ΑΝΤΙΓΟΝΗ,002
280,ΜΕΤ,3,9,ΕΦΗΡΜΟΣΜΕΝΩΝ ΟΙΚΟΝΟΜΙΚΩΝ KAI ΠΕΡΙΦΕΡΕΙΑΚΗΣ ΑΝΑΠΤΥΞΗΣ,MET,80Μ078,"ΠΕΡΙΦΕΡΕΙΑΚΟΣ ΠΡΟΓΡΑΜΜΑΤΙΣΜΟΣ: ΕΥΡΩΠΑΪΚΗ, ΕΘΝΙΚΗ, ΠΕΡΙΦΕΡΕΙΑΚΗ ΚΑΙ ΤΟΠΙΚΗ ΔΙΑΣΤΑΣΗ",1,2,ΥΠ,ΛΟΥΚΑΚΗΣ ΠΑΥΛΟΣ,002
281,ΜΕΤ,3,9,ΕΦΗΡΜΟΣΜΕΝΩΝ ΟΙΚΟΝΟΜΙΚΩΝ KAI ΠΕΡΙΦΕΡΕΙΑΚΗΣ ΑΝΑΠΤΥΞΗΣ,MET,80Μ078,"ΠΕΡΙΦΕΡΕΙΑΚΟΣ ΠΡΟΓΡΑΜΜΑΤΙΣΜΟΣ: ΕΥΡΩΠΑΪΚΗ, ΕΘΝΙΚΗ, ΠΕΡΙΦΕΡΕΙΑΚΗ ΚΑΙ ΤΟΠΙΚΗ ΔΙΑΣΤΑΣΗ",1,2,ΥΠ,ΑΥΔΙΚΟΣ ΒΑΣΙΛΕΙΟΣ,002
282,ΜΕΤ,3,9,ΕΦΗΡΜΟΣΜΕΝΩΝ ΟΙΚΟΝΟΜΙΚΩΝ KAI ΠΕΡΙΦΕΡΕΙΑΚΗΣ ΑΝΑΠΤΥΞΗΣ,MET,80Μ078,"ΠΕΡΙΦΕΡΕΙΑΚΟΣ ΠΡΟΓΡΑΜΜΑΤΙΣΜΟΣ: ΕΥΡΩΠΑΪΚΗ, ΕΘΝΙΚΗ, ΠΕΡΙΦΕΡΕΙΑΚΗ ΚΑΙ ΤΟΠΙΚΗ ΔΙΑΣΤΑΣΗ",1,2,ΥΠ,ΓΙΩΤΗ-ΠΑΠΑΔΑΚΗ ΟΛΓΑ,002
283,ΜΕΤ,3,9,ΕΦΗΡΜΟΣΜΕΝΩΝ ΟΙΚΟΝΟΜΙΚΩΝ KAI ΠΕΡΙΦΕΡΕΙΑΚΗΣ ΑΝΑΠΤΥΞΗΣ,MET,80Μ078,"ΠΕΡΙΦΕΡΕΙΑΚΟΣ ΠΡΟΓΡΑΜΜΑΤΙΣΜΟΣ: ΕΥΡΩΠΑΪΚΗ, ΕΘΝΙΚΗ, ΠΕΡΙΦΕΡΕΙΑΚΗ ΚΑΙ ΤΟΠΙΚΗ ΔΙΑΣΤΑΣΗ",1,2,ΥΠ,ΠΑΠΑΔΑΣΚΑΛΟΠΟΥΛΟΣ ΑΘΑΝΑΣΙΟΣ,002
284,ΜΕΤ,3,9,ΕΦΗΡΜΟΣΜΕΝΩΝ ΟΙΚΟΝΟΜΙΚΩΝ KAI ΠΕΡΙΦΕΡΕΙΑΚΗΣ ΑΝΑΠΤΥΞΗΣ,MET,80Μ079,ΟΙΚΟΝΟΜΙΚΗ ΤΟΥ ΠΕΡΙΒΑΛΛΟΝΤΟΣ,1,2,ΥΠ,ΜΠΙΘΑΣ ΚΩΝΣΤΑΝΤΙΝΟΣ,002
285,ΜΕΤ,3,9,ΕΦΗΡΜΟΣΜΕΝΩΝ ΟΙΚΟΝΟΜΙΚΩΝ KAI ΠΕΡΙΦΕΡΕΙΑΚΗΣ ΑΝΑΠΤΥΞΗΣ,MET,80Μ079,ΟΙΚΟΝΟΜΙΚΗ ΤΟΥ ΠΕΡΙΒΑΛΛΟΝΤΟΣ,2,2,ΕΥ,ΜΠΙΘΑΣ ΚΩΝΣΤΑΝΤΙΝΟΣ,002
286,ΜΕΤ,3,9,ΕΦΗΡΜΟΣΜΕΝΩΝ ΟΙΚΟΝΟΜΙΚΩΝ KAI ΠΕΡΙΦΕΡΕΙΑΚΗΣ ΑΝΑΠΤΥΞΗΣ,MET,80Μ080,ΠΟΛΕΟΔΟΜΙΚΟΣ ΚΑΙ ΧΩΡΟΤΑΞΙΚΟΣ ΣΧΕΔΙΑΣΜΟΣ-PROJECT FINANCE,1,2,ΥΠ,ΛΙΑΠΗΣ ΚΩΝ/ΝΟΣ,002
287,ΜΕΤ,3,9,ΕΦΗΡΜΟΣΜΕΝΩΝ ΟΙΚΟΝΟΜΙΚΩΝ KAI ΠΕΡΙΦΕΡΕΙΑΚΗΣ ΑΝΑΠΤΥΞΗΣ,MET,80Μ080,ΠΟΛΕΟΔΟΜΙΚΟΣ ΚΑΙ ΧΩΡΟΤΑΞΙΚΟΣ ΣΧΕΔΙΑΣΜΟΣ-PROJECT FINANCE,1,2,ΥΠ,ΚΥΒΕΛΟΥ-ΧΙΩΤΙΝΗ ΣΟΦΙΑ-ΣΤΕΛΛΑ,002
288,ΜΕΤ,3,9,ΕΦΗΡΜΟΣΜΕΝΩΝ ΟΙΚΟΝΟΜΙΚΩΝ KAI ΠΕΡΙΦΕΡΕΙΑΚΗΣ ΑΝΑΠΤΥΞΗΣ,MET,80Μ081,ΑΡΧΕΣ ΚΑΤΑΣΚΕΥΩΝ ΚΑΙ ΤΕΧΝΙΚΑ ΖΗΤΗΜΑΤΑ ΤΟΥ ΚΑΤΑΣΚΕΥΑΣΤΙΚΟΥ ΚΛΑΔΟΥ - PROJECT MANAGEMENT,1,2,ΥΠ,ΛΟΥΚΑΚΗΣ ΠΑΥΛΟΣ,002
289,ΜΕΤ,3,9,ΕΦΗΡΜΟΣΜΕΝΩΝ ΟΙΚΟΝΟΜΙΚΩΝ KAI ΠΕΡΙΦΕΡΕΙΑΚΗΣ ΑΝΑΠΤΥΞΗΣ,MET,80Μ081,ΑΡΧΕΣ ΚΑΤΑΣΚΕΥΩΝ ΚΑΙ ΤΕΧΝΙΚΑ ΖΗΤΗΜΑΤΑ ΤΟΥ ΚΑΤΑΣΚΕΥΑΣΤΙΚΟΥ ΚΛΑΔΟΥ - PROJECT MANAGEMENT,1,2,ΥΠ,ΚΑΡΑΓΑΝΗΣ ΑΝΑΣΤΑΣΙΟΣ,002
290,ΜΕΤ,3,9,ΕΦΗΡΜΟΣΜΕΝΩΝ ΟΙΚΟΝΟΜΙΚΩΝ KAI ΠΕΡΙΦΕΡΕΙΑΚΗΣ ΑΝΑΠΤΥΞΗΣ,MET,80Μ081,ΑΡΧΕΣ ΚΑΤΑΣΚΕΥΩΝ ΚΑΙ ΤΕΧΝΙΚΑ ΖΗΤΗΜΑΤΑ ΤΟΥ ΚΑΤΑΣΚΕΥΑΣΤΙΚΟΥ ΚΛΑΔΟΥ - PROJECT MANAGEMENT,1,2,ΥΠ,ΤΑΣΟΠΟΥΛΟΣ ΑΝΑΣΤΑΣΙΟΣ,002
291,ΜΕΤ,3,9,ΕΦΗΡΜΟΣΜΕΝΩΝ ΟΙΚΟΝΟΜΙΚΩΝ KAI ΠΕΡΙΦΕΡΕΙΑΚΗΣ ΑΝΑΠΤΥΞΗΣ,MET,80Μ082,ΔΙΟΙΚΗΣΗ ΚΑΙ ΑΞΙΟΛΟΓΗΣΗ ΠΕΡΙΦΕΡΕΙΑΚΩΝ ΠΡΟΓΡΑΜΜΑΤΩΝ ΚΑΙ ΕΡΓΩΝ,2,2,ΥΠ,ΑΥΔΙΚΟΣ ΒΑΣΙΛΕΙΟΣ,002
292,ΜΕΤ,3,9,ΕΦΗΡΜΟΣΜΕΝΩΝ ΟΙΚΟΝΟΜΙΚΩΝ KAI ΠΕΡΙΦΕΡΕΙΑΚΗΣ ΑΝΑΠΤΥΞΗΣ,MET,80Μ082,ΔΙΟΙΚΗΣΗ ΚΑΙ ΑΞΙΟΛΟΓΗΣΗ ΠΕΡΙΦΕΡΕΙΑΚΩΝ ΠΡΟΓΡΑΜΜΑΤΩΝ ΚΑΙ ΕΡΓΩΝ,2,2,ΥΠ,ΠΛΑΣΚΟΒΙΤΗΣ ΗΛΙΑΣ,002
293,ΜΕΤ,3,9,ΕΦΗΡΜΟΣΜΕΝΩΝ ΟΙΚΟΝΟΜΙΚΩΝ KAI ΠΕΡΙΦΕΡΕΙΑΚΗΣ ΑΝΑΠΤΥΞΗΣ,MET,80Μ083,ΓΕΩΓΡΑΦΙΚΑ ΣΥΣΤΗΜΑΤΑ ΠΛΗΡΟΦΟΡΙΩΝ,2,2,ΥΠ,ΤΑΣΟΠΟΥΛΟΣ ΑΝΑΣΤΑΣΙΟΣ,002
294,ΜΕΤ,3,9,ΕΦΗΡΜΟΣΜΕΝΩΝ ΟΙΚΟΝΟΜΙΚΩΝ KAI ΠΕΡΙΦΕΡΕΙΑΚΗΣ ΑΝΑΠΤΥΞΗΣ,MET,80Μ084,ΟΡΓΑΝΩΣΗ ΚΑΙ ΟΙΚΟΝΟΜΙΚΑ ΤΗΣ ΑΥΤΟΔΙΟΙΚΗΣΗΣ,2,2,ΥΠ,ΨΥΧΑΡΗΣ ΙΩΑΝΝΗΣ,002
295,ΜΕΤ,3,9,ΕΦΗΡΜΟΣΜΕΝΩΝ ΟΙΚΟΝΟΜΙΚΩΝ KAI ΠΕΡΙΦΕΡΕΙΑΚΗΣ ΑΝΑΠΤΥΞΗΣ,MET,80Μ084,ΟΡΓΑΝΩΣΗ ΚΑΙ ΟΙΚΟΝΟΜΙΚΑ ΤΗΣ ΑΥΤΟΔΙΟΙΚΗΣΗΣ,2,2,ΥΠ,ΔΕΛΗΘΕΟΥ ΒΑΣΙΛΙΚΗ,002
296,ΜΕΤ,3,9,ΕΦΗΡΜΟΣΜΕΝΩΝ ΟΙΚΟΝΟΜΙΚΩΝ KAI ΠΕΡΙΦΕΡΕΙΑΚΗΣ ΑΝΑΠΤΥΞΗΣ,MET,80Μ085,ΕΙΔΙΚΑ ΘΕΜΑΤΑ ΠΕΡΙΦΕΡΕΙΑΚΗΣ ΠΟΛΙΤΙΚΗΣ,2,2,ΥΠ,ΛΑΔΙΑΣ ΧΡΙΣΤΟΣ,002
297,ΜΕΤ,3,9,ΕΦΗΡΜΟΣΜΕΝΩΝ ΟΙΚΟΝΟΜΙΚΩΝ KAI ΠΕΡΙΦΕΡΕΙΑΚΗΣ ΑΝΑΠΤΥΞΗΣ,MET,80Μ085,ΕΙΔΙΚΑ ΘΕΜΑΤΑ ΠΕΡΙΦΕΡΕΙΑΚΗΣ ΠΟΛΙΤΙΚΗΣ,2,2,ΥΠ,ΑΥΔΙΚΟΣ ΒΑΣΙΛΕΙΟΣ,002
298,ΜΕΤ,3,9,ΕΦΗΡΜΟΣΜΕΝΩΝ ΟΙΚΟΝΟΜΙΚΩΝ KAI ΠΕΡΙΦΕΡΕΙΑΚΗΣ ΑΝΑΠΤΥΞΗΣ,MET,80Μ085,ΕΙΔΙΚΑ ΘΕΜΑΤΑ ΠΕΡΙΦΕΡΕΙΑΚΗΣ ΠΟΛΙΤΙΚΗΣ,2,2,ΥΠ,ΚΑΡΑΓΙΑΝΝΗΣ ΣΤΕΦΑΝΟΣ,002
299,ΜΕΤ,3,9,ΕΦΗΡΜΟΣΜΕΝΩΝ ΟΙΚΟΝΟΜΙΚΩΝ KAI ΠΕΡΙΦΕΡΕΙΑΚΗΣ ΑΝΑΠΤΥΞΗΣ,MET,80Μ085,ΕΙΔΙΚΑ ΘΕΜΑΤΑ ΠΕΡΙΦΕΡΕΙΑΚΗΣ ΠΟΛΙΤΙΚΗΣ,2,2,ΥΠ,ΠΑΠΑΔΑΣΚΑΛΟΠΟΥΛΟΣ ΑΘΑΝΑΣΙΟΣ,002
300,ΜΕΤ,3,9,ΕΦΗΡΜΟΣΜΕΝΩΝ ΟΙΚΟΝΟΜΙΚΩΝ KAI ΠΕΡΙΦΕΡΕΙΑΚΗΣ ΑΝΑΠΤΥΞΗΣ,MET,80Μ086,ΑΡΧΕΣ ΕΚΤΙΜΗΤΙΚΗΣ,2,2,ΥΠ,ΚΑΡΑΓΑΝΗΣ ΑΝΑΣΤΑΣΙΟΣ,002
301,ΜΕΤ,3,9,ΕΦΗΡΜΟΣΜΕΝΩΝ ΟΙΚΟΝΟΜΙΚΩΝ KAI ΠΕΡΙΦΕΡΕΙΑΚΗΣ ΑΝΑΠΤΥΞΗΣ,MET,80Μ087,ΔΙΟΙΚΗΣΗ ΑΚΙΝΗΤΗΣ ΠΕΡΙΟΥΣΙΑΣ,2,2,ΥΠ,ΡΟΒΟΛΗΣ ΑΝΤΩΝΙΟΣ,002
302,ΜΕΤ,3,9,ΕΦΗΡΜΟΣΜΕΝΩΝ ΟΙΚΟΝΟΜΙΚΩΝ KAI ΠΕΡΙΦΕΡΕΙΑΚΗΣ ΑΝΑΠΤΥΞΗΣ,MET,80Μ088,ΧΡΗΜΑΤΟΟΙΚΟΝΟΜΙΚΗ ΑΝΑΛΥΣΗ ΚΑΙ ΦΟΡΟΛΟΓΙΑ,2,2,ΥΠ,ΛΙΑΠΗΣ ΚΩΝ/ΝΟΣ,002
303,ΜΕΤ,3,9,ΕΦΗΡΜΟΣΜΕΝΩΝ ΟΙΚΟΝΟΜΙΚΩΝ KAI ΠΕΡΙΦΕΡΕΙΑΚΗΣ ΑΝΑΠΤΥΞΗΣ,MET,80Μ088,ΧΡΗΜΑΤΟΟΙΚΟΝΟΜΙΚΗ ΑΝΑΛΥΣΗ ΚΑΙ ΦΟΡΟΛΟΓΙΑ,2,2,ΥΠ,ΑΠΟΣΤΟΛΟΥ ΑΠΟΣΤΟΛΟΣ ΨΥΧΟΛ,002
304,ΜΕΤ,3,9,ΕΦΗΡΜΟΣΜΕΝΩΝ ΟΙΚΟΝΟΜΙΚΩΝ KAI ΠΕΡΙΦΕΡΕΙΑΚΗΣ ΑΝΑΠΤΥΞΗΣ,MET,80Μ089,ΑΓΟΡΕΣ ΚΕΦΑΛΑΙΟΥ ΚΑΙ ΑΚΙΝΗΤΩΝ,2,2,ΥΠ,ΛΙΑΠΗΣ ΚΩΝ/ΝΟΣ,002
305,ΜΕΤ,3,9,ΕΦΗΡΜΟΣΜΕΝΩΝ ΟΙΚΟΝΟΜΙΚΩΝ KAI ΠΕΡΙΦΕΡΕΙΑΚΗΣ ΑΝΑΠΤΥΞΗΣ,MET,80Μ089,ΑΓΟΡΕΣ ΚΕΦΑΛΑΙΟΥ ΚΑΙ ΑΚΙΝΗΤΩΝ,2,2,ΥΠ,ΒΑΣΙΛΟΠΟΥΛΟΣ Σ.,002
306,ΜΕΤ,3,9,ΕΦΗΡΜΟΣΜΕΝΩΝ ΟΙΚΟΝΟΜΙΚΩΝ KAI ΠΕΡΙΦΕΡΕΙΑΚΗΣ ΑΝΑΠΤΥΞΗΣ,MET,80Μ089,ΑΓΟΡΕΣ ΚΕΦΑΛΑΙΟΥ ΚΑΙ ΑΚΙΝΗΤΩΝ,2,2,ΥΠ,ΔΟΥΒΛΗΣ ΒΑΣΙΛΕΙΟΣ,002
307,ΜΕΤ,3,9,ΕΦΗΡΜΟΣΜΕΝΩΝ ΟΙΚΟΝΟΜΙΚΩΝ KAI ΠΕΡΙΦΕΡΕΙΑΚΗΣ ΑΝΑΠΤΥΞΗΣ,MET,80Μ089,ΑΓΟΡΕΣ ΚΕΦΑΛΑΙΟΥ ΚΑΙ ΑΚΙΝΗΤΩΝ,2,2,ΥΠ,ΡΟΥΣΣΗΣ ΔΗΜΗΤΡΙΟΣ,002
308,ΜΕΤ,1,1,ΠΟΛΙΤΙΚΗ ΕΠΙΣΤΗΜΗ ΚΑΙ ΙΣΤΟΡΙΑ,MET,11Μ013,"ΙΣΤΟΡΙΑ, ΙΣΤΟΡΙΟΓΡΑΦΙΑ ΚΑΙ ΕΝΝΟΙΟΛΟΓΗΣΗ: ΠΑΡΑΔΟΣΗ ΚΑΙ ΝΕΟΤΕΡΙΚΟΤΗΤΑ ΣΤΟΝ ΕΛΛΗΝΙΚΟ ΙΘ΄ ΑΙΩΝΑ Ι",1,3,ΕΕ,ΘΕΟΤΟΚΑΣ ΝΙΚΟΛΑΟΣ,002
309,ΜΕΤ,1,1,ΠΟΛΙΤΙΚΗ ΕΠΙΣΤΗΜΗ ΚΑΙ ΙΣΤΟΡΙΑ,MET,11Μ013,"ΙΣΤΟΡΙΑ, ΙΣΤΟΡΙΟΓΡΑΦΙΑ ΚΑΙ ΕΝΝΟΙΟΛΟΓΗΣΗ: ΠΑΡΑΔΟΣΗ ΚΑΙ ΝΕΟΤΕΡΙΚΟΤΗΤΑ ΣΤΟΝ ΕΛΛΗΝΙΚΟ ΙΘ΄ ΑΙΩΝΑ Ι",1,3,ΕΕ,ΚΟΤΑΡΙΔΗΣ ΝΙΚΟΛΑΟΣ,002
310,ΜΕΤ,1,1,ΠΟΛΙΤΙΚΗ ΕΠΙΣΤΗΜΗ ΚΑΙ ΙΣΤΟΡΙΑ,MET,11Μ019,ΙΣΤΟΡΙΚΗ ΚΑΙ ΔΙΑΛΕΚΤΙΚΗ ΣΥΓΚΡΟΤΗΣΗ ΤΩΝ ΕΝΝΟΙΩΝ,1,3,ΕΕ,ΦΑΡΑΚΛΑΣ-ΜΑΤΟΡΙΚΟΣ ΓΕΩΡΓΙΟΣ,002
311,ΜΕΤ,1,1,ΠΟΛΙΤΙΚΗ ΕΠΙΣΤΗΜΗ ΚΑΙ ΙΣΤΟΡΙΑ,MET,11Μ025,"ΣΥΓΚΡΟΥΣΙΑΚΗ ΠΟΛΙΤΙΚΗ, ΣΥΛΛΟΓΙΚΗ ΔΡΑΣΗ, ΚΟΙΝΩΝΙΚΑ ΚΙΝΗΜΑΤΑ",1,3,ΕΕ,ΣΕΦΕΡΙΑΔΗΣ ΣΕΡΑΦΕΙΜ,002
312,ΜΕΤ,1,1,ΠΟΛΙΤΙΚΗ ΕΠΙΣΤΗΜΗ ΚΑΙ ΙΣΤΟΡΙΑ,MET,11Μ043,ΠΡΟΒΛΗΜΑΤΑ ΙΣΤΟΡΙΚΗΣ ΚΟΙΝΩΝΙΟΛΟΓΙΑΣ,1,3,ΕΕ,ΑΝΔΡΙΑΚΑΙΝΑ ΕΛΕΝΗ,002
313,ΜΕΤ,1,1,ΠΟΛΙΤΙΚΗ ΕΠΙΣΤΗΜΗ ΚΑΙ ΙΣΤΟΡΙΑ,MET,11Μ089,ΤΟ ΕΛΛΗΝΙΚΟ ΕΘΝΙΚΟ ΖΗΤΗΜΑ ΚΑΙ Η ΕΥΡΩΠΗ: 1830-1912,1,3,ΕΕ,ΛΟΥΒΗ ΕΥΑΓΓΕΛΙΑ,002
314,ΜΕΤ,1,1,ΠΟΛΙΤΙΚΗ ΕΠΙΣΤΗΜΗ ΚΑΙ ΙΣΤΟΡΙΑ,MET,11Μ208,ΚΟΙΝΩΝΙΚΟ ΚΡΑΤΟΣ ΚΑΙ ΚΑΠΙΤΑΛΙΣΜΟΣ: ΘΕΣΜΙΚΟΙ ΜΕΤΑΣΧΗΜΑΤΙΣΜΟΙ ΑΠΟ ΤΟ ΤΕΛΟΣ ΤΗΣ ΚΕΫΝΣΙΑΝΗΣ ΣΥΝΑΙΝΕΣΗΣ ΣΤΗ ΣΗΜΕΡΙΝΗ ΚΡΙΣΗ,1,3,ΕΕ,ΑΓΓΕΛΙΔΗΣ ΕΜΜΑΝΟΥΗΛ,002
315,ΜΕΤ,1,1,ΠΟΛΙΤΙΚΗ ΕΠΙΣΤΗΜΗ ΚΑΙ ΙΣΤΟΡΙΑ,MET,11Μ214,ΘΕΩΡΙΕΣ ΤΟΥ ΦΥΣΙΚΟΥ ΔΙΚΑΙΟΥ,1,3,ΕΕ,ΦΑΡΑΚΛΑΣ-ΜΑΤΟΡΙΚΟΣ ΓΕΩΡΓΙΟΣ,002
316,ΜΕΤ,1,1,ΠΟΛΙΤΙΚΗ ΕΠΙΣΤΗΜΗ ΚΑΙ ΙΣΤΟΡΙΑ,MET,11Μ216,ΑΠΟ ΤΟ ΓΕΝΟΣ ΣΤΟ ΕΘΝΟΣ: ΑΠΟ ΤΟ ΟΘΩΜΑΝΙΚΟ RUM-MILLET ΣΤΟ ΕΘΝΟΣ-ΚΡΑΤΟΣ ΤΩΝ ΕΛΛΗΝΩΝ,1,3,ΕΕ,ΠΑΠΑΓΕΩΡΓΙΟΥ ΣΤΕΦΑΝΟΣ,002
317,ΜΕΤ,1,1,ΠΟΛΙΤΙΚΗ ΕΠΙΣΤΗΜΗ ΚΑΙ ΙΣΤΟΡΙΑ,MET,11Μ232,ΣΥΓΚΡΙΤΙΚΗ ΠΟΛΙΤΙΚΗ ΑΝΑΛΥΣΗ,1,3,ΕΕ,ΙΟΡΔΑΝΟΓΛΟΥ ΧΡΥΣΑΦΗΣ,002
318,ΜΕΤ,1,1,ΠΟΛΙΤΙΚΗ ΕΠΙΣΤΗΜΗ ΚΑΙ ΙΣΤΟΡΙΑ,MET,11Μ247,"ΠΩΣ ΑΝΑΛΥΣΑΜΕ ΤΗΝ ΕΛΛΑΔΑ. ΙΣΤΟΡΙΚΗ, ΠΟΛΙΤΙΚΗ ΚΟΙΝΩΝΙΟΛΟΓΙΑ ΚΑΙ ΕΡΜΗΝΕΙΕΣ ΤΗΣ ""ΕΛΛΗΝΙΚΗΣ ΠΕΡΙΠΤΩΣΗΣ""",1,3,ΕΕ,ΒΟΥΛΓΑΡΗΣ ΙΩΑΝ.,002
319,ΜΕΤ,1,1,ΠΟΛΙΤΙΚΗ ΕΠΙΣΤΗΜΗ ΚΑΙ ΙΣΤΟΡΙΑ,MET,11Μ248,"ΔΕΞΙΟΣ ΛΑΪΚΙΣΜΟΣ ΚΑΙ ΕΞΤΡΕΜΙΣΜΟΣ ΣΤΗΝ ΕΛΛΑΔΑ: Η ΚΛΗΡΟΝΟΜΙΑ ΤΗΣ ΔΕΚΑΕΤΙΑΣ ΤΟΥ '60, ΜΕΤΑΠΟΛΙΤΕΥΣΗ, ΟΙΚΟΝΟΜΙΚΗ ΚΡΙΣΗ",1,3,ΕΕ,ΓΕΩΡΓΙΑΔΟΥ ΒΑΣΙΛΙΚΗ,002
320,ΜΕΤ,1,1,ΠΟΛΙΤΙΚΗ ΕΠΙΣΤΗΜΗ ΚΑΙ ΙΣΤΟΡΙΑ,MET,11Μ249,"ΠΟΛΙΤΙΚΗ ΚΑΙ ΤΕΧΝΟΛΟΓΙΑ: ΔΙΑΣΤΑΣΕΙΣ, ΑΝΤΙΦΑΣΕΙΣ, ΠΡΟΟΠΤΙΚΕΣ",1,3,ΕΕ,ΓΕΩΡΓΙΑΔΟΥ ΒΑΣΙΛΙΚΗ,002
321,ΜΕΤ,1,1,ΠΟΛΙΤΙΚΗ ΕΠΙΣΤΗΜΗ ΚΑΙ ΙΣΤΟΡΙΑ,MET,11Μ250,ΓΝΩΣΙΟΛΟΓΙΑ ΤΗΣ ΔΗΜΟΚΡΑΤΙΑΣ ΚΑΙ ΝΕΟΤΕΡΙΚΟΤΗΤΑ,1,3,ΕΕ,ΚΟΝΤΟΓΙΩΡΓΗΣ ΓΕΩΡΓΙΟ31/08/14,002
322,ΜΕΤ,1,1,ΠΟΛΙΤΙΚΗ ΕΠΙΣΤΗΜΗ ΚΑΙ ΙΣΤΟΡΙΑ,MET,11Μ252,ΝΙΚΟΛΟ ΜΑΚΙΑΒΕΛΙ: Η ΕΝΝΟΙΑ ΤΗΣ ΕΛΕΥΘΕΡΙΑΣ ΣΤΑ ΘΕΜΕΛΙΑ ΤΗΣ ΝΕΩΤΕΡΙΚΟΤΗΤΑΣ,1,3,ΕΕ,ΑΓΓΕΛΙΔΗΣ ΕΜΜΑΝΟΥΗΛ,002
323,ΜΕΤ,1,1,ΠΟΛΙΤΙΚΗ ΕΠΙΣΤΗΜΗ ΚΑΙ ΙΣΤΟΡΙΑ,MET,11Μ256,GLOBAL TRANSFORMATIONS AND THE BALKANS (18TH - 21ST CENTURIES),1,3,ΕΕ,ΛΥΜΠΕΡΑΤΟΣ ΑΝΔΡΕΑΣ,002
324,ΜΕΤ,1,1,ΠΟΛΙΤΙΚΗ ΕΠΙΣΤΗΜΗ ΚΑΙ ΙΣΤΟΡΙΑ,MET,11Μ256,GLOBAL TRANSFORMATIONS AND THE BALKANS (18th-21st CENTURIES): HISTORICAL AND ANTHROPOLOGICAL PERSPECTIVES,1,3,ΕΕ,ΛΥΜΠΕΡΑΤΟΣ ΑΝΔΡΕΑΣ,002
325,ΜΕΤ,1,1,ΠΟΛΙΤΙΚΗ ΕΠΙΣΤΗΜΗ ΚΑΙ ΙΣΤΟΡΙΑ,MET,11Μ261,ΑΠΟΙΚΙΟΚΡΑΤΙΑ ΚΑΙ ΕΥΡΩΚΕΝΤΡΙΚΕΣ ΣΤΕΡΕΟΤΥΠΙΚΕΣ ΚΑΤΑΣΚΕΥΕΣ. ΤΟ ΠΑΡΑΔΕΙΓΜΑ ΤΗΣ ΕΛΛΑΔΑΣ ΣΤΗ ΜΙΚΡΑ ΑΣΙΑ ΚΑΙ ΤΩΝ ΑΠΟΙΚΙΑΚΩΝ ΔΥΝΑΜΕΩΝ ΣΕ ΑΦΡΙΚΗ ΚΑΙ ΑΣΙΑ,1,3,ΕΕ,ΠΑΠΑΓΕΩΡΓΙΟΥ ΣΤΕΦΑΝΟΣ,002
326,ΜΕΤ,1,1,ΠΟΛΙΤΙΚΗ ΕΠΙΣΤΗΜΗ ΚΑΙ ΙΣΤΟΡΙΑ,MET,11Μ266,ΣΥΝΤΗΡΗΤΙΣΜΟΣ-ΦΙΛΕΛΕΥΘΕΡΙΣΜΟΣ-ΣΟΣΙΑΛΙΣΜΟΣ: ΘΕΩΡΗΣΕΙΣ ΤΗΣ ΓΑΛΛΙΚΗΣ ΕΠΑΝΑΣΤΑΣΗΣ ΤΟΝ 19ο ΑΙΩΝΑ (ΑΓΓΛΙΑ-ΓΑΛΛΙΑ),1,3,ΕΕ,ΑΓΓΕΛΙΔΗΣ ΕΜΜΑΝΟΥΗΛ,002
327,ΜΕΤ,1,1,ΠΟΛΙΤΙΚΗ ΕΠΙΣΤΗΜΗ ΚΑΙ ΙΣΤΟΡΙΑ,MET,11Μ267,ΣΕΜΙΝΑΡΙΟ ΓΑΛΛΙΚΗΣ ΣΧΟΛΗΣ ΑΘΗΝΩΝ: ΑΡΧΑΙΟΙ ΚΑΙ ΝΕΟΤΕΡΟΙ ΑΠΌ ΤΗΝ ΔΙΑΜΑΧΗ ΜΕΧΡΙ ΤΟ 1789,1,3,ΕΕ,ΑΥΛΑΜΗ ΧΡΥΣΑΝΘΗ,002
328,ΜΕΤ,1,1,ΠΟΛΙΤΙΚΗ ΕΠΙΣΤΗΜΗ ΚΑΙ ΙΣΤΟΡΙΑ,MET,11Μ268,Η ΜΕΤΕΜΦΥΛΙΑΚΗ ΕΛΛΑΔΑ (1950-1967). ΠΟΛΙΤΙΚΕΣ ΚΑΙ ΚΟΙΝΩΝΙΚΕΣ ΕΞΕΛΙΞΕΙΣ.,1,3,ΕΕ,ΚΑΡΑΜΑΝΩΛΑΚΗΣ ΕΥΑΓΓΕΛΟΣ,002
329,ΜΕΤ,1,2,"ΔΙΕΘΝΩΝ, ΕΥΡΩΠΑΪΚΩΝ ΚΑΙ ΠΕΡΙΦΕΡΕΙΑΚΩΝ ΣΠΟΥΔΩΝ",MET,12Μ017,ΠΟΛΙΤΙΚΕΣ ΟΨΕΙΣ ΤΩΝ ΔΙΕΘΝΩΝ ΘΕΣΜΩΝ,1,3,ΥΠ,ΖΙΩΓΑΣ ΧΡ.,002
330,ΜΕΤ,1,2,"ΔΙΕΘΝΩΝ, ΕΥΡΩΠΑΪΚΩΝ ΚΑΙ ΠΕΡΙΦΕΡΕΙΑΚΩΝ ΣΠΟΥΔΩΝ",MET,12Μ017,ΠΟΛΙΤΙΚΕΣ ΟΨΕΙΣ ΤΩΝ ΔΙΕΘΝΩΝ ΘΕΣΜΩΝ,1,3,ΥΠ,ΥΦΑΝΤΗΣ ΚΩΝΣΤΑΝΤΙΝΟΣ,002
331,ΜΕΤ,1,2,"ΔΙΕΘΝΩΝ, ΕΥΡΩΠΑΪΚΩΝ ΚΑΙ ΠΕΡΙΦΕΡΕΙΑΚΩΝ ΣΠΟΥΔΩΝ",MET,12Μ020,ΣΤΡΑΤΗΓΙΚΗ ΑΝΑΛΥΣΗ,1,3,ΥΠ,ΠΑΠΑΣΩΤΗΡΙΟΥ ΧΑΡΑΛΑΜΠΟΣ,002
332,ΜΕΤ,1,2,"ΔΙΕΘΝΩΝ, ΕΥΡΩΠΑΪΚΩΝ ΚΑΙ ΠΕΡΙΦΕΡΕΙΑΚΩΝ ΣΠΟΥΔΩΝ",MET,12Μ030,ΕΙΔΙΚΑ ΘΕΜΑΤΑ ΔΙΕΘΝΟΥΣ ΔΙΚΑΙΟΥ: ΧΡΗΣΗ ΒΙΑΣ,1,3,ΥΠ,ΜΑΡΟΥΔΑ ΜΑΡΙΑ,002
333,ΜΕΤ,1,2,"ΔΙΕΘΝΩΝ, ΕΥΡΩΠΑΪΚΩΝ ΚΑΙ ΠΕΡΙΦΕΡΕΙΑΚΩΝ ΣΠΟΥΔΩΝ",MET,12Μ036,Η ΔΥΝΑΜΙΚΗ ΤΗΣ ΕΥΡΩΠΑΪΚΗΣ ΟΛΟΚΛΗΡΩΣΗΣ,1,3,ΥΠ,ΠΑΣΣΑΣ ΑΝΑΡΓΥΡΟΣ,002
334,ΜΕΤ,1,2,"ΔΙΕΘΝΩΝ, ΕΥΡΩΠΑΪΚΩΝ ΚΑΙ ΠΕΡΙΦΕΡΕΙΑΚΩΝ ΣΠΟΥΔΩΝ",MET,12Μ036,Η ΔΥΝΑΜΙΚΗ ΤΗΣ ΕΥΡΩΠΑΪΚΗΣ ΟΛΟΚΛΗΡΩΣΗΣ,1,3,ΥΠ,ΚΑΝΕΛΛΟΠΟΥΛΟΥ ΝΕΔΑ-ΜΑΡΙΑ,002
335,ΜΕΤ,1,2,"ΔΙΕΘΝΩΝ, ΕΥΡΩΠΑΪΚΩΝ ΚΑΙ ΠΕΡΙΦΕΡΕΙΑΚΩΝ ΣΠΟΥΔΩΝ",MET,12Μ038,ΕΙΔΙΚΑ ΘΕΜΑΤΑ ΔΙΕΘΝΩΝ ΟΡΓΑΝΙΣΜΩΝ,1,3,ΥΠ,ΣΥΡΙΓΟΣ ΕΥΑΓΓΕΛΟΣ,002
336,ΜΕΤ,1,2,"ΔΙΕΘΝΩΝ, ΕΥΡΩΠΑΪΚΩΝ ΚΑΙ ΠΕΡΙΦΕΡΕΙΑΚΩΝ ΣΠΟΥΔΩΝ",MET,12Μ038,ΕΙΔΙΚΑ ΘΕΜΑΤΑ ΔΙΕΘΝΩΝ ΟΡΓΑΝΙΣΜΩΝ,1,3,ΥΠ,ΠΕΡΡΑΚΗΣ31/08/15 ΣΤΥΛΙΑΝΟΣ,002
337,ΜΕΤ,1,2,"ΔΙΕΘΝΩΝ, ΕΥΡΩΠΑΪΚΩΝ ΚΑΙ ΠΕΡΙΦΕΡΕΙΑΚΩΝ ΣΠΟΥΔΩΝ",MET,12Μ041,ΔΗΜΟΣΙΑ ΔΙΠΛΩΜΑΤΙΑ,2,3,ΕΥ,ΣΥΡΙΓΟΣ ΕΥΑΓΓΕΛΟΣ,002
338,ΜΕΤ,1,2,"ΔΙΕΘΝΩΝ, ΕΥΡΩΠΑΪΚΩΝ ΚΑΙ ΠΕΡΙΦΕΡΕΙΑΚΩΝ ΣΠΟΥΔΩΝ",MET,12Μ066,ΣΥΓΚΡΙΤΙΚΗ ΠΟΛΙΤΙΚΗ ΑΝΑΛΥΣΗ,1,3,ΥΠ,ΛΑΒΔΑΣ ΚΩΝΣΤΑΝΤΙΝΟΣ,002
339,ΜΕΤ,1,2,"ΔΙΕΘΝΩΝ, ΕΥΡΩΠΑΪΚΩΝ ΚΑΙ ΠΕΡΙΦΕΡΕΙΑΚΩΝ ΣΠΟΥΔΩΝ",MET,12Μ066,ΣΥΓΚΡΙΤΙΚΗ ΠΟΛΙΤΙΚΗ ΑΝΑΛΥΣΗ,1,3,ΥΠ,ΔΙΑΜΑΝΤΟΠΟΥΛΟΣ ΑΘΑΝΑΣΙΟΣ,002
340,ΜΕΤ,1,2,"ΔΙΕΘΝΩΝ, ΕΥΡΩΠΑΪΚΩΝ ΚΑΙ ΠΕΡΙΦΕΡΕΙΑΚΩΝ ΣΠΟΥΔΩΝ",MET,12Μ068,ΔΙΕΘΝΗΣ ΔΙΚΑΙΟΣΥΝΗ,1,3,ΥΠ,ΜΑΡΟΥΔΑ ΜΑΡΙΑ,002
341,ΜΕΤ,1,2,"ΔΙΕΘΝΩΝ, ΕΥΡΩΠΑΪΚΩΝ ΚΑΙ ΠΕΡΙΦΕΡΕΙΑΚΩΝ ΣΠΟΥΔΩΝ",MET,12Μ068,ΔΙΕΘΝΗΣ ΔΙΚΑΙΟΣΥΝΗ,1,3,ΥΠ,ΠΕΡΡΑΚΗΣ31/08/15 ΣΤΥΛΙΑΝΟΣ,002
342,ΜΕΤ,1,2,"ΔΙΕΘΝΩΝ, ΕΥΡΩΠΑΪΚΩΝ ΚΑΙ ΠΕΡΙΦΕΡΕΙΑΚΩΝ ΣΠΟΥΔΩΝ",MET,12Μ071,ΑΜΕΡΙΚΑΝΙΚΟ ΠΟΛΙΤΙΚΟ ΣΥΣΤΗΜΑ ΚΑΙ ΕΞΩΤΕΡΙΚΗ ΠΟΛΙΤΙΚΗ,2,3,ΥΠ,ΠΑΠΑΣΩΤΗΡΙΟΥ ΧΑΡΑΛΑΜΠΟΣ,002
343,ΜΕΤ,1,2,"ΔΙΕΘΝΩΝ, ΕΥΡΩΠΑΪΚΩΝ ΚΑΙ ΠΕΡΙΦΕΡΕΙΑΚΩΝ ΣΠΟΥΔΩΝ",MET,12Μ071,ΑΜΕΡΙΚΑΝΙΚΟ ΠΟΛΙΤΙΚΟ ΣΥΣΤΗΜΑ ΚΑΙ ΕΞΩΤΕΡΙΚΗ ΠΟΛΙΤΙΚΗ,2,3,ΥΠ,ΑΡΒΑΝΙΤΟΠΟΥΛΟΣ ΚΩΝΣΤΑΝΤΙΝΟΣ,002
344,ΜΕΤ,1,2,"ΔΙΕΘΝΩΝ, ΕΥΡΩΠΑΪΚΩΝ ΚΑΙ ΠΕΡΙΦΕΡΕΙΑΚΩΝ ΣΠΟΥΔΩΝ",MET,12Μ086,ΕΛΛΗΝΙΚΗ ΕΞΩΤΕΡΙΚΗ ΠΟΛΙΤΙΚΗ Ι (ΕΙΔΙΚΑ ΘΕΜΑΤΑ),1,3,ΥΠ,ΤΣΑΛΤΑΣ ΓΡΗΓΟΡΗΣ,002
345,ΜΕΤ,1,2,"ΔΙΕΘΝΩΝ, ΕΥΡΩΠΑΪΚΩΝ ΚΑΙ ΠΕΡΙΦΕΡΕΙΑΚΩΝ ΣΠΟΥΔΩΝ",MET,12Μ086,ΕΛΛΗΝΙΚΗ ΕΞΩΤΕΡΙΚΗ ΠΟΛΙΤΙΚΗ Ι (ΕΙΔΙΚΑ ΘΕΜΑΤΑ),1,3,ΥΠ,ΣΥΡΙΓΟΣ ΕΥΑΓΓΕΛΟΣ,002
346,ΜΕΤ,1,2,"ΔΙΕΘΝΩΝ, ΕΥΡΩΠΑΪΚΩΝ ΚΑΙ ΠΕΡΙΦΕΡΕΙΑΚΩΝ ΣΠΟΥΔΩΝ",MET,12Μ086,ΕΛΛΗΝΙΚΗ ΕΞΩΤΕΡΙΚΗ ΠΟΛΙΤΙΚΗ Ι (ΕΙΔΙΚΑ ΘΕΜΑΤΑ),1,3,ΥΠ,ΠΕΡΡΑΚΗΣ31/08/15 ΣΤΥΛΙΑΝΟΣ,002
347,ΜΕΤ,1,2,"ΔΙΕΘΝΩΝ, ΕΥΡΩΠΑΪΚΩΝ ΚΑΙ ΠΕΡΙΦΕΡΕΙΑΚΩΝ ΣΠΟΥΔΩΝ",MET,12Μ089,"ΕΥΡΩΠΑΙΚΟΣ ΧΩΡΟΣ ΕΛΕΥΘΕΡΙΑΣ, ΑΣΦΑΛΕΙΑΣ ΚΑΙ ΔΙΚΑΙΟΣΥΝΗΣ",1,3,ΥΠ,ΤΣΟΛΚΑ ΟΛΓΑ,002
348,ΜΕΤ,1,2,"ΔΙΕΘΝΩΝ, ΕΥΡΩΠΑΪΚΩΝ ΚΑΙ ΠΕΡΙΦΕΡΕΙΑΚΩΝ ΣΠΟΥΔΩΝ",MET,12Μ089,"ΕΥΡΩΠΑΙΚΟΣ ΧΩΡΟΣ ΕΛΕΥΘΕΡΙΑΣ, ΑΣΦΑΛΕΙΑΣ ΚΑΙ ΔΙΚΑΙΟΣΥΝΗΣ",1,3,ΥΠ,ΤΑΓΑΡΑΣ ΧΑΡΙΣΙΟΣ,002
349,ΜΕΤ,1,2,"ΔΙΕΘΝΩΝ, ΕΥΡΩΠΑΪΚΩΝ ΚΑΙ ΠΕΡΙΦΕΡΕΙΑΚΩΝ ΣΠΟΥΔΩΝ",MET,12Μ089,"ΕΥΡΩΠΑΙΚΟΣ ΧΩΡΟΣ ΕΛΕΥΘΕΡΙΑΣ, ΑΣΦΑΛΕΙΑΣ ΚΑΙ ΔΙΚΑΙΟΣΥΝΗΣ",1,3,ΥΠ,ΠΕΡΡΑΚΗΣ31/08/15 ΣΤΥΛΙΑΝΟΣ,002
350,ΜΕΤ,1,2,"ΔΙΕΘΝΩΝ, ΕΥΡΩΠΑΪΚΩΝ ΚΑΙ ΠΕΡΙΦΕΡΕΙΑΚΩΝ ΣΠΟΥΔΩΝ",MET,12Μ092,ΕΙΔΙΚΑ ΘΕΜΑΤΑ ΔΙΚΑΙΟΥ ΤΗΣ ΕΥΡΩΠΑΪΚΗΣ ΕΝΩΣΗΣ ΚΑΙ ΔΙΚΑΙΟΥ ΕΣΔΑ,2,3,ΕΥ,ΤΣΟΛΚΑ ΟΛΓΑ,002
351,ΜΕΤ,1,2,"ΔΙΕΘΝΩΝ, ΕΥΡΩΠΑΪΚΩΝ ΚΑΙ ΠΕΡΙΦΕΡΕΙΑΚΩΝ ΣΠΟΥΔΩΝ",MET,12Μ092,ΕΙΔΙΚΑ ΘΕΜΑΤΑ ΔΙΚΑΙΟΥ ΤΗΣ ΕΥΡΩΠΑΪΚΗΣ ΕΝΩΣΗΣ ΚΑΙ ΔΙΚΑΙΟΥ ΕΣΔΑ,2,3,ΕΥ,ΜΑΡΟΥΔΑ ΜΑΡΙΑ,002
352,ΜΕΤ,1,2,"ΔΙΕΘΝΩΝ, ΕΥΡΩΠΑΪΚΩΝ ΚΑΙ ΠΕΡΙΦΕΡΕΙΑΚΩΝ ΣΠΟΥΔΩΝ",MET,12Μ092,ΕΙΔΙΚΑ ΘΕΜΑΤΑ ΔΙΚΑΙΟΥ ΤΗΣ ΕΥΡΩΠΑΪΚΗΣ ΕΝΩΣΗΣ ΚΑΙ ΔΙΚΑΙΟΥ ΕΣΔΑ,2,3,ΕΥ,ΤΑΓΑΡΑΣ ΧΑΡΙΣΙΟΣ,002
353,ΜΕΤ,1,2,"ΔΙΕΘΝΩΝ, ΕΥΡΩΠΑΪΚΩΝ ΚΑΙ ΠΕΡΙΦΕΡΕΙΑΚΩΝ ΣΠΟΥΔΩΝ",MET,12Μ092,ΕΙΔΙΚΑ ΘΕΜΑΤΑ ΔΙΚΑΙΟΥ ΤΗΣ ΕΥΡΩΠΑΪΚΗΣ ΕΝΩΣΗΣ ΚΑΙ ΔΙΚΑΙΟΥ ΕΣΔΑ,2,3,ΥΠ,ΤΣΟΛΚΑ ΟΛΓΑ,002
354,ΜΕΤ,1,2,"ΔΙΕΘΝΩΝ, ΕΥΡΩΠΑΪΚΩΝ ΚΑΙ ΠΕΡΙΦΕΡΕΙΑΚΩΝ ΣΠΟΥΔΩΝ",MET,12Μ092,ΕΙΔΙΚΑ ΘΕΜΑΤΑ ΔΙΚΑΙΟΥ ΤΗΣ ΕΥΡΩΠΑΪΚΗΣ ΕΝΩΣΗΣ ΚΑΙ ΔΙΚΑΙΟΥ ΕΣΔΑ,2,3,ΥΠ,ΜΑΡΟΥΔΑ ΜΑΡΙΑ,002
355,ΜΕΤ,1,2,"ΔΙΕΘΝΩΝ, ΕΥΡΩΠΑΪΚΩΝ ΚΑΙ ΠΕΡΙΦΕΡΕΙΑΚΩΝ ΣΠΟΥΔΩΝ",MET,12Μ092,ΕΙΔΙΚΑ ΘΕΜΑΤΑ ΔΙΚΑΙΟΥ ΤΗΣ ΕΥΡΩΠΑΪΚΗΣ ΕΝΩΣΗΣ ΚΑΙ ΔΙΚΑΙΟΥ ΕΣΔΑ,2,3,ΥΠ,ΤΑΓΑΡΑΣ ΧΑΡΙΣΙΟΣ,002
356,ΜΕΤ,1,2,"ΔΙΕΘΝΩΝ, ΕΥΡΩΠΑΪΚΩΝ ΚΑΙ ΠΕΡΙΦΕΡΕΙΑΚΩΝ ΣΠΟΥΔΩΝ",MET,12Μ093,ΔΙΕΘΝΕΣ ΔΙΚΑΙΟ  ΤΗΣ ΑΝΑΠΤΥΞΗΣ,1,3,ΥΠ,ΤΣΑΛΤΑΣ ΓΡΗΓΟΡΗΣ,002
357,ΜΕΤ,1,2,"ΔΙΕΘΝΩΝ, ΕΥΡΩΠΑΪΚΩΝ ΚΑΙ ΠΕΡΙΦΕΡΕΙΑΚΩΝ ΣΠΟΥΔΩΝ",MET,12Μ094,ΠΟΛΙΤΙΚΗ ΟΙΚΟΝΟΜΙΑ ΤΗΣ ΑΝΑΠΤΥΞΗΣ,1,3,ΥΠ,ΡΟΥΜΕΛΙΩΤΗΣ18/04/13 ΠΑΝΑΓΙΩΤΗΣ,002
358,ΜΕΤ,1,2,"ΔΙΕΘΝΩΝ, ΕΥΡΩΠΑΪΚΩΝ ΚΑΙ ΠΕΡΙΦΕΡΕΙΑΚΩΝ ΣΠΟΥΔΩΝ",MET,12Μ095,ΓΕΩΓΡΑΦΙΑ ΤΗΣ ΦΤΩΧΕΙΑΣ ΚΑΙ  ΥΠΑΝΑΠΤΥΞΗΣ,1,3,ΥΠ,ΤΣΑΛΤΑΣ ΓΡΗΓΟΡΗΣ,002
359,ΜΕΤ,1,2,"ΔΙΕΘΝΩΝ, ΕΥΡΩΠΑΪΚΩΝ ΚΑΙ ΠΕΡΙΦΕΡΕΙΑΚΩΝ ΣΠΟΥΔΩΝ",MET,12Μ096,ΕΘΝΙΚΕΣ ΚΑΙ ΕΥΡΩΠΑΪΚΕΣ ΠΟΛΙΤΙΚΕΣ ΑΝΑΠΤΥΞΙΑΚΗΣ ΣΥΝΕΡΓΑΣΙΑΣ,2,3,ΥΠ,ΤΣΑΛΤΑΣ ΓΡΗΓΟΡΗΣ,002
360,ΜΕΤ,1,2,"ΔΙΕΘΝΩΝ, ΕΥΡΩΠΑΪΚΩΝ ΚΑΙ ΠΕΡΙΦΕΡΕΙΑΚΩΝ ΣΠΟΥΔΩΝ",MET,12Μ096,ΕΘΝΙΚΕΣ ΚΑΙ ΕΥΡΩΠΑΪΚΕΣ ΠΟΛΙΤΙΚΕΣ ΑΝΑΠΤΥΞΙΑΚΗΣ ΣΥΝΕΡΓΑΣΙΑΣ,2,3,ΥΠ,ΠΛΑΤΙΑΣ ΧΑΡΑΛΑΜΠΟΣ,002
361,ΜΕΤ,1,2,"ΔΙΕΘΝΩΝ, ΕΥΡΩΠΑΪΚΩΝ ΚΑΙ ΠΕΡΙΦΕΡΕΙΑΚΩΝ ΣΠΟΥΔΩΝ",MET,12Μ096,ΕΘΝΙΚΕΣ ΚΑΙ ΕΥΡΩΠΑΪΚΕΣ ΠΟΛΙΤΙΚΕΣ ΑΝΑΠΤΥΞΙΑΚΗΣ ΣΥΝΕΡΓΑΣΙΑΣ,2,3,ΥΠ,ΚΥΡΙΑΖΟΠΟΥΛΟΣ ΕΥΑΓΓΕΛΟΣ,002
362,ΜΕΤ,1,2,"ΔΙΕΘΝΩΝ, ΕΥΡΩΠΑΪΚΩΝ ΚΑΙ ΠΕΡΙΦΕΡΕΙΑΚΩΝ ΣΠΟΥΔΩΝ",MET,12Μ100,ΔΙΕΘΝΕΣ ΔΙΚΑΙΟ ΠΕΡΙΒΑΛΛΟΝΤΟΣ : ΕΙΔΙΚΑ ΘΕΜΑΤΑ,2,3,ΕΥ,ΚΑΡΑΓΕΩΡΓΟΥ ΒΑΣΙΛΙΚΗ,002
363,ΜΕΤ,1,2,"ΔΙΕΘΝΩΝ, ΕΥΡΩΠΑΪΚΩΝ ΚΑΙ ΠΕΡΙΦΕΡΕΙΑΚΩΝ ΣΠΟΥΔΩΝ",MET,12Μ100,ΔΙΕΘΝΕΣ ΔΙΚΑΙΟ ΠΕΡΙΒΑΛΛΟΝΤΟΣ : ΕΙΔΙΚΑ ΘΕΜΑΤΑ,2,3,ΥΠ,ΚΑΡΑΓΕΩΡΓΟΥ ΒΑΣΙΛΙΚΗ,002
364,ΜΕΤ,1,2,"ΔΙΕΘΝΩΝ, ΕΥΡΩΠΑΪΚΩΝ ΚΑΙ ΠΕΡΙΦΕΡΕΙΑΚΩΝ ΣΠΟΥΔΩΝ",MET,12Μ101,ΕΝΕΡΓΕΙΑΚΗ ΠΟΛΙΤΙΚΗ & ΒΙΩΣΙΜΗ ΑΝΑΠΤΥΞΗ,2,3,ΕΥ,ΤΣΑΛΤΑΣ ΓΡΗΓΟΡΗΣ,002
365,ΜΕΤ,1,2,"ΔΙΕΘΝΩΝ, ΕΥΡΩΠΑΪΚΩΝ ΚΑΙ ΠΕΡΙΦΕΡΕΙΑΚΩΝ ΣΠΟΥΔΩΝ",MET,12Μ101,ΕΝΕΡΓΕΙΑΚΗ ΠΟΛΙΤΙΚΗ & ΒΙΩΣΙΜΗ ΑΝΑΠΤΥΞΗ,2,3,ΕΥ,ΚΑΡΑΓΕΩΡΓΟΥ ΒΑΣΙΛΙΚΗ,002
366,ΜΕΤ,1,2,"ΔΙΕΘΝΩΝ, ΕΥΡΩΠΑΪΚΩΝ ΚΑΙ ΠΕΡΙΦΕΡΕΙΑΚΩΝ ΣΠΟΥΔΩΝ",MET,12Μ101,ΕΝΕΡΓΕΙΑΚΗ ΠΟΛΙΤΙΚΗ & ΒΙΩΣΙΜΗ ΑΝΑΠΤΥΞΗ,2,3,ΕΥ,ΚΥΡΙΑΖΟΠΟΥΛΟΣ ΕΥΑΓΓΕΛΟΣ,002
367,ΜΕΤ,1,2,"ΔΙΕΘΝΩΝ, ΕΥΡΩΠΑΪΚΩΝ ΚΑΙ ΠΕΡΙΦΕΡΕΙΑΚΩΝ ΣΠΟΥΔΩΝ",MET,12Μ101,ΕΝΕΡΓΕΙΑΚΗ ΠΟΛΙΤΙΚΗ & ΒΙΩΣΙΜΗ ΑΝΑΠΤΥΞΗ,2,3,ΥΠ,ΤΣΑΛΤΑΣ ΓΡΗΓΟΡΗΣ,002
368,ΜΕΤ,1,2,"ΔΙΕΘΝΩΝ, ΕΥΡΩΠΑΪΚΩΝ ΚΑΙ ΠΕΡΙΦΕΡΕΙΑΚΩΝ ΣΠΟΥΔΩΝ",MET,12Μ101,ΕΝΕΡΓΕΙΑΚΗ ΠΟΛΙΤΙΚΗ & ΒΙΩΣΙΜΗ ΑΝΑΠΤΥΞΗ,2,3,ΥΠ,ΚΑΡΑΓΕΩΡΓΟΥ ΒΑΣΙΛΙΚΗ,002
369,ΜΕΤ,1,2,"ΔΙΕΘΝΩΝ, ΕΥΡΩΠΑΪΚΩΝ ΚΑΙ ΠΕΡΙΦΕΡΕΙΑΚΩΝ ΣΠΟΥΔΩΝ",MET,12Μ101,ΕΝΕΡΓΕΙΑΚΗ ΠΟΛΙΤΙΚΗ & ΒΙΩΣΙΜΗ ΑΝΑΠΤΥΞΗ,2,3,ΥΠ,ΚΥΡΙΑΖΟΠΟΥΛΟΣ ΕΥΑΓΓΕΛΟΣ,002
370,ΜΕΤ,1,2,"ΔΙΕΘΝΩΝ, ΕΥΡΩΠΑΪΚΩΝ ΚΑΙ ΠΕΡΙΦΕΡΕΙΑΚΩΝ ΣΠΟΥΔΩΝ",MET,12Μ104,ΘΕΩΡΙΑ ΚΑΙ ΜΕΘΟΔΟΛΟΓΙΑ ΔΙΕΘΝΩΝ ΣΧΕΣΕΩΝ,1,3,ΥΠ,ΓΚΟΦΑΣ ΑΝΔΡΕΑΣ,002
371,ΜΕΤ,1,2,"ΔΙΕΘΝΩΝ, ΕΥΡΩΠΑΪΚΩΝ ΚΑΙ ΠΕΡΙΦΕΡΕΙΑΚΩΝ ΣΠΟΥΔΩΝ",MET,12Μ104,ΘΕΩΡΙΑ ΚΑΙ ΜΕΘΟΔΟΛΟΓΙΑ ΔΙΕΘΝΩΝ ΣΧΕΣΕΩΝ,1,3,ΥΠ,ΠΑΠΑΣΩΤΗΡΙΟΥ ΧΑΡΑΛΑΜΠΟΣ,002
372,ΜΕΤ,1,2,"ΔΙΕΘΝΩΝ, ΕΥΡΩΠΑΪΚΩΝ ΚΑΙ ΠΕΡΙΦΕΡΕΙΑΚΩΝ ΣΠΟΥΔΩΝ",MET,12Μ106,ΔΙΕΘΝΗΣ ΚΑΙ ΠΕΡΙΦΕΡΕΙΑΚΗ ΟΙΚΟΝΟΜΙΚΗ ΟΛΟΚΛΗΡΩΣΗ,1,3,ΥΠ,ΤΣΑΓΚΛΑΣ ΟΡΕΣΤΗΣ,002
373,ΜΕΤ,1,2,"ΔΙΕΘΝΩΝ, ΕΥΡΩΠΑΪΚΩΝ ΚΑΙ ΠΕΡΙΦΕΡΕΙΑΚΩΝ ΣΠΟΥΔΩΝ",MET,12Μ106,ΔΙΕΘΝΗΣ ΚΑΙ ΠΕΡΙΦΕΡΕΙΑΚΗ ΟΙΚΟΝΟΜΙΚΗ ΟΛΟΚΛΗΡΩΣΗ,1,3,ΥΠ,ΠΑΠΑΖΟΓΛΟΥ ΧΡΗΣΤΟΣ,002
374,ΜΕΤ,1,2,"ΔΙΕΘΝΩΝ, ΕΥΡΩΠΑΪΚΩΝ ΚΑΙ ΠΕΡΙΦΕΡΕΙΑΚΩΝ ΣΠΟΥΔΩΝ",MET,12Μ107,ΠΑΓΚΟΣΜΙΑ ΟΙΚΟΝΟΜΙΚΗ ΔΙΑΚΥΒΕΡΝΗΣΗ,1,3,ΥΠ,ΣΤΑΣΙΝΟΠΟΥΛΟΣ Γ.,002
375,ΜΕΤ,1,2,"ΔΙΕΘΝΩΝ, ΕΥΡΩΠΑΪΚΩΝ ΚΑΙ ΠΕΡΙΦΕΡΕΙΑΚΩΝ ΣΠΟΥΔΩΝ",MET,12Μ115,ΔΙΕΘΝΕΣ ΠΟΙΝΙΚΟ ΔΙΚΑΙΟ,2,3,ΥΠ,ΤΣΟΛΚΑ ΟΛΓΑ,002
376,ΜΕΤ,1,2,"ΔΙΕΘΝΩΝ, ΕΥΡΩΠΑΪΚΩΝ ΚΑΙ ΠΕΡΙΦΕΡΕΙΑΚΩΝ ΣΠΟΥΔΩΝ",MET,12Μ115,ΔΙΕΘΝΕΣ ΠΟΙΝΙΚΟ ΔΙΚΑΙΟ,2,3,ΥΠ,ΜΑΡΟΥΔΑ ΜΑΡΙΑ,002
377,ΜΕΤ,1,2,"ΔΙΕΘΝΩΝ, ΕΥΡΩΠΑΪΚΩΝ ΚΑΙ ΠΕΡΙΦΕΡΕΙΑΚΩΝ ΣΠΟΥΔΩΝ",MET,12Μ116,ΕΥΡΩΠΑΪΚΟ ΚΟΙΝΟ ΔΙΚΑΙΟ (ius communis) - ΔΗΜΟΣΙΟ ΚΑΙ ΠΟΙΝΙΚΟ,1,3,ΥΠ,ΤΣΟΛΚΑ ΟΛΓΑ,002
378,ΜΕΤ,1,2,"ΔΙΕΘΝΩΝ, ΕΥΡΩΠΑΪΚΩΝ ΚΑΙ ΠΕΡΙΦΕΡΕΙΑΚΩΝ ΣΠΟΥΔΩΝ",MET,12Μ116,ΕΥΡΩΠΑΪΚΟ ΚΟΙΝΟ ΔΙΚΑΙΟ (ius communis) - ΔΗΜΟΣΙΟ ΚΑΙ ΠΟΙΝΙΚΟ,1,3,ΥΠ,ΚΑΝΕΛΛΟΠΟΥΛΟΥ ΝΕΔΑ-ΜΑΡΙΑ,002
379,ΜΕΤ,1,2,"ΔΙΕΘΝΩΝ, ΕΥΡΩΠΑΪΚΩΝ ΚΑΙ ΠΕΡΙΦΕΡΕΙΑΚΩΝ ΣΠΟΥΔΩΝ",MET,12Μ118,ΘΕΩΡΙΑ ΚΑΙ ΤΕΧΝΙΚΕΣ ΤΩΝ ΔΙΕΘΝΩΝ ΔΙΑΠΡΑΓΜΑΤΕΥΣΕΩΝ,2,3,ΕΥ,ΚΑΪΛΗΣ ΑΛΕΞΑΝΔΡΟΣ,002
380,ΜΕΤ,1,2,"ΔΙΕΘΝΩΝ, ΕΥΡΩΠΑΪΚΩΝ ΚΑΙ ΠΕΡΙΦΕΡΕΙΑΚΩΝ ΣΠΟΥΔΩΝ",MET,12Μ118,ΘΕΩΡΙΑ ΚΑΙ ΤΕΧΝΙΚΕΣ ΤΩΝ ΔΙΕΘΝΩΝ ΔΙΑΠΡΑΓΜΑΤΕΥΣΕΩΝ,2,3,ΕΥ,ΡΑΥΤΟΠΟΥΛΟΣ ΕΥΑΓΓΕΛΟΣ,002
381,ΜΕΤ,1,2,"ΔΙΕΘΝΩΝ, ΕΥΡΩΠΑΪΚΩΝ ΚΑΙ ΠΕΡΙΦΕΡΕΙΑΚΩΝ ΣΠΟΥΔΩΝ",MET,12Μ118,ΘΕΩΡΙΑ ΚΑΙ ΤΕΧΝΙΚΕΣ ΤΩΝ ΔΙΕΘΝΩΝ ΔΙΑΠΡΑΓΜΑΤΕΥΣΕΩΝ,2,3,ΥΠ,ΚΑΪΛΗΣ ΑΛΕΞΑΝΔΡΟΣ,002
382,ΜΕΤ,1,2,"ΔΙΕΘΝΩΝ, ΕΥΡΩΠΑΪΚΩΝ ΚΑΙ ΠΕΡΙΦΕΡΕΙΑΚΩΝ ΣΠΟΥΔΩΝ",MET,12Μ118,ΘΕΩΡΙΑ ΚΑΙ ΤΕΧΝΙΚΕΣ ΤΩΝ ΔΙΕΘΝΩΝ ΔΙΑΠΡΑΓΜΑΤΕΥΣΕΩΝ,2,3,ΥΠ,ΡΑΥΤΟΠΟΥΛΟΣ ΕΥΑΓΓΕΛΟΣ,002
383,ΜΕΤ,1,2,"ΔΙΕΘΝΩΝ, ΕΥΡΩΠΑΪΚΩΝ ΚΑΙ ΠΕΡΙΦΕΡΕΙΑΚΩΝ ΣΠΟΥΔΩΝ",MET,12Μ119,ΓΕΩΠΟΛΙΤΙΚΗ ΚΑΙ ΓΕΩΟΙΚΟΝΟΜΙΑ,2,3,ΕΥ,ΠΑΠΑΣΩΤΗΡΙΟΥ ΧΑΡΑΛΑΜΠΟΣ,002
384,ΜΕΤ,1,2,"ΔΙΕΘΝΩΝ, ΕΥΡΩΠΑΪΚΩΝ ΚΑΙ ΠΕΡΙΦΕΡΕΙΑΚΩΝ ΣΠΟΥΔΩΝ",MET,12Μ119,ΓΕΩΠΟΛΙΤΙΚΗ ΚΑΙ ΓΕΩΟΙΚΟΝΟΜΙΑ,2,3,ΥΠ,ΠΑΠΑΣΩΤΗΡΙΟΥ ΧΑΡΑΛΑΜΠΟΣ,002
385,ΜΕΤ,1,2,"ΔΙΕΘΝΩΝ, ΕΥΡΩΠΑΪΚΩΝ ΚΑΙ ΠΕΡΙΦΕΡΕΙΑΚΩΝ ΣΠΟΥΔΩΝ",MET,12Μ121,ΕΥΡΩΠΑΪΚΗ ΔΗΜΟΣΙΑ ΠΟΛΙΤΙΚΗ Ι: ΔΙΑΜΟΡΦΩΣΗ ΠΟΛΙΤΙΚΗΣ,1,3,ΥΠ,ΠΑΣΣΑΣ ΑΝΑΡΓΥΡΟΣ,002
386,ΜΕΤ,1,2,"ΔΙΕΘΝΩΝ, ΕΥΡΩΠΑΪΚΩΝ ΚΑΙ ΠΕΡΙΦΕΡΕΙΑΚΩΝ ΣΠΟΥΔΩΝ",MET,12Μ123,ΣΥΓΧΡΟΝΑ ΖΗΤΗΜΑΤΑ ΔΙΕΘΝΟΥΣ ΠΟΛΙΤΙΚΗΣ,2,3,ΕΥ,ΓΚΟΦΑΣ ΑΝΔΡΕΑΣ,002
387,ΜΕΤ,1,2,"ΔΙΕΘΝΩΝ, ΕΥΡΩΠΑΪΚΩΝ ΚΑΙ ΠΕΡΙΦΕΡΕΙΑΚΩΝ ΣΠΟΥΔΩΝ",MET,12Μ123,ΣΥΓΧΡΟΝΑ ΖΗΤΗΜΑΤΑ ΔΙΕΘΝΟΥΣ ΠΟΛΙΤΙΚΗΣ,2,3,ΕΥ,ΚΑΡΑΓΙΑΝΝΟΠΟΥΛΟΥ ΖΑΧΑΡΟΥΛΑ,002
388,ΜΕΤ,1,2,"ΔΙΕΘΝΩΝ, ΕΥΡΩΠΑΪΚΩΝ ΚΑΙ ΠΕΡΙΦΕΡΕΙΑΚΩΝ ΣΠΟΥΔΩΝ",MET,12Μ123,ΣΥΓΧΡΟΝΑ ΖΗΤΗΜΑΤΑ ΔΙΕΘΝΟΥΣ ΠΟΛΙΤΙΚΗΣ,2,3,ΕΥ,ΑΡΒΑΝΙΤΟΠΟΥΛΟΣ ΚΩΝΣΤΑΝΤΙΝΟΣ,002
389,ΜΕΤ,1,2,"ΔΙΕΘΝΩΝ, ΕΥΡΩΠΑΪΚΩΝ ΚΑΙ ΠΕΡΙΦΕΡΕΙΑΚΩΝ ΣΠΟΥΔΩΝ",MET,12Μ125,ΔΙΕΘΝΕΙΣ ΣΧΕΣΕΙΣ ΤΗΣ ΕΛΛΑΔΟΣ: ΓΕΩΠΟΛΙΤΙΚΗ ΚΑΙ ΑΣΦΑΛΕΙΑ,2,3,ΥΠ,ΚΟΠΠΑ ΜΑΡΙΑ-ΕΛΕΝΗ,002
390,ΜΕΤ,1,2,"ΔΙΕΘΝΩΝ, ΕΥΡΩΠΑΪΚΩΝ ΚΑΙ ΠΕΡΙΦΕΡΕΙΑΚΩΝ ΣΠΟΥΔΩΝ",MET,12Μ125,ΔΙΕΘΝΕΙΣ ΣΧΕΣΕΙΣ ΤΗΣ ΕΛΛΑΔΟΣ: ΓΕΩΠΟΛΙΤΙΚΗ ΚΑΙ ΑΣΦΑΛΕΙΑ,2,3,ΥΠ,ΥΦΑΝΤΗΣ ΚΩΝΣΤΑΝΤΙΝΟΣ,002
391,ΜΕΤ,1,2,"ΔΙΕΘΝΩΝ, ΕΥΡΩΠΑΪΚΩΝ ΚΑΙ ΠΕΡΙΦΕΡΕΙΑΚΩΝ ΣΠΟΥΔΩΝ",MET,12Μ128,ΕΞΩΤΕΡΙΚΕΣ ΣΧΕΣΕΙΣ ΕΥΡΩΠΑΪΚΗΣ ΕΝΩΣΗΣ: ΕΙΔΙΚΑ ΘΕΜΑΤΑ,2,3,ΥΠ,ΠΑΣΣΑΣ ΑΝΑΡΓΥΡΟΣ,002
392,ΜΕΤ,1,2,"ΔΙΕΘΝΩΝ, ΕΥΡΩΠΑΪΚΩΝ ΚΑΙ ΠΕΡΙΦΕΡΕΙΑΚΩΝ ΣΠΟΥΔΩΝ",MET,12Μ128,ΕΞΩΤΕΡΙΚΕΣ ΣΧΕΣΕΙΣ ΕΥΡΩΠΑΪΚΗΣ ΕΝΩΣΗΣ: ΕΙΔΙΚΑ ΘΕΜΑΤΑ,2,3,ΥΠ,ΥΦΑΝΤΗΣ ΚΩΝΣΤΑΝΤΙΝΟΣ,002
393,ΜΕΤ,1,2,"ΔΙΕΘΝΩΝ, ΕΥΡΩΠΑΪΚΩΝ ΚΑΙ ΠΕΡΙΦΕΡΕΙΑΚΩΝ ΣΠΟΥΔΩΝ",MET,12Μ128,ΕΞΩΤΕΡΙΚΕΣ ΣΧΕΣΕΙΣ ΕΥΡΩΠΑΪΚΗΣ ΕΝΩΣΗΣ: ΕΙΔΙΚΑ ΘΕΜΑΤΑ,2,3,ΥΠ,ΣΤΕΦΑΝΟΥ ΚΩΝ/ΝΟΣ31/08/16,002
394,ΜΕΤ,1,2,"ΔΙΕΘΝΩΝ, ΕΥΡΩΠΑΪΚΩΝ ΚΑΙ ΠΕΡΙΦΕΡΕΙΑΚΩΝ ΣΠΟΥΔΩΝ",MET,12Μ128,ΕΞΩΤΕΡΙΚΕΣ ΣΧΕΣΕΙΣ ΕΥΡΩΠΑΪΚΗΣ ΕΝΩΣΗΣ:ΕΙΔΙΚΑ ΘΕΜΑΤΑ,2,3,ΥΠ,ΠΑΣΣΑΣ ΑΝΑΡΓΥΡΟΣ,002
395,ΜΕΤ,1,2,"ΔΙΕΘΝΩΝ, ΕΥΡΩΠΑΪΚΩΝ ΚΑΙ ΠΕΡΙΦΕΡΕΙΑΚΩΝ ΣΠΟΥΔΩΝ",MET,12Μ128,ΕΞΩΤΕΡΙΚΕΣ ΣΧΕΣΕΙΣ ΕΥΡΩΠΑΪΚΗΣ ΕΝΩΣΗΣ:ΕΙΔΙΚΑ ΘΕΜΑΤΑ,2,3,ΥΠ,ΥΦΑΝΤΗΣ ΚΩΝΣΤΑΝΤΙΝΟΣ,002
396,ΜΕΤ,1,2,"ΔΙΕΘΝΩΝ, ΕΥΡΩΠΑΪΚΩΝ ΚΑΙ ΠΕΡΙΦΕΡΕΙΑΚΩΝ ΣΠΟΥΔΩΝ",MET,12Μ128,ΕΞΩΤΕΡΙΚΕΣ ΣΧΕΣΕΙΣ ΕΥΡΩΠΑΪΚΗΣ ΕΝΩΣΗΣ:ΕΙΔΙΚΑ ΘΕΜΑΤΑ,2,3,ΥΠ,ΣΤΕΦΑΝΟΥ ΚΩΝ/ΝΟΣ31/08/16,002
397,ΜΕΤ,1,2,"ΔΙΕΘΝΩΝ, ΕΥΡΩΠΑΪΚΩΝ ΚΑΙ ΠΕΡΙΦΕΡΕΙΑΚΩΝ ΣΠΟΥΔΩΝ",MET,12Μ129,ΔΙΚΑΙΟ ΑΝΤΑΓΩΝΙΣΜΟΥ ΚΑΙ ΔΗΜΟΣΙΩΝ ΣΥΜΒΑΣΕΩΝ,2,3,ΥΠ,ΠΑΠΑΝΤΩΝΗ ΜΑΡΙΑ,002
398,ΜΕΤ,1,2,"ΔΙΕΘΝΩΝ, ΕΥΡΩΠΑΪΚΩΝ ΚΑΙ ΠΕΡΙΦΕΡΕΙΑΚΩΝ ΣΠΟΥΔΩΝ",MET,12Μ129,ΔΙΚΑΙΟ ΑΝΤΑΓΩΝΙΣΜΟΥ ΚΑΙ ΔΗΜΟΣΙΩΝ ΣΥΜΒΑΣΕΩΝ,2,3,ΥΠ,ΤΑΓΑΡΑΣ ΧΑΡΙΣΙΟΣ,002
399,ΜΕΤ,1,2,"ΔΙΕΘΝΩΝ, ΕΥΡΩΠΑΪΚΩΝ ΚΑΙ ΠΕΡΙΦΕΡΕΙΑΚΩΝ ΣΠΟΥΔΩΝ",MET,12Μ130,ΕΥΡΩΠΑΪΚΗ ΔΗΜΟΣΙΑ ΠΟΛΙΤΙΚΗ ΙΙ: ΥΛΟΠΟΙΗΣΗ ΠΟΛΙΤΙΚΗΣ,2,3,ΥΠ,ΠΑΣΣΑΣ ΑΝΑΡΓΥΡΟΣ,002
400,ΜΕΤ,1,2,"ΔΙΕΘΝΩΝ, ΕΥΡΩΠΑΪΚΩΝ ΚΑΙ ΠΕΡΙΦΕΡΕΙΑΚΩΝ ΣΠΟΥΔΩΝ",MET,12Μ131,ΔΙΕΘΝΗΣ ΚΑΙ ΠΕΡΙΦΕΡΕΙΑΚΗ ΠΕΡΙΒΑΛΛΟΝΤΙΚΗ ΔΙΑΚΥΒΕΡΝΗΣΗ,1,3,ΥΠ,ΚΑΪΛΗΣ ΑΛΕΞΑΝΔΡΟΣ,002
401,ΜΕΤ,1,2,"ΔΙΕΘΝΩΝ, ΕΥΡΩΠΑΪΚΩΝ ΚΑΙ ΠΕΡΙΦΕΡΕΙΑΚΩΝ ΣΠΟΥΔΩΝ",MET,12Μ131,ΔΙΕΘΝΗΣ ΚΑΙ ΠΕΡΙΦΕΡΕΙΑΚΗ ΠΕΡΙΒΑΛΛΟΝΤΙΚΗ ΔΙΑΚΥΒΕΡΝΗΣΗ,1,3,ΥΠ,ΡΑΥΤΟΠΟΥΛΟΣ ΕΥΑΓΓΕΛΟΣ,002
402,ΜΕΤ,1,2,"ΔΙΕΘΝΩΝ, ΕΥΡΩΠΑΪΚΩΝ ΚΑΙ ΠΕΡΙΦΕΡΕΙΑΚΩΝ ΣΠΟΥΔΩΝ",MET,12Μ132,"ΔΙΚΑΙΟ  ΚΑΙ ΠΟΛΙΤΙΚΕΣ  ΔΙKAΙΩΜΑΤΩΝ ΤΟΥ ΑΝΘΡΩΠΟΥ, ΜΕΙΟΝΟΤΗΤΩΝ   ΚΑΙ  ΑΝΘΡΩΠΙΣΤΙΚΗΣ  ΔΡΑΣΗΣ",2,3,ΥΠ,ΜΑΡΟΥΔΑ ΜΑΡΙΑ,002
403,ΜΕΤ,1,2,"ΔΙΕΘΝΩΝ, ΕΥΡΩΠΑΪΚΩΝ ΚΑΙ ΠΕΡΙΦΕΡΕΙΑΚΩΝ ΣΠΟΥΔΩΝ",MET,12Μ132,"ΔΙΚΑΙΟ  ΚΑΙ ΠΟΛΙΤΙΚΕΣ  ΔΙKAΙΩΜΑΤΩΝ ΤΟΥ ΑΝΘΡΩΠΟΥ, ΜΕΙΟΝΟΤΗΤΩΝ   ΚΑΙ  ΑΝΘΡΩΠΙΣΤΙΚΗΣ  ΔΡΑΣΗΣ",2,3,ΥΠ,ΠΕΡΡΑΚΗΣ31/08/15 ΣΤΥΛΙΑΝΟΣ,002
404,ΜΕΤ,1,2,"ΔΙΕΘΝΩΝ, ΕΥΡΩΠΑΪΚΩΝ ΚΑΙ ΠΕΡΙΦΕΡΕΙΑΚΩΝ ΣΠΟΥΔΩΝ",MET,12Μ132,"ΔΙΚΑΙΟ ΚΑΙ ΠΟΛΙΤΙΚΕΣ ΔΙΚΑΙΩΜΑΤΩΝ ΤΟΥ ΑΝΘΡΩΠΟΥ, ΜΕΙΟΝΟΤΗΤΩΝ ΚΑΙ ΑΝΘΡΩΠΙΣΤΙΚΗΣ ΔΡΑΣΗΣ",2,3,ΥΠ,ΜΑΡΟΥΔΑ ΜΑΡΙΑ,002
405,ΜΕΤ,1,2,"ΔΙΕΘΝΩΝ, ΕΥΡΩΠΑΪΚΩΝ ΚΑΙ ΠΕΡΙΦΕΡΕΙΑΚΩΝ ΣΠΟΥΔΩΝ",MET,12Μ132,"ΔΙΚΑΙΟ ΚΑΙ ΠΟΛΙΤΙΚΕΣ ΔΙΚΑΙΩΜΑΤΩΝ ΤΟΥ ΑΝΘΡΩΠΟΥ, ΜΕΙΟΝΟΤΗΤΩΝ ΚΑΙ ΑΝΘΡΩΠΙΣΤΙΚΗΣ ΔΡΑΣΗΣ",2,3,ΥΠ,ΠΕΡΡΑΚΗΣ31/08/15 ΣΤΥΛΙΑΝΟΣ,002
406,ΜΕΤ,1,2,"ΔΙΕΘΝΩΝ, ΕΥΡΩΠΑΪΚΩΝ ΚΑΙ ΠΕΡΙΦΕΡΕΙΑΚΩΝ ΣΠΟΥΔΩΝ",MET,12Μ133,ΟΙΚΟΝΟΜΙΚΗ  ΔΙΠΛΩΜΑΤΙΑ,2,3,ΥΠ,ΠΑΠΑΖΟΓΛΟΥ ΧΡΗΣΤΟΣ,002
407,ΜΕΤ,1,2,"ΔΙΕΘΝΩΝ, ΕΥΡΩΠΑΪΚΩΝ ΚΑΙ ΠΕΡΙΦΕΡΕΙΑΚΩΝ ΣΠΟΥΔΩΝ",MET,12Μ208,ΕΙΔΙΚΑ ΘΕΜΑΤΑ ΣΤΗΝ ΔΙΕΘΝΗ ΜΑΚΡΟΟΙΚΟΝΟΜΙΚΗ,1,3,ΥΠ,ΣΤΑΣΙΝΟΠΟΥΛΟΣ Γ.,002
408,ΜΕΤ,1,2,"ΔΙΕΘΝΩΝ, ΕΥΡΩΠΑΪΚΩΝ ΚΑΙ ΠΕΡΙΦΕΡΕΙΑΚΩΝ ΣΠΟΥΔΩΝ",MET,12Μ208,ΕΙΔΙΚΑ ΘΕΜΑΤΑ ΣΤΗΝ ΔΙΕΘΝΗ ΜΑΚΡΟΟΙΚΟΝΟΜΙΚΗ,1,3,ΥΠ,ΠΑΠΑΖΟΓΛΟΥ ΧΡΗΣΤΟΣ,002
409,ΜΕΤ,1,2,ΣΤΡΑΤΗΓΙΚΕΣ ΣΠΟΥΔΕΣ ΑΣΦΑΛΕΙΑΣ (MASTER OF ARTS IN STRATEGIC SECURITY STUDIES),MET,12Μ200,ΘΕΩΡΙΑ ΔΙΕΘΝΩΝ ΣΧΕΣΕΩΝ,1,3,ΥΠ,ΥΦΑΝΤΗΣ ΚΩΝΣΤΑΝΤΙΝΟΣ,003
410,ΜΕΤ,1,2,ΣΤΡΑΤΗΓΙΚΕΣ ΣΠΟΥΔΕΣ ΑΣΦΑΛΕΙΑΣ (MASTER OF ARTS IN STRATEGIC SECURITY STUDIES),MET,12Μ200,ΘΕΩΡΙΑ ΔΙΕΘΝΩΝ ΣΧΕΣΕΩΝ,1,3,ΥΠ,ΠΑΠΑΣΩΤΗΡΙΟΥ ΧΑΡΑΛΑΜΠΟΣ,003
411,ΜΕΤ,1,2,ΣΤΡΑΤΗΓΙΚΕΣ ΣΠΟΥΔΕΣ ΑΣΦΑΛΕΙΑΣ (MASTER OF ARTS IN STRATEGIC SECURITY STUDIES),MET,12Μ201,ΣΤΡΑΤΗΓΙΚΕΣ ΣΠΟΥΔΕΣ,1,3,ΥΠ,ΠΑΠΑΣΩΤΗΡΙΟΥ ΧΑΡΑΛΑΜΠΟΣ,003
412,ΜΕΤ,1,2,ΣΤΡΑΤΗΓΙΚΕΣ ΣΠΟΥΔΕΣ ΑΣΦΑΛΕΙΑΣ (MASTER OF ARTS IN STRATEGIC SECURITY STUDIES),MET,12Μ201,ΣΤΡΑΤΗΓΙΚΕΣ ΣΠΟΥΔΕΣ,1,3,ΥΠ,ΚΟΛΙΟΠΟΥΛΟΣ ΚΩΝΣΤΑΝΤΙΝΟΣ,003
413,ΜΕΤ,1,2,ΣΤΡΑΤΗΓΙΚΕΣ ΣΠΟΥΔΕΣ ΑΣΦΑΛΕΙΑΣ (MASTER OF ARTS IN STRATEGIC SECURITY STUDIES),MET,12Μ202,ΕΛΛΗΝΙΚΗ ΕΞΩΤΕΡΙΚΗ ΠΟΛΙΤΙΚΗ,1,3,ΕΥ,ΤΣΑΛΤΑΣ ΓΡΗΓΟΡΗΣ,003
414,ΜΕΤ,1,2,ΣΤΡΑΤΗΓΙΚΕΣ ΣΠΟΥΔΕΣ ΑΣΦΑΛΕΙΑΣ (MASTER OF ARTS IN STRATEGIC SECURITY STUDIES),MET,12Μ202,ΕΛΛΗΝΙΚΗ ΕΞΩΤΕΡΙΚΗ ΠΟΛΙΤΙΚΗ,1,3,ΕΥ,ΚΟΠΠΑ ΜΑΡΙΑ-ΕΛΕΝΗ,003
415,ΜΕΤ,1,2,ΣΤΡΑΤΗΓΙΚΕΣ ΣΠΟΥΔΕΣ ΑΣΦΑΛΕΙΑΣ (MASTER OF ARTS IN STRATEGIC SECURITY STUDIES),MET,12Μ202,ΕΛΛΗΝΙΚΗ ΕΞΩΤΕΡΙΚΗ ΠΟΛΙΤΙΚΗ,1,3,ΕΥ,ΣΥΡΙΓΟΣ ΕΥΑΓΓΕΛΟΣ,003
416,ΜΕΤ,1,2,ΣΤΡΑΤΗΓΙΚΕΣ ΣΠΟΥΔΕΣ ΑΣΦΑΛΕΙΑΣ (MASTER OF ARTS IN STRATEGIC SECURITY STUDIES),MET,12Μ203,ΠΥΡΗΝΙΚΑ ΟΠΛΑ ΚΑΙ ΑΣΥΜΜΕΤΡΕΣ ΑΠΕΙΛΕΣ,2,3,ΕΥ,ΚΟΛΙΟΠΟΥΛΟΣ ΚΩΝΣΤΑΝΤΙΝΟΣ,003
417,ΜΕΤ,1,2,ΣΤΡΑΤΗΓΙΚΕΣ ΣΠΟΥΔΕΣ ΑΣΦΑΛΕΙΑΣ (MASTER OF ARTS IN STRATEGIC SECURITY STUDIES),MET,12Μ204,ΧΕΙΡΙΣΜΟΣ ΚΡΙΣΕΩΝ,2,3,ΕΥ,ΧΕΙΛΑ ΕΙΡΗΝΗ,003
418,ΜΕΤ,1,2,ΣΤΡΑΤΗΓΙΚΕΣ ΣΠΟΥΔΕΣ ΑΣΦΑΛΕΙΑΣ (MASTER OF ARTS IN STRATEGIC SECURITY STUDIES),MET,12Μ204,ΧΕΙΡΙΣΜΟΣ ΚΡΙΣΕΩΝ,2,3,ΕΥ,ΥΦΑΝΤΗΣ ΚΩΝΣΤΑΝΤΙΝΟΣ,003
419,ΜΕΤ,1,2,ΣΤΡΑΤΗΓΙΚΕΣ ΣΠΟΥΔΕΣ ΑΣΦΑΛΕΙΑΣ (MASTER OF ARTS IN STRATEGIC SECURITY STUDIES),MET,12Μ205,ΠΕΡΙΦΕΡΕΙΑΚΗ ΑΣΦΑΛΕΙΑ ΚΑΙ ΣΥΓΚΡΟΥΣΕΙΣ (ΕΥΡΩΠΗ - ΒΑΛΚΑΝΙΑ - ΑΝ.ΜΕΣΟΓΕΙΟΣ - ΑΝ.ΑΣΙΑ),2,3,ΕΥ,ΚΟΛΙΟΠΟΥΛΟΣ ΚΩΝΣΤΑΝΤΙΝΟΣ,003
420,ΜΕΤ,1,2,ΣΤΡΑΤΗΓΙΚΕΣ ΣΠΟΥΔΕΣ ΑΣΦΑΛΕΙΑΣ (MASTER OF ARTS IN STRATEGIC SECURITY STUDIES),MET,12Μ205,ΠΕΡΙΦΕΡΕΙΑΚΗ ΑΣΦΑΛΕΙΑ ΚΑΙ ΣΥΓΚΡΟΥΣΕΙΣ (ΕΥΡΩΠΗ - ΒΑΛΚΑΝΙΑ - ΑΝ.ΜΕΣΟΓΕΙΟΣ - ΑΝ.ΑΣΙΑ),2,3,ΕΥ,ΚΑΡΑΓΙΑΝΝΟΠΟΥΛΟΥ ΖΑΧΑΡΟΥΛΑ,003
421,ΜΕΤ,1,2,ΣΤΡΑΤΗΓΙΚΕΣ ΣΠΟΥΔΕΣ ΑΣΦΑΛΕΙΑΣ (MASTER OF ARTS IN STRATEGIC SECURITY STUDIES),MET,12Μ209,ΑΜΕΡΙΚΑΝΙΚΗ ΥΨΗΛΗ ΣΤΡΑΤΗΓΙΚΗ,1,3,ΕΥ,ΠΑΠΑΣΩΤΗΡΙΟΥ ΧΑΡΑΛΑΜΠΟΣ,003
422,ΜΕΤ,1,2,ΣΤΡΑΤΗΓΙΚΕΣ ΣΠΟΥΔΕΣ ΑΣΦΑΛΕΙΑΣ (MASTER OF ARTS IN STRATEGIC SECURITY STUDIES),MET,12Μ210,ΓΕΩΠΟΛΙΤΙΚΗ - ΓΕΩΟΙΚΟΝΟΜΙΑ,1,3,ΕΥ,ΣΤΑΣΙΝΟΠΟΥΛΟΣ Γ.,003
423,ΜΕΤ,1,2,ΣΤΡΑΤΗΓΙΚΕΣ ΣΠΟΥΔΕΣ ΑΣΦΑΛΕΙΑΣ (MASTER OF ARTS IN STRATEGIC SECURITY STUDIES),MET,12Μ210,ΓΕΩΠΟΛΙΤΙΚΗ - ΓΕΩΟΙΚΟΝΟΜΙΑ,1,3,ΕΥ,ΚΟΛΙΟΠΟΥΛΟΣ ΚΩΝΣΤΑΝΤΙΝΟΣ,003
424,ΜΕΤ,1,2,ΣΤΡΑΤΗΓΙΚΕΣ ΣΠΟΥΔΕΣ ΑΣΦΑΛΕΙΑΣ (MASTER OF ARTS IN STRATEGIC SECURITY STUDIES),MET,12Μ212,ΠΟΛΕΜΟΣ  ΚΑΙ  ΟΙΚΟΝΟΜΙΑ,2,3,ΕΥ,ΣΤΑΣΙΝΟΠΟΥΛΟΣ Γ.,003
425,ΜΕΤ,1,2,ΣΤΡΑΤΗΓΙΚΕΣ ΣΠΟΥΔΕΣ ΑΣΦΑΛΕΙΑΣ (MASTER OF ARTS IN STRATEGIC SECURITY STUDIES),MET,12Μ213,ΔΙΕΘΝΕΣ  ΔΙΚΑΙΟ  ΚΑΙ ΔΙΕΘΝΗΣ  ΑΣΦΑΛΕΙΑ,2,3,ΕΥ,ΜΑΡΟΥΔΑ ΜΑΡΙΑ,003
426,ΜΕΤ,1,2,ΣΤΡΑΤΗΓΙΚΕΣ ΣΠΟΥΔΕΣ ΑΣΦΑΛΕΙΑΣ (MASTER OF ARTS IN STRATEGIC SECURITY STUDIES),MET,12Μ213,ΔΙΕΘΝΕΣ  ΔΙΚΑΙΟ  ΚΑΙ ΔΙΕΘΝΗΣ  ΑΣΦΑΛΕΙΑ,2,3,ΕΥ,ΣΥΡΙΓΟΣ ΕΥΑΓΓΕΛΟΣ,003
427,ΜΕΤ,1,3,ΚΟΙΝΩΝΙΟΛΟΓΙΑ,MET,31Μ001,ΜΕΘΟΔΟΙ ΚΟΙΝΩΝΙΚΗΣ ΕΡΕΥΝΑΣ (ΠΟΣΟΤΙΚΕΣ ΚΑΙ ΠΟΙΟΤΙΚΕΣ ΠΡΟΣΕΓΓΙΣΕΙΣ),1,,ΥΠ,ΛΥΔΑΚΗ ΑΝΝΑ,003
428,ΜΕΤ,1,3,ΚΟΙΝΩΝΙΟΛΟΓΙΑ,MET,31Μ001,ΜΕΘΟΔΟΙ ΚΟΙΝΩΝΙΚΗΣ ΕΡΕΥΝΑΣ (ΠΟΣΟΤΙΚΕΣ ΚΑΙ ΠΟΙΟΤΙΚΕΣ ΠΡΟΣΕΓΓΙΣΕΙΣ),1,,ΥΠ,ΚΑΛΑΜΑΡΑΣ ΔΗΜΗΤΡΙΟΣ,003
429,ΜΕΤ,1,3,ΚΟΙΝΩΝΙΟΛΟΓΙΑ,MET,31Μ001,ΜΕΘΟΔΟΙ ΚΟΙΝΩΝΙΚΗΣ ΕΡΕΥΝΑΣ (ΠΟΣΟΤΙΚΕΣ ΚΑΙ ΠΟΙΟΤΙΚΕΣ ΠΡΟΣΕΓΓΙΣΕΙΣ),1,,ΥΠ,ΚΑΛΑΜΑΤΙΑΝΟΥ ΑΓΛΑΙΑ,003
430,ΜΕΤ,1,3,ΚΟΙΝΩΝΙΟΛΟΓΙΑ,MET,31Μ002,ΜΟΡΦΕΣ ΑΝΙΣΟΤΗΤΑΣ: ΘΕΩΡΗΤΙΚΕΣ ΠΡΟΣΕΓΓΙΣΕΙΣ ΚΑΙ ΙΣΤΟΡΙΚΕΣ ΕΞΕΛΙΞΕΙΣ,1,,ΥΠ,ΤΣΙΡΟΣ ΝΙΚΟΛΑΟΣ,003
431,ΜΕΤ,1,3,ΚΟΙΝΩΝΙΟΛΟΓΙΑ,MET,31Μ002,ΜΟΡΦΕΣ ΑΝΙΣΟΤΗΤΑΣ: ΘΕΩΡΗΤΙΚΕΣ ΠΡΟΣΕΓΓΙΣΕΙΣ ΚΑΙ ΙΣΤΟΡΙΚΕΣ ΕΞΕΛΙΞΕΙΣ,1,,ΥΠ,ΠΑΠΑΡΙΖΟΣ ΑΝΤΩΝΙΟΣ,003
432,ΜΕΤ,1,3,ΚΟΙΝΩΝΙΟΛΟΓΙΑ,MET,31Μ002,ΜΟΡΦΕΣ ΑΝΙΣΟΤΗΤΑΣ: ΘΕΩΡΗΤΙΚΕΣ ΠΡΟΣΕΓΓΙΣΕΙΣ ΚΑΙ ΙΣΤΟΡΙΚΕΣ ΕΞΕΛΙΞΕΙΣ,1,,ΥΠ,ΛΑΜΠΡΕΛΛΗΣ ΔΗΜΗΤΡΙΟΣ,003
433,ΜΕΤ,1,3,ΚΟΙΝΩΝΙΟΛΟΓΙΑ,MET,31Μ003,ΚΕΝΤΡΙΚΑ ΖΗΤΗΜΑΤΑ ΚΟΙΝΩΝΙΚΗΣ ΚΑΙ ΠΟΛΙΤΙΚΗΣ ΘΕΩΡΙΑΣ,1,,ΥΠ,ΑΝΤΩΝΟΠΟΥΛΟΥ ΜΑΡΙΑ(31/08/13),003
434,ΜΕΤ,1,3,ΚΟΙΝΩΝΙΟΛΟΓΙΑ,MET,31Μ004,ΚΟΙΝΩΝΙΚΗ ΔΟΜΗ ΚΑΙ ΕΡΓΑΣΙΑ,2,,ΥΠ,ΛΥΤΡΑΣ ΑΝΔΡΕΑΣ,003
435,ΜΕΤ,1,3,ΚΟΙΝΩΝΙΟΛΟΓΙΑ,MET,31Μ005,ΔΗΜΟΓΡΑΦΙΑ ΚΑΙ ΜΕΤΑΝΑΣΤΕΥΣΗ,2,,ΥΠ,ΠΡΟΝΤΖΑΣ ΕΥΑΓΓΕΛΟΣ,003
436,ΜΕΤ,1,3,ΚΟΙΝΩΝΙΟΛΟΓΙΑ,MET,31Μ006,ΤΟΠΙΚΗ ΑΥΤΟΔΙΟΙΚΗΣΗ ΚΑΙ ΚΟΙΝΩΝΙΚΕΣ ΑΝΙΣΟΤΗΤΕΣ,2,,ΥΠ,ΚΩΣΤΟΠΟΥΛΟΣ ΤΡΥΦΩΝΑΣ,003
437,ΜΕΤ,1,3,ΚΟΙΝΩΝΙΟΛΟΓΙΑ,MET,31Μ007,ΑΝΙΣΗ ΑΝΑΠΤΥΞΗ ΚΑΙ ΚΡΙΣΗ ΤΩΝ ΟΙΚΟΝΟΜΙΚΩΝ ΚΑΙ ΚΟΙΝΩΝΙΚΩΝ ΔΟΜΩΝ ΣΤΗΝ ΕΥΡΩΠΗ,2,,ΥΠ,ΚΗΠΑΣ ΜΙΛΤΙΑΔΗΣ,003
438,ΜΕΤ,1,3,ΚΟΙΝΩΝΙΟΛΟΓΙΑ,MET,31Μ007,ΑΝΙΣΗ ΑΝΑΠΤΥΞΗ ΚΑΙ ΚΡΙΣΗ ΤΩΝ ΟΙΚΟΝΟΜΙΚΩΝ ΚΑΙ ΚΟΙΝΩΝΙΚΩΝ ΔΟΜΩΝ ΣΤΗΝ ΕΥΡΩΠΗ,2,,ΥΠ,ΚΑΡΑΜΠΕΛΙΑΣ ΓΕΡΑΣΙΜΟΣ,003
439,ΜΕΤ,1,3,ΚΟΙΝΩΝΙΟΛΟΓΙΑ,MET,31Μ008,ΕΥΡΩΠΑΪΚΗ ΚΟΙΝΩΝΙΚΗ ΠΟΛΙΤΙΚΗ,2,,ΥΠ,ΑΓΓΕΛΑΚΗ ΜΑΡΙΝΑ,003
440,ΜΕΤ,1,3,ΚΟΙΝΩΝΙΟΛΟΓΙΑ,MET,31Μ008,ΕΥΡΩΠΑΪΚΗ ΚΟΙΝΩΝΙΚΗ ΠΟΛΙΤΙΚΗ,2,,ΥΠ,ΟΙΚΟΝΟΜΟΥ ΧΑΡΑΛΑΜΠΟΣ,003
441,ΜΕΤ,1,3,ΚΟΙΝΩΝΙΟΛΟΓΙΑ,MET,31Μ008,ΕΥΡΩΠΑΪΚΗ ΚΟΙΝΩΝΙΚΗ ΠΟΛΙΤΙΚΗ,2,,ΥΠ,ΠΑΠΑΚΩΝΣΤΑΝΤΗΣ ΜΑΡΚΟΣ,003
442,ΜΕΤ,1,3,ΚΟΙΝΩΝΙΟΛΟΓΙΑ,MET,31Μ008,ΕΥΡΩΠΑΪΚΗ ΚΟΙΝΩΝΙΚΗ ΠΟΛΙΤΙΚΗ,2,,ΥΠ,ΣΑΚΕΛΛΑΡΟΠΟΥΛΟΣ ΘΕΟΔΩΡΟΣ,003
443,ΜΕΤ,1,3,ΚΟΙΝΩΝΙΟΛΟΓΙΑ,MET,31Μ009,ΕΙΔΙΚΑ ΘΕΜΑΤΑ ΕΥΡΩΠΑΪΚΗΣ ΙΣΤΟΡΙΑΣ,2,,ΕΥ,ΚΟΤΑΡΙΔΗΣ ΝΙΚΟΛΑΟΣ,003
444,ΜΕΤ,1,3,ΚΟΙΝΩΝΙΟΛΟΓΙΑ,MET,31Μ009,ΕΙΔΙΚΑ ΘΕΜΑΤΑ ΕΥΡΩΠΑΪΚΗΣ ΙΣΤΟΡΙΑΣ,2,,ΥΠ,ΚΟΤΕΑ ΜΑΡΙΑΝΘΗ,003
445,ΜΕΤ,1,3,ΚΟΙΝΩΝΙΟΛΟΓΙΑ,MET,31Μ009,ΕΙΔΙΚΑ ΘΕΜΑΤΑ ΕΥΡΩΠΑΪΚΗΣ ΙΣΤΟΡΙΑΣ,2,,ΥΠ,ΚΟΤΑΡΙΔΗΣ ΝΙΚΟΛΑΟΣ,003
446,ΜΕΤ,1,3,ΚΟΙΝΩΝΙΟΛΟΓΙΑ,MET,31Μ010,ΣΥΓΧΡΟΝΑ ΘΕΜΑΤΑ ΚΟΙΝΩΝΙΚΗΣ ΘΕΩΡΙΑΣ,2,,ΥΠ,ΧΑΛΚΙΑ ΑΛΕΞΑΝΔΡΑ,003
447,ΜΕΤ,1,3,ΚΟΙΝΩΝΙΟΛΟΓΙΑ,MET,31Μ011,ΚΟΙΝΩΝΙΚΗ ΘΕΩΡΙΑ ΚΑΙ ΤΕΧΝΟΛΟΓΙΑ,2,,ΥΠ,ΓΕΩΡΓΟΠΟΥΛΟΥ Π.,003
448,ΜΕΤ,1,3,ΚΟΙΝΩΝΙΟΛΟΓΙΑ,MET,31Μ012,ΚΟΙΝΩΝΙΑ ΚΑΙ ΓΝΩΣΗ,2,,ΥΠ,ΞΑΝΘΟΠΟΥΛΟΣ ΧΡ.,003
449,ΜΕΤ,1,3,ΚΟΙΝΩΝΙΟΛΟΓΙΑ,MET,31Μ013,"ΚΟΙΝΩΝΙΚΕΣ ΑΝΑΠΑΡΑΣΤΑΣΕΙΣ, ΤΑΥΤΟΤΗΤΑ ΚΑΙ ΕΤΕΡΟΤΗΤΑ",3,,ΥΠ,ΚΩΝΣΤΑΝΤΟΠΟΥΛΟΥ ΧΡΙΣΤΙΑΝΑ,003
450,ΜΕΤ,1,3,ΚΟΙΝΩΝΙΟΛΟΓΙΑ,MET,31Μ014,ΣΥΓΧΡΟΝΑ ΚΟΙΝΩΝΙΚΟΠΟΛΙΤΙΚΑ ΦΑΙΝΟΜΕΝΑ ΚΑΙ ΑΝΘΡΩΠΙΝΑ ΔΙΚΑΙΩΜΑΤΑ,3,,ΥΠ,ΤΣΙΡΟΣ ΝΙΚΟΛΑΟΣ,003
451,ΜΕΤ,1,3,ΚΟΙΝΩΝΙΟΛΟΓΙΑ,MET,31Μ014,ΣΥΓΧΡΟΝΑ ΚΟΙΝΩΝΙΚΟΠΟΛΙΤΙΚΑ ΦΑΙΝΟΜΕΝΑ ΚΑΙ ΑΝΘΡΩΠΙΝΑ ΔΙΚΑΙΩΜΑΤΑ,3,,ΥΠ,ΤΣΙΡΗΣ ΠΑΝΑΓΙΩΤΗΣ,003
452,ΜΕΤ,1,3,ΚΟΙΝΩΝΙΟΛΟΓΙΑ,MET,31Μ015,ΚΟΙΝΩΝΙΚΑ ΚΙΝΗΜΑΤΑ ΚΑΙ ΚΟΙΝΩΝΙΚΑ ΔΙΚΑΙΩΜΑΤΑ,3,,ΕΥ,ΧΑΛΚΙΑ ΑΛΕΞΑΝΔΡΑ,003
453,ΜΕΤ,1,3,ΚΟΙΝΩΝΙΟΛΟΓΙΑ,MET,31Μ015,ΚΟΙΝΩΝΙΚΑ ΚΙΝΗΜΑΤΑ ΚΑΙ ΚΟΙΝΩΝΙΚΑ ΔΙΚΑΙΩΜΑΤΑ,3,,ΕΥ,ΤΣΙΡΗΣ ΠΑΝΑΓΙΩΤΗΣ,003
454,ΜΕΤ,1,3,ΚΟΙΝΩΝΙΟΛΟΓΙΑ,MET,31Μ015,ΚΟΙΝΩΝΙΚΑ ΚΙΝΗΜΑΤΑ ΚΑΙ ΚΟΙΝΩΝΙΚΑ ΔΙΚΑΙΩΜΑΤΑ,3,,ΥΠ,ΧΑΛΚΙΑ ΑΛΕΞΑΝΔΡΑ,003
455,ΜΕΤ,1,3,ΚΟΙΝΩΝΙΟΛΟΓΙΑ,MET,31Μ015,ΚΟΙΝΩΝΙΚΑ ΚΙΝΗΜΑΤΑ ΚΑΙ ΚΟΙΝΩΝΙΚΑ ΔΙΚΑΙΩΜΑΤΑ,3,,ΥΠ,ΤΣΙΡΗΣ ΠΑΝΑΓΙΩΤΗΣ,003
456,ΜΕΤ,1,3,ΚΟΙΝΩΝΙΟΛΟΓΙΑ,MET,31Μ016,ΚΟΙΝΩΝΙΚΟ ΥΠΟΔΕΙΓΜΑ ΚΑΙ ΟΙΚΟΝΟΜΙΚΕΣ ΔΟΜΕΣ ΣΤΗΝ ΕΛΛΑΔΑ,3,,ΥΠ,ΚΗΠΑΣ ΜΙΛΤΙΑΔΗΣ,003
457,ΜΕΤ,1,3,ΚΟΙΝΩΝΙΟΛΟΓΙΑ,MET,31Μ016,ΚΟΙΝΩΝΙΚΟ ΥΠΟΔΕΙΓΜΑ ΚΑΙ ΟΙΚΟΝΟΜΙΚΕΣ ΔΟΜΕΣ ΣΤΗΝ ΕΛΛΑΔΑ,3,,ΥΠ,ΚΑΡΑΜΠΕΛΑΣ ΓΙΩΡΓΟΣ,003
458,ΜΕΤ,1,3,ΚΟΙΝΩΝΙΟΛΟΓΙΑ,MET,31Μ017,ΚΟΙΝΩΝΙΚΟ ΚΡΑΤΟΣ ΣΤΗΝ ΕΛΛΛΑΔΑ,3,,ΥΠ,ΑΓΓΕΛΑΚΗ ΜΑΡΙΝΑ,003
459,ΜΕΤ,1,3,ΚΟΙΝΩΝΙΟΛΟΓΙΑ,MET,31Μ017,ΚΟΙΝΩΝΙΚΟ ΚΡΑΤΟΣ ΣΤΗΝ ΕΛΛΛΑΔΑ,3,,ΥΠ,ΟΙΚΟΝΟΜΟΥ ΧΑΡΑΛΑΜΠΟΣ,003
460,ΜΕΤ,1,3,ΚΟΙΝΩΝΙΟΛΟΓΙΑ,MET,31Μ017,ΚΟΙΝΩΝΙΚΟ ΚΡΑΤΟΣ ΣΤΗΝ ΕΛΛΛΑΔΑ,3,,ΥΠ,ΠΑΠΑΚΩΝΣΤΑΝΤΗΣ ΜΑΡΚΟΣ,003
461,ΜΕΤ,1,3,ΚΟΙΝΩΝΙΟΛΟΓΙΑ,MET,31Μ017,ΚΟΙΝΩΝΙΚΟ ΚΡΑΤΟΣ ΣΤΗΝ ΕΛΛΛΑΔΑ,3,,ΥΠ,ΣΑΚΕΛΛΑΡΟΠΟΥΛΟΣ ΘΕΟΔΩΡΟΣ,003
462,ΜΕΤ,1,3,ΚΟΙΝΩΝΙΟΛΟΓΙΑ,MET,31Μ018,ΕΙΔΙΚΑ ΘΕΜΑΤΑ ΕΛΛΗΝΙΚΗΣ ΙΣΤΟΡΙΑΣ,3,,ΕΥ,ΚΟΤΑΡΙΔΗΣ ΝΙΚΟΛΑΟΣ,003
463,ΜΕΤ,1,3,ΚΟΙΝΩΝΙΟΛΟΓΙΑ,MET,31Μ018,ΕΙΔΙΚΑ ΘΕΜΑΤΑ ΕΛΛΗΝΙΚΗΣ ΙΣΤΟΡΙΑΣ,3,,ΥΠ,ΚΟΤΕΑ ΜΑΡΙΑΝΘΗ,003
464,ΜΕΤ,1,3,ΚΟΙΝΩΝΙΟΛΟΓΙΑ,MET,31Μ018,ΕΙΔΙΚΑ ΘΕΜΑΤΑ ΕΛΛΗΝΙΚΗΣ ΙΣΤΟΡΙΑΣ,3,,ΥΠ,ΚΟΤΑΡΙΔΗΣ ΝΙΚΟΛΑΟΣ,003
465,ΜΕΤ,1,3,ΚΟΙΝΩΝΙΟΛΟΓΙΑ,MET,31Μ019,ΘΕΩΡΙΕΣ ΤΟΥ ΠΟΛΙΤΙΚΟΥ ΥΠΟΚΕΙΜΕΝΟΥ,3,,ΥΠ,ΧΡΥΣΗΣ ΑΛΕΞΑΝΔΡΟΣ,003
466,ΜΕΤ,1,3,ΚΟΙΝΩΝΙΟΛΟΓΙΑ,MET,31Μ020,"ΦΥΛΟ, ΛΟΓΟΣ, ΕΞΟΥΣΙΑ",3,,ΥΠ,ΧΑΛΚΙΑ ΑΛΕΞΑΝΔΡΑ,003
467,ΜΕΤ,1,3,ΚΟΙΝΩΝΙΟΛΟΓΙΑ,MET,31Μ021,ΜΟΡΦΕΣ ΕΞΟΥΣΙΑΣ ΣΕ ΠΡΟΒΙΟΜΗΧΑΝΙΚΕΣ ΚΟΙΝΩΝΙΕΣ,3,,ΥΠ,ΠΡΟΝΤΖΑΣ ΔΗΜΗΤΡΙΟΣ,003
468,ΜΕΤ,1,32,ΕΓΚΛΗΜΑΤΟΛΟΓΙΑ,MET,32Μ001,"Η ΣΥΓΧΡΟΝΗ ΕΓΚΛΗΜΑΤΙΚΟΤΗΤΑ, Η ΑΝΤΙΜΕΤΩΠΙΣΗ ΤΗΣ ΚΑΙ Η ΕΓΚΛΗΜΑΤΟΛΟΓΙΑ",1,,ΥΠ,ΦΑΡΣΕΔΑΚΗΣ ΙΑΚΩΒΟΣ,002
469,ΜΕΤ,1,32,ΕΓΚΛΗΜΑΤΟΛΟΓΙΑ,MET,32Μ002,ΟΡΓΑΝΩΜΕΝΟ ΕΓΚΛΗΜΑ ΚΑΙ ΟΙΚΟΝΟΜΙΚΗ ΕΓΚΛΗΜΑΤΙΚΟΤΗΤΑ,3,,ΥΠ,ΛΑΖΟΣ ΓΡΗΓΟΡΙΟΣ,002
470,ΜΕΤ,1,32,ΕΓΚΛΗΜΑΤΟΛΟΓΙΑ,MET,32Μ003,ΠΡΟΛΗΨΗ ΤΗΣ ΕΓΚΛΗΜΑΤΙΚΟΤΗΤΑΣ.,2,,ΥΠ,ΜΑΓΓΑΝΑΣ(31/08/14) ΑΝΤΩΝΙΟΣ,002
471,ΜΕΤ,1,32,ΕΓΚΛΗΜΑΤΟΛΟΓΙΑ,MET,32Μ004,"ΠΟΛΗ ΚΑΙ ΕΓΚΛΗΜΑΤΙΚΟΤΗΤΑ, ΑΙΣΘΗΜΑ ΑΝΑΣΦΑΛΕΙΑΣ ΚΑΙ ΤΙΜΩΡΗΤΙΚΟΤΗΤΑ",2,,ΥΠ,ΖΑΡΑΦΩΝΙΤΟΥ ΧΡΙΣΤΙΝΑ,002
472,ΜΕΤ,1,32,ΕΓΚΛΗΜΑΤΟΛΟΓΙΑ,MET,32Μ005,ΔΙΕΘΝΟΠΟΙΗΣΗ ΤΗΣ ΑΝΤΕΓΚΛΗΜΑΤΙΚΗΣ ΠΟΛΙΤΙΚΗΣ ΚΑΙ ΔΙΚΑΙΩΜΑΤΑ ΤΟΥ ΑΝΘΡΩΠΟΥ,2,,ΥΠ,ΝΙΚΟΛΟΠΟΥΛΟΣ ΓΕΩΡΓΙΟΣ,002
473,ΜΕΤ,1,32,ΕΓΚΛΗΜΑΤΟΛΟΓΙΑ,MET,32Μ006,ΝΕΕΣ ΤΕΧΝΟΛΟΓΙΕΣ ΚΑΙ ΕΓΚΛΗΜΑ,1,,ΥΠ,ΧΑΙΔΟΥ ΑΝΘΟΖΩΗ,002
474,ΜΕΤ,1,32,ΕΓΚΛΗΜΑΤΟΛΟΓΙΑ,MET,32Μ007,ΕΠΙΣΤΗΜΟΛΟΓΙΚΑ  ΖΗΤΗΜΑΤΑ ΤΗΣ ΕΓΚΛΗΜΑΤΟΛΟΓΙΑΣ,3,,ΥΠ,ΛΑΜΠΡΟΠΟΥΛΟΥ ΕΥΣΤΑΘΙΑ,002
475,ΜΕΤ,1,32,ΕΓΚΛΗΜΑΤΟΛΟΓΙΑ,MET,32Μ008,ΜΕΘΟΔΟΛΟΓΙΑ ΤΗΣ ΕΓΚΛΗΜΑΤΟΛΟΓΙΚΗΣ ΕΡΕΥΝΑΣ,1,,ΥΠ,ΤΣΙΓΚΑΝΟΥ ΙΩΑΝΝΑ,002
476,ΜΕΤ,1,32,ΕΓΚΛΗΜΑΤΟΛΟΓΙΑ,MET,32Μ013,Ο ΡΟΛΟΣ ΤΟΥ ΘΥΜΑΤΟΣ ΣΤΗΝ ΑΠΟΝΟΜΗ ΤΗΣ ΠΟΙΝΙΚΗΣ ΔΙΚΑΙΟΣΥΝΗΣ: ΙΣΤΟΡΙΚΗ ΚΑΙ ΣΥΓΧΡΟΝΗ ΠΡΟΣΕΓΓΙΣΗ,3,,ΥΠ,ΒΛΑΧΟΥ ΒΑΣΙΛΙΚΗ,002
477,ΜΕΤ,1,4,"ΕΠΙΚΟΙΝΩΝΙΑ, ΜΕΣΑ ΚΑΙ ΠΟΛΙΤΙΣΤΙΚΗ ΔΙΑΧΕΙΡΙΣΗ",MET,41Μ002,ΟΡΓΑΝΩΣΗ ΚΑΙ ΔΙΟΙΚΗΣΗ ΠΟΛΙΤΙΣΜΙΚΩΝ ΟΡΓΑΝΙΣΜΩΝ,1,,ΕΕ,ΚΛΗΜΗΣ ΓΕΩΡΓΙΟΣ-ΜΙΧΑΗΛ,003
478,ΜΕΤ,1,4,"ΕΠΙΚΟΙΝΩΝΙΑ, ΜΕΣΑ ΚΑΙ ΠΟΛΙΤΙΣΤΙΚΗ ΔΙΑΧΕΙΡΙΣΗ",MET,41Μ002,ΟΡΓΑΝΩΣΗ ΚΑΙ ΔΙΟΙΚΗΣΗ ΠΟΛΙΤΙΣΜΙΚΩΝ ΟΡΓΑΝΙΣΜΩΝ,1,,ΥΑ,ΚΛΗΜΗΣ ΓΕΩΡΓΙΟΣ-ΜΙΧΑΗΛ,003
479,ΜΕΤ,1,4,"ΕΠΙΚΟΙΝΩΝΙΑ, ΜΕΣΑ ΚΑΙ ΠΟΛΙΤΙΣΤΙΚΗ ΔΙΑΧΕΙΡΙΣΗ",MET,41Μ003,ΟΙΚΟΝΟΜΙΑ ΤΟΥ ΠΟΛΙΤΙΣΜΟΥ,2,,ΕΕ,ΛΕΑΝΔΡΟΣ ΝΙΚΟΛΑΟΣ,003
480,ΜΕΤ,1,4,"ΕΠΙΚΟΙΝΩΝΙΑ, ΜΕΣΑ ΚΑΙ ΠΟΛΙΤΙΣΤΙΚΗ ΔΙΑΧΕΙΡΙΣΗ",MET,41Μ006,ΟΠΤΙΚΟΣ ΠΟΛΙΤΙΣΜΟΣ,2,,ΕΕ,ΣΚΑΡΠΕΛΟΣ ΙΩΑΝΝΗΣ,003
481,ΜΕΤ,1,4,"ΕΠΙΚΟΙΝΩΝΙΑ, ΜΕΣΑ ΚΑΙ ΠΟΛΙΤΙΣΤΙΚΗ ΔΙΑΧΕΙΡΙΣΗ",MET,41Μ009,ΠΟΛΙΤΙΣΤΙΚΟ ΜΑΡΚΕΤΙΝΓΚ ΚΑΙ  ΕΠΙΚΟΙΝΩΝΙΑ,2,,ΕΕ,ΤΣΑΚΑΡΕΣΤΟΥ Π.,003
482,ΜΕΤ,1,4,"ΕΠΙΚΟΙΝΩΝΙΑ, ΜΕΣΑ ΚΑΙ ΠΟΛΙΤΙΣΤΙΚΗ ΔΙΑΧΕΙΡΙΣΗ",MET,41Μ014,ΙΣΤΟΡΙΑ ΤΗΣ ΤΕΧΝΗΣ,2,,ΕΕ,ΦΟΥΝΤΟΥΛΑΚΗ-ΑΝΑΣΤΑΣΑ ΕΥΤΥΧΙΑ,003
483,ΜΕΤ,1,4,"ΕΠΙΚΟΙΝΩΝΙΑ, ΜΕΣΑ ΚΑΙ ΠΟΛΙΤΙΣΤΙΚΗ ΔΙΑΧΕΙΡΙΣΗ",MET,41Μ017,ΜΟΥΣΕΙΟΛΟΓΙΑ,2,,ΕΕ,ΓΚΑΖΗ AΝΔΡΟΜΑΧΗ,003
484,ΜΕΤ,1,4,"ΕΠΙΚΟΙΝΩΝΙΑ, ΜΕΣΑ ΚΑΙ ΠΟΛΙΤΙΣΤΙΚΗ ΔΙΑΧΕΙΡΙΣΗ",MET,41Μ023,ΚΟΙΝΩΝΙΟΛΟΓΙΑ ΤΟΥ ΠΟΛΙΤΙΣΜΟΥ,2,,ΕΕ,ΜΙΧΑΗΛΙΔΟΥ ΜΑΡΘΑ,003
485,ΜΕΤ,1,4,"ΕΠΙΚΟΙΝΩΝΙΑ, ΜΕΣΑ ΚΑΙ ΠΟΛΙΤΙΣΤΙΚΗ ΔΙΑΧΕΙΡΙΣΗ",MET,41Μ024,ΜΟΥΣΙΚΗ,1,,ΕΕ,ΤΣΟΚΑΝΗ-ΚΑΡΑΠΟΣΤΟΛΗ ΧΑΡΙΚΛΕΙΑ,003
486,ΜΕΤ,1,4,"ΕΠΙΚΟΙΝΩΝΙΑ, ΜΕΣΑ ΚΑΙ ΠΟΛΙΤΙΣΤΙΚΗ ΔΙΑΧΕΙΡΙΣΗ",MET,41Μ024,ΜΟΥΣΙΚΗ,1,,ΥΑ,ΤΣΟΚΑΝΗ-ΚΑΡΑΠΟΣΤΟΛΗ ΧΑΡΙΚΛΕΙΑ,003
487,ΜΕΤ,1,4,"ΕΠΙΚΟΙΝΩΝΙΑ, ΜΕΣΑ ΚΑΙ ΠΟΛΙΤΙΣΤΙΚΗ ΔΙΑΧΕΙΡΙΣΗ",MET,41Μ025,ΔΙΑΧΕΙΡΙΣΗ ΑΝΘΡΩΠΙΝΟΥ ΔΥΝΑΜΙΚΟΥ,1,,ΕΕ,ΙΟΡΔΑΝΟΓΛΟΥ ΔΗΜΗΤΡΑ,003
488,ΜΕΤ,1,4,"ΕΠΙΚΟΙΝΩΝΙΑ, ΜΕΣΑ ΚΑΙ ΠΟΛΙΤΙΣΤΙΚΗ ΔΙΑΧΕΙΡΙΣΗ",MET,41Μ025,ΔΙΑΧΕΙΡΙΣΗ ΑΝΘΡΩΠΙΝΟΥ ΔΥΝΑΜΙΚΟΥ,1,,ΥΑ,ΙΟΡΔΑΝΟΓΛΟΥ ΔΗΜΗΤΡΑ,003
489,ΜΕΤ,1,4,"ΕΠΙΚΟΙΝΩΝΙΑ, ΜΕΣΑ ΚΑΙ ΠΟΛΙΤΙΣΤΙΚΗ ΔΙΑΧΕΙΡΙΣΗ",MET,41Μ026,"ΜΕΘΟΔΟΛΟΓΙΚΕΣ ΠΡΟΣΕΓΓΙΣΕΙΣ ΜΕΣΩΝ, ΕΠΙΚΟΙΝΩΝΙΑΣ ΚΑΙ ΠΟΛΙΤΙΣΜΟΥ",1,,ΥΠ,ΜΙΧΑΗΛΙΔΟΥ ΜΑΡΘΑ,003
490,ΜΕΤ,1,4,"ΕΠΙΚΟΙΝΩΝΙΑ, ΜΕΣΑ ΚΑΙ ΠΟΛΙΤΙΣΤΙΚΗ ΔΙΑΧΕΙΡΙΣΗ",MET,41Μ027,"ΕΠΙΚΟΙΝΩΝΙΑ, ΜΕΣΑ ΚΑΙ ΠΟΛΙΤΙΚΗ Ι",1,,ΕΥ,ΖΕΡΗ ΠΕΡΣΕΦΟΝΗ,003
491,ΜΕΤ,1,4,"ΕΠΙΚΟΙΝΩΝΙΑ, ΜΕΣΑ ΚΑΙ ΠΟΛΙΤΙΣΤΙΚΗ ΔΙΑΧΕΙΡΙΣΗ",MET,41Μ027,"ΕΠΙΚΟΙΝΩΝΙΑ, ΜΕΣΑ ΚΑΙ ΠΟΛΙΤΙΚΗ Ι",1,,ΥΑ,ΖΕΡΗ ΠΕΡΣΕΦΟΝΗ,003
492,ΜΕΤ,1,4,"ΕΠΙΚΟΙΝΩΝΙΑ, ΜΕΣΑ ΚΑΙ ΠΟΛΙΤΙΣΤΙΚΗ ΔΙΑΧΕΙΡΙΣΗ",MET,41Μ029,ΘΕΩΡΙΑ ΚΑΙ ΙΣΤΟΡΙΑ ΤΩΝ ΜΕΣΩΝ ΕΠΙΚΟΙΝΩΝΙΑΣ,1,,ΕΥ,ΚΑΒΒΑΘΑΣ ΔΙΟΝΥΣΗΣ,003
493,ΜΕΤ,1,4,"ΕΠΙΚΟΙΝΩΝΙΑ, ΜΕΣΑ ΚΑΙ ΠΟΛΙΤΙΣΤΙΚΗ ΔΙΑΧΕΙΡΙΣΗ",MET,41Μ029,ΘΕΩΡΙΑ ΚΑΙ ΙΣΤΟΡΙΑ ΤΩΝ ΜΕΣΩΝ ΕΠΙΚΟΙΝΩΝΙΑΣ,1,,ΥΑ,ΚΑΒΒΑΘΑΣ ΔΙΟΝΥΣΗΣ,003
494,ΜΕΤ,1,4,"ΕΠΙΚΟΙΝΩΝΙΑ, ΜΕΣΑ ΚΑΙ ΠΟΛΙΤΙΣΤΙΚΗ ΔΙΑΧΕΙΡΙΣΗ",MET,41Μ030,ΡΗΤΟΡΙΚΗ ΤΗΣ ΕΙΚΟΝΑΣ,1,,ΕΕ,ΔΗΜΗΡΟΥΛΗΣ ΔΗΜΗΤΡΙΟΣ,003
495,ΜΕΤ,1,4,"ΕΠΙΚΟΙΝΩΝΙΑ, ΜΕΣΑ ΚΑΙ ΠΟΛΙΤΙΣΤΙΚΗ ΔΙΑΧΕΙΡΙΣΗ",MET,41Μ030,ΡΗΤΟΡΙΚΗ ΤΗΣ ΕΙΚΟΝΑΣ,1,,ΕΕ,ΣΤΑΜΑΤΟΠΟΥΛΟΥ ΕΙΡΗΝΗ,003
496,ΜΕΤ,1,4,"ΕΠΙΚΟΙΝΩΝΙΑ, ΜΕΣΑ ΚΑΙ ΠΟΛΙΤΙΣΤΙΚΗ ΔΙΑΧΕΙΡΙΣΗ",MET,41Μ030,ΡΗΤΟΡΙΚΗ ΤΗΣ ΕΙΚΟΝΑΣ,1,,ΥΑ,ΔΗΜΗΡΟΥΛΗΣ ΔΗΜΗΤΡΙΟΣ,003
497,ΜΕΤ,1,4,"ΕΠΙΚΟΙΝΩΝΙΑ, ΜΕΣΑ ΚΑΙ ΠΟΛΙΤΙΣΤΙΚΗ ΔΙΑΧΕΙΡΙΣΗ",MET,41Μ030,ΡΗΤΟΡΙΚΗ ΤΗΣ ΕΙΚΟΝΑΣ,1,,ΥΑ,ΣΤΑΜΑΤΟΠΟΥΛΟΥ ΕΙΡΗΝΗ,003
498,ΜΕΤ,1,4,"ΕΠΙΚΟΙΝΩΝΙΑ, ΜΕΣΑ ΚΑΙ ΠΟΛΙΤΙΣΤΙΚΗ ΔΙΑΧΕΙΡΙΣΗ",MET,41Μ032,"ΕΠΙΚΟΙΝΩΝΙΑ, ΜΕΣΑ ΚΑΙ ΠΟΛΙΤΙΚΗ ΙΙ",2,,ΕΥ,ΖΕΡΗ ΠΕΡΣΕΦΟΝΗ,003
499,ΜΕΤ,1,4,"ΕΠΙΚΟΙΝΩΝΙΑ, ΜΕΣΑ ΚΑΙ ΠΟΛΙΤΙΣΤΙΚΗ ΔΙΑΧΕΙΡΙΣΗ",MET,41Μ033,Η ΑΦΗΓΗΣΗ ΣΕ ΠΑΛΑΙΑ ΚΑΙ ΝΕΑ ΜΕΣΑ,2,,ΕΥ,ΚΑΚΑΒΟΥΛΙΑ ΜΑΡΙΑ,003
500,ΜΕΤ,1,4,"ΕΠΙΚΟΙΝΩΝΙΑ, ΜΕΣΑ ΚΑΙ ΠΟΛΙΤΙΣΤΙΚΗ ΔΙΑΧΕΙΡΙΣΗ",MET,41Μ034,ΕΠΙΚΟΙΝΩΝΙΑ ΚΑΙ ΤΕΧΝΟΛΟΓΙΑ,2,,ΕΥ,ΧΑΪΝΤΕΝΡΑΪΧ Λ.,003
501,ΜΕΤ,1,4,"ΕΠΙΚΟΙΝΩΝΙΑ, ΜΕΣΑ ΚΑΙ ΠΟΛΙΤΙΣΤΙΚΗ ΔΙΑΧΕΙΡΙΣΗ",MET,41Μ035,ΨΥΧΟΛΟΓΙΑ ΚΑΙ ΜΕΣΑ,2,,ΕΕ,ΡΑΠΤΗΣ Χ.,003
502,ΜΕΤ,1,4,"ΕΠΙΚΟΙΝΩΝΙΑ, ΜΕΣΑ ΚΑΙ ΠΟΛΙΤΙΣΤΙΚΗ ΔΙΑΧΕΙΡΙΣΗ",MET,41Μ035,ΨΥΧΟΛΟΓΙΑ ΚΑΙ ΜΕΣΑ,2,,ΕΕ,ΖΕΡΗ ΠΕΡΣΕΦΟΝΗ,003
503,ΜΕΤ,1,4,"ΕΠΙΚΟΙΝΩΝΙΑ, ΜΕΣΑ ΚΑΙ ΠΟΛΙΤΙΣΤΙΚΗ ΔΙΑΧΕΙΡΙΣΗ",MET,41Μ036,ΔΙΟΙΚΗΣΗ ΚΑΙ ΜΑΡΚΕΤΙΝΓΚ,2,,ΕΕ,ΚΛΗΜΗΣ ΓΕΩΡΓΙΟΣ-ΜΙΧΑΗΛ,003
504,ΜΕΤ,1,4,"ΕΠΙΚΟΙΝΩΝΙΑ, ΜΕΣΑ ΚΑΙ ΠΟΛΙΤΙΣΤΙΚΗ ΔΙΑΧΕΙΡΙΣΗ",MET,41Μ037,ΜΕΣΑ ΚΑΙ ΨΗΦΙΑΚΕΣ ΕΦΑΡΜΟΓΕΣ,1,,ΕΕ,ΚΑΠΕΡΩΝΗΣ ΣΤΑΥΡΟΣ,003
505,ΜΕΤ,1,4,"ΕΠΙΚΟΙΝΩΝΙΑ, ΜΕΣΑ ΚΑΙ ΠΟΛΙΤΙΣΤΙΚΗ ΔΙΑΧΕΙΡΙΣΗ",MET,41Μ037,ΜΕΣΑ ΚΑΙ ΨΗΦΙΑΚΕΣ ΕΦΑΡΜΟΓΕΣ,1,,ΥΑ,ΚΑΠΕΡΩΝΗΣ ΣΤΑΥΡΟΣ,003
506,ΜΕΤ,1,4,"ΕΠΙΚΟΙΝΩΝΙΑ, ΜΕΣΑ ΚΑΙ ΠΟΛΙΤΙΣΤΙΚΗ ΔΙΑΧΕΙΡΙΣΗ",MET,41Μ038,ΔΗΜΟΣΙΕΣ ΠΟΛΙΤΙΚΕΣ ΚΑΙ ΨΗΦΙΑΚΗ ΕΠΙΚΟΙΝΩΝΙΑ,1,,ΕΕ,ΨΥΛΛΑ ΜΑΡΙΑΝΝΑ,003
507,ΜΕΤ,1,4,"ΕΠΙΚΟΙΝΩΝΙΑ, ΜΕΣΑ ΚΑΙ ΠΟΛΙΤΙΣΤΙΚΗ ΔΙΑΧΕΙΡΙΣΗ",MET,41Μ038,ΔΗΜΟΣΙΕΣ ΠΟΛΙΤΙΚΕΣ ΚΑΙ ΨΗΦΙΑΚΗ ΕΠΙΚΟΙΝΩΝΙΑ,1,,ΥΑ,ΨΥΛΛΑ ΜΑΡΙΑΝΝΑ,003
508,ΜΕΤ,1,4,"ΕΠΙΚΟΙΝΩΝΙΑ, ΜΕΣΑ ΚΑΙ ΠΟΛΙΤΙΣΤΙΚΗ ΔΙΑΧΕΙΡΙΣΗ",MET,41Μ039,ΠΑΡΑΓΩΓΗ ΠΕΡΙΕΧΟΜΕΝΟΥ ΚΑΙ ΕΠΙΧΕΙΡΗΣΕΙΣ ΜΕΣΩΝ,1,,ΕΕ,ΛΕΑΝΔΡΟΣ ΝΙΚΟΛΑΟΣ,003
509,ΜΕΤ,1,4,"ΕΠΙΚΟΙΝΩΝΙΑ, ΜΕΣΑ ΚΑΙ ΠΟΛΙΤΙΣΤΙΚΗ ΔΙΑΧΕΙΡΙΣΗ",MET,41Μ039,ΠΑΡΑΓΩΓΗ ΠΕΡΙΕΧΟΜΕΝΟΥ ΚΑΙ ΕΠΙΧΕΙΡΗΣΕΙΣ ΜΕΣΩΝ,1,,ΥΑ,ΛΕΑΝΔΡΟΣ ΝΙΚΟΛΑΟΣ,003
510,ΜΕΤ,1,4,"ΕΠΙΚΟΙΝΩΝΙΑ, ΜΕΣΑ ΚΑΙ ΠΟΛΙΤΙΣΤΙΚΗ ΔΙΑΧΕΙΡΙΣΗ",MET,41Μ040,ΗΓΕΣΙΑ ΚΑΙ ΕΠΙΧΕΙΡΗΜΑΤΙΚΟΤΗΤΑ ΣΤΗ ΔΗΜΟΣΙΟΓΡΑΦΙΑ,2,,ΕΕ,ΤΣΑΚΑΡΕΣΤΟΥ Π.,003
511,ΜΕΤ,1,4,"ΕΠΙΚΟΙΝΩΝΙΑ, ΜΕΣΑ ΚΑΙ ΠΟΛΙΤΙΣΤΙΚΗ ΔΙΑΧΕΙΡΙΣΗ",MET,41Μ040,ΗΓΕΣΙΑ ΚΑΙ ΕΠΙΧΕΙΡΗΜΑΤΙΚΟΤΗΤΑ ΣΤΗ ΔΗΜΟΣΙΟΓΡΑΦΙΑ,2,,ΕΕ,ΙΟΡΔΑΝΟΓΛΟΥ ΔΗΜΗΤΡΑ,003
512,ΜΕΤ,1,4,"ΕΠΙΚΟΙΝΩΝΙΑ, ΜΕΣΑ ΚΑΙ ΠΟΛΙΤΙΣΤΙΚΗ ΔΙΑΧΕΙΡΙΣΗ",MET,41Μ041,ΔΗΜΟΣΙΟΓΡΑΦΙΚΗ ΑΦΗΓΗΣΗ ΣΤΑ ΠΑΛΑΙΑ ΚΑΙ ΣΤΑ ΝΕΑ ΜΕΣΑ. ΣΥΓΚΛΙΣΗ ΚΑΙ ΠΟΛΥΜΕΣΙΚΟΤΗΤΑ,2,,ΕΕ,ΜΠΑΚΟΥΝΑΚΗΣ ΝΙΚΟΛΑΟΣ,003
513,ΜΕΤ,1,4,"ΕΠΙΚΟΙΝΩΝΙΑ, ΜΕΣΑ ΚΑΙ ΠΟΛΙΤΙΣΤΙΚΗ ΔΙΑΧΕΙΡΙΣΗ",MET,41Μ043,ΕΙΣΑΓΩΓΗ ΣΤΙΣ ΠΡΑΚΤΙΚΕΣ ΔΕΔΟΜΕΝΩΝ (DATA PRACTICES),2,,ΕΕ,ΣΚΑΡΠΕΛΟΣ ΙΩΑΝΝΗΣ,003
514,ΜΕΤ,1,4,"ΕΠΙΚΟΙΝΩΝΙΑ, ΜΕΣΑ ΚΑΙ ΠΟΛΙΤΙΣΤΙΚΗ ΔΙΑΧΕΙΡΙΣΗ",MET,41Μ045,"ΑΝΑΣΚΕΥΑΖΟΝΤΑΣ ΤΟ ΠΑΡΕΛΘΟΝ, ΚΑΤΑΣΚΕΥΑΖΟΝΤΑΣ ΤΟ ΠΑΡΟΝ ΣΤΗΝ ΨΗΦΙΑΚΗ ΕΠΟΧΗ",2,,ΕΕ,ΑΥΛΑΜΗ ΧΡΥΣΑΝΘΗ,003
515,ΜΕΤ,1,4,"ΕΠΙΚΟΙΝΩΝΙΑ, ΜΕΣΑ ΚΑΙ ΠΟΛΙΤΙΣΤΙΚΗ ΔΙΑΧΕΙΡΙΣΗ",MET,41Μ048,ΠΕΙΘΩ ΚΑΙ ΕΠΙΧΕΙΡΗΜΑ,1,,ΕΥ,ΔΗΜΗΡΟΥΛΗΣ ΔΗΜΗΤΡΙΟΣ,003
516,ΜΕΤ,1,4,"ΕΠΙΚΟΙΝΩΝΙΑ, ΜΕΣΑ ΚΑΙ ΠΟΛΙΤΙΣΤΙΚΗ ΔΙΑΧΕΙΡΙΣΗ",MET,41Μ048,ΠΕΙΘΩ ΚΑΙ ΕΠΙΧΕΙΡΗΜΑ,1,,ΥΑ,ΔΗΜΗΡΟΥΛΗΣ ΔΗΜΗΤΡΙΟΣ,003
517,ΜΕΤ,1,4,"ΕΠΙΚΟΙΝΩΝΙΑ, ΜΕΣΑ ΚΑΙ ΠΟΛΙΤΙΣΤΙΚΗ ΔΙΑΧΕΙΡΙΣΗ",MET,41Μ049,ΨΗΦΙΑΚΑ ΜΕΣΑ ΚΑΙ ΕΠΙΚΟΙΝΩΝΙΑ,1,,ΕΕ,ΚΑΝΑΚΗ ΧΡΙΣΤΙΝΑ,003
518,ΜΕΤ,1,4,"ΕΠΙΚΟΙΝΩΝΙΑ, ΜΕΣΑ ΚΑΙ ΠΟΛΙΤΙΣΤΙΚΗ ΔΙΑΧΕΙΡΙΣΗ",MET,41Μ049,ΨΗΦΙΑΚΑ ΜΕΣΑ ΚΑΙ ΕΠΙΚΟΙΝΩΝΙΑ,1,,ΥΑ,ΚΑΝΑΚΗ ΧΡΙΣΤΙΝΑ,003
519,ΜΕΤ,1,4,"ΕΠΙΚΟΙΝΩΝΙΑ, ΜΕΣΑ ΚΑΙ ΠΟΛΙΤΙΣΤΙΚΗ ΔΙΑΧΕΙΡΙΣΗ",MET,41Μ051,ΣΕΜΙΝΑΡΙΟ ΙΣΤΟΡΙΑΣ,1,,ΕΕ,ΑΥΛΑΜΗ ΧΡΥΣΑΝΘΗ,003
520,ΜΕΤ,1,4,"ΕΠΙΚΟΙΝΩΝΙΑ, ΜΕΣΑ ΚΑΙ ΠΟΛΙΤΙΣΤΙΚΗ ΔΙΑΧΕΙΡΙΣΗ",MET,41Μ051,ΣΕΜΙΝΑΡΙΟ ΙΣΤΟΡΙΑΣ,1,,ΥΑ,ΑΥΛΑΜΗ ΧΡΥΣΑΝΘΗ,003
521,ΜΕΤ,1,4,"ΕΠΙΚΟΙΝΩΝΙΑ, ΜΕΣΑ ΚΑΙ ΠΟΛΙΤΙΣΤΙΚΗ ΔΙΑΧΕΙΡΙΣΗ",MET,41Μ053,ΜΑΝΑΤΖΜΕΝΤ ΚΑΙ ΜΑΡΚΕΤΙΝΓΚ ΣΤΑ ΜΕΣΑ,2,,ΕΕ,ΚΛΗΜΗΣ ΓΕΩΡΓΙΟΣ-ΜΙΧΑΗΛ,003
522,ΜΕΤ,1,5,ΚΟΙΝΩΝΙΚΗ ΠΟΛΙΤΙΚΗ: ΜΕΘΟΔΟΙ ΚΑΙ ΕΦΑΡΜΟΓΕΣ,MET,51Μ101,ΣΤΑΤΙΣΤΙΚΕΣ ΜΕΘΟΔΟΙ ΣΤΗΝ ΚΟΙΝΩΝΙΚΗ ΕΡΕΥΝΑ Ι,1,,ΥΠ,ΣΥΜΕΩΝΑΚΗ ΜΑΡΙΑ,002
523,ΜΕΤ,1,5,ΚΟΙΝΩΝΙΚΗ ΠΟΛΙΤΙΚΗ: ΜΕΘΟΔΟΙ ΚΑΙ ΕΦΑΡΜΟΓΕΣ,MET,51Μ101,ΣΤΑΤΙΣΤΙΚΕΣ ΜΕΘΟΔΟΙ ΣΤΗΝ ΚΟΙΝΩΝΙΚΗ ΕΡΕΥΝΑ Ι,1,,ΥΠ,ΜΙΧΑΛΟΠΟΥΛΟΥ ΑΙΚΑΤΕΡΙΝΗ,002
524,ΜΕΤ,1,5,ΚΟΙΝΩΝΙΚΗ ΠΟΛΙΤΙΚΗ: ΜΕΘΟΔΟΙ ΚΑΙ ΕΦΑΡΜΟΓΕΣ,MET,51Μ102,ΠΟΙΟΤΙΚΕΣ ΜΕΘΟΔΟΙ ΣΤΗΝ ΚΟΙΝΩΝΙΚΗ ΕΡΕΥΝΑ,1,,ΥΠ,ΠΕΤΡΑΚΗ ΓΕΩΡΓΙΑ,002
525,ΜΕΤ,1,5,ΚΟΙΝΩΝΙΚΗ ΠΟΛΙΤΙΚΗ: ΜΕΘΟΔΟΙ ΚΑΙ ΕΦΑΡΜΟΓΕΣ,MET,51Μ103,ΣΧΕΔΙΑΣΜΟΣ ΚΑΙ ΑΞΙΟΛΟΓΗΣΗ ΠΡΟΓΡΑΜΜΑΤΩΝ ΚΟΙΝΩΝΙΚΗΣ ΠΟΛΙΤΙΚΗΣ,1,,ΥΠ,ΔΗΜΟΥΛΑΣ ΚΩΝΣΤΑΝΤΙΝΟΣ,002
526,ΜΕΤ,1,5,ΚΟΙΝΩΝΙΚΗ ΠΟΛΙΤΙΚΗ: ΜΕΘΟΔΟΙ ΚΑΙ ΕΦΑΡΜΟΓΕΣ,MET,51Μ104,ΘΕΩΡΙΕΣ ΑΓΟΡΑΣ ΕΡΓΑΣΙΑΣ,1,,ΕΥ,ΨΗΜΜΕΝΟΣ ΙΟΡΔΑΝΗΣ,002
527,ΜΕΤ,1,5,ΚΟΙΝΩΝΙΚΗ ΠΟΛΙΤΙΚΗ: ΜΕΘΟΔΟΙ ΚΑΙ ΕΦΑΡΜΟΓΕΣ,MET,51Μ105,ΚΟΙΝΩΝΙΚΗ ΘΕΩΡΙΑ ΚΑΙ ΚΟΙΝΩΝΙΚΗ ΠΟΛΙΤΙΚΗ,1,,ΕΥ,ΚΟΡΑΣΙΔΟΥ ΜΑΡΙΑ,002
528,ΜΕΤ,1,5,ΚΟΙΝΩΝΙΚΗ ΠΟΛΙΤΙΚΗ: ΜΕΘΟΔΟΙ ΚΑΙ ΕΦΑΡΜΟΓΕΣ,MET,51Μ105,ΚΟΙΝΩΝΙΚΗ ΘΕΩΡΙΑ ΚΑΙ ΚΟΙΝΩΝΙΚΗ ΠΟΛΙΤΙΚΗ,1,,ΕΥ,ΛΕΛΕΔΑΚΗΣ ΚΑΝΑΚΗΣ,002
529,ΜΕΤ,1,5,ΚΟΙΝΩΝΙΚΗ ΠΟΛΙΤΙΚΗ: ΜΕΘΟΔΟΙ ΚΑΙ ΕΦΑΡΜΟΓΕΣ,MET,51Μ106,ΣΤΑΤΙΣΤΙΚΕΣ ΜΕΘΟΔΟΙ ΣΤΗΝ ΚΟΙΝΩΝΙΚΗ ΕΡΕΥΝΑ ΙΙ,2,,ΥΠ,ΣΥΜΕΩΝΑΚΗ ΜΑΡΙΑ,002
530,ΜΕΤ,1,5,ΚΟΙΝΩΝΙΚΗ ΠΟΛΙΤΙΚΗ: ΜΕΘΟΔΟΙ ΚΑΙ ΕΦΑΡΜΟΓΕΣ,MET,51Μ106,ΣΤΑΤΙΣΤΙΚΕΣ ΜΕΘΟΔΟΙ ΣΤΗΝ ΚΟΙΝΩΝΙΚΗ ΕΡΕΥΝΑ ΙΙ,2,,ΥΠ,ΜΙΧΑΛΟΠΟΥΛΟΥ ΑΙΚΑΤΕΡΙΝΗ,002
531,ΜΕΤ,1,5,ΚΟΙΝΩΝΙΚΗ ΠΟΛΙΤΙΚΗ: ΜΕΘΟΔΟΙ ΚΑΙ ΕΦΑΡΜΟΓΕΣ,MET,51Μ107,ΣΧΕΔΙΑΣΜΟΣ ΚΑΙ ΑΞΙΟΛΟΓΗΣΗ ΠΟΛΙΤΙΚΩΝ ΑΠΑΣΧΟΛΗΣΗΣ,2,,ΕΥ,ΓΡΑΒΑΡΗΣ ΔΙΟΝΥΣΙΟΣ,002
532,ΜΕΤ,1,5,ΚΟΙΝΩΝΙΚΗ ΠΟΛΙΤΙΚΗ: ΜΕΘΟΔΟΙ ΚΑΙ ΕΦΑΡΜΟΓΕΣ,MET,51Μ108,"ΣΥΝΘΗΚΕΣ ΕΡΓΑΣΙΑΣ, ΟΡΓΑΝΩΣΗ ΤΗΣ ΕΡΓΑΣΙΑΣ ΚΑΙ ΝΕΕΣ ΤΕΧΝΟΛΟΓΙΕΣ",2,,ΕΥ,ΠΕΤΡΑΚΗ ΓΕΩΡΓΙΑ,002
533,ΜΕΤ,1,5,ΚΟΙΝΩΝΙΚΗ ΠΟΛΙΤΙΚΗ: ΜΕΘΟΔΟΙ ΚΑΙ ΕΦΑΡΜΟΓΕΣ,MET,51Μ109,ΕΡΓΑΣΙΑΚΕΣ ΣΧΕΣΕΙΣ ΚΑΙ ΝΕΑ ΕΡΓΑΣΙΑΚΑ ΠΡΟΤΥΠΑ,2,,ΕΥ,ΚΟΥΖΗΣ ΙΩΑΝΝΗΣ,002
534,ΜΕΤ,1,5,ΚΟΙΝΩΝΙΚΗ ΠΟΛΙΤΙΚΗ: ΜΕΘΟΔΟΙ ΚΑΙ ΕΦΑΡΜΟΓΕΣ,MET,51Μ110,ΜΕΤΑΝΑΣΤΕΥΣΗ ΚΑΙ ΕΡΓΑΣΙΑ,2,,ΕΥ,ΨΗΜΜΕΝΟΣ ΙΟΡΔΑΝΗΣ,002
535,ΜΕΤ,1,5,ΚΟΙΝΩΝΙΚΗ ΠΟΛΙΤΙΚΗ: ΜΕΘΟΔΟΙ ΚΑΙ ΕΦΑΡΜΟΓΕΣ,MET,51Μ111,ΜΕΘΟΔΟΛΟΓΙΚΕΣ ΠΡΟΣΕΓΓΙΣΕΙΣ ΤΗΣ ΚΟΙΝΩΝΙΚΗΣ ΣΥΝΟΧΗΣ ΣΤΟΝ ΑΣΤΙΚΟ ΧΩΡΟ ΚΑΙ ΤΗΝ ΥΠΑΙΘΡΟ ΧΩΡΑ,2,,ΕΥ,ΜΩΥΣΙΔΗΣ ΑΝΤΩΝΗΣ,002
536,ΜΕΤ,1,5,ΚΟΙΝΩΝΙΚΗ ΠΟΛΙΤΙΚΗ: ΜΕΘΟΔΟΙ ΚΑΙ ΕΦΑΡΜΟΓΕΣ,MET,51Μ111,ΜΕΘΟΔΟΛΟΓΙΚΕΣ ΠΡΟΣΕΓΓΙΣΕΙΣ ΤΗΣ ΚΟΙΝΩΝΙΚΗΣ ΣΥΝΟΧΗΣ ΣΤΟΝ ΑΣΤΙΚΟ ΧΩΡΟ ΚΑΙ ΤΗΝ ΥΠΑΙΘΡΟ ΧΩΡΑ,2,,ΕΥ,ΠΑΠΑΔΟΠΟΥΛΟΥ ΔΕΣΠΟΙΝΑ,002
537,ΜΕΤ,1,5,ΚΟΙΝΩΝΙΚΗ ΠΟΛΙΤΙΚΗ: ΜΕΘΟΔΟΙ ΚΑΙ ΕΦΑΡΜΟΓΕΣ,MET,51Μ112,ΠΛΗΘΥΣΜΟΣ ΚΑΙ ΚΟΙΝΩΝΙΚΗ ΠΟΛΙΤΙΚΗ : ΜΕΘΟΔΟΛΟΓΙΚΕΣ ΠΡΟΣΕΓΓΙΣΕΙΣ ΚΑΙ ΕΦΑΡΜΟΓΕΣ,2,,ΕΥ,ΜΠΑΓΚΑΒΟΣ ΧΡΗΣΤΟΣ,002
538,ΜΕΤ,1,5,ΚΟΙΝΩΝΙΚΗ ΠΟΛΙΤΙΚΗ: ΜΕΘΟΔΟΙ ΚΑΙ ΕΦΑΡΜΟΓΕΣ,MET,51Μ112,ΠΛΗΘΥΣΜΟΣ ΚΑΙ ΚΟΙΝΩΝΙΚΗ ΠΟΛΙΤΙΚΗ : ΜΕΘΟΔΟΛΟΓΙΚΕΣ ΠΡΟΣΕΓΓΙΣΕΙΣ ΚΑΙ ΕΦΑΡΜΟΓΕΣ,2,,ΕΥ,ΡΟΜΠΟΛΗΣ ΣΑΒΒΑΣ(31/8/13),002
539,ΜΕΤ,1,5,ΚΟΙΝΩΝΙΚΗ ΠΟΛΙΤΙΚΗ: ΜΕΘΟΔΟΙ ΚΑΙ ΕΦΑΡΜΟΓΕΣ,MET,51Μ113,ΣΧΕΔΙΑΣΜΟΣ ΚΑΙ ΑΞΙΟΛΟΓΗΣΗ ΤΩΝ ΠΟΛΙΤΙΚΩΝ ΙΣΟΤΗΤΑΣ ΤΩΝ ΦΥΛΩΝ,2,,ΕΥ,ΚΟΥΖΗΣ ΙΩΑΝΝΗΣ,002
540,ΜΕΤ,1,5,ΚΟΙΝΩΝΙΚΗ ΠΟΛΙΤΙΚΗ: ΜΕΘΟΔΟΙ ΚΑΙ ΕΦΑΡΜΟΓΕΣ,MET,51Μ114,ΠΟΛΙΤΙΚΕΣ ΣΤΗΝ ΑΝΩΤΑΤΗ ΕΚΠΑΙΔΕΥΣΗ ΚΑΙ ΣΤΗΝ ΕΚΠΑΙΔΕΥΣΗ ΕΝΗΛΙΚΩΝ / ΔΙΑ ΒΙΟΥ ΜΑΘΗΣΗ,2,,ΕΥ,ΠΡΟΚΟΥ ΕΛΕΝΗ,002
541,ΜΕΤ,1,9,ΕΦΗΡΜΟΣΜΕΝΩΝ ΟΙΚΟΝΟΜΙΚΩΝ KAI ΠΕΡΙΦΕΡΕΙΑΚΗΣ ΑΝΑΠΤΥΞΗΣ,MET,80Μ060,ΠΟΣΟΤΙΚΕΣ ΜΕΘΟΔΟΙ ΕΦΑΡΜΟΣΜΕΝΩΝ ΟΙΚΟΝΟΜΙΚΩΝ,1,2,ΥΠ,ΝΤΕΓΙΑΝΝΑΚΗΣ ΣΤΑΥΡΟΣ,002
542,ΜΕΤ,1,9,ΕΦΗΡΜΟΣΜΕΝΩΝ ΟΙΚΟΝΟΜΙΚΩΝ KAI ΠΕΡΙΦΕΡΕΙΑΚΗΣ ΑΝΑΠΤΥΞΗΣ,MET,80Μ061,ΜΙΚΡΟΟΙΚΟΝΟΜΙΚΗ ΓΙΑ ΜΑΝΑΤΖΕΡ,1,2,ΥΠ,ΣΤΟΦΟΡΟΣ ΧΡΥΣΟΣΤΟΜΟΣ,002
543,ΜΕΤ,1,9,ΕΦΗΡΜΟΣΜΕΝΩΝ ΟΙΚΟΝΟΜΙΚΩΝ KAI ΠΕΡΙΦΕΡΕΙΑΚΗΣ ΑΝΑΠΤΥΞΗΣ,MET,80Μ062,ΜΑΚΡΟΟΙΚΟΝΟΜΙΚΟ ΠΕΡΙΒΑΛΛΟΝ ΚΑΙ ΛΗΨΗ ΑΠΟΦΑΣΕΩΝ,1,2,ΥΠ,ΛΩΛΟΣ ΣΑΡ.-ΕΥΑΓ.,002
544,ΜΕΤ,1,9,ΕΦΗΡΜΟΣΜΕΝΩΝ ΟΙΚΟΝΟΜΙΚΩΝ KAI ΠΕΡΙΦΕΡΕΙΑΚΗΣ ΑΝΑΠΤΥΞΗΣ,MET,80Μ063,ΔΙΟΙΚΗΣΗ ΚΑΙ ΜΑΝΑΤΖΜΕΝΤ ΕΠΙΧΕΙΡΗΣΕΩΝ ΚΑΙ ΟΡΓΑΝΙΣΜΩΝ,1,2,ΥΠ,ΠΑΛΑΣΚΑΣ ΘΕΟΔΟΣΙΟΣ,002
545,ΜΕΤ,1,9,ΕΦΗΡΜΟΣΜΕΝΩΝ ΟΙΚΟΝΟΜΙΚΩΝ KAI ΠΕΡΙΦΕΡΕΙΑΚΗΣ ΑΝΑΠΤΥΞΗΣ,MET,80Μ065,"ΕΦΗΡΜΟΣΜΕΝΗ ΟΙΚΟΝΟΜΕΤΡΙΑ ΓΙΑ ΟΙΚΟΝΟΜΙΚΑ, ΧΡΗΜΑΤΟΟΙΚΟΝΟΜΙΚΑ ΚΑΙ ΜΑΝΑΤΖΜΕΝΤ",2,2,ΕΥ,ΝΤΕΓΙΑΝΝΑΚΗΣ ΣΤΑΥΡΟΣ,002
546,ΜΕΤ,1,9,ΕΦΗΡΜΟΣΜΕΝΩΝ ΟΙΚΟΝΟΜΙΚΩΝ KAI ΠΕΡΙΦΕΡΕΙΑΚΗΣ ΑΝΑΠΤΥΞΗΣ,MET,80Μ067,ΜΕΘΟΔΟΙ ΕΦΗΡΜΟΣΜΕΝΗΣ ΕΡΕΥΝΑΣ ΓΙΑ ΣΤΕΛΕΧΗ,2,2,ΕΥ,ΡΙΤΣΑΡΝΤΣΟΝ ΚΛΑΙΒ-ΣΤΕΦΑΝΟΣ,002
547,ΜΕΤ,1,9,ΕΦΗΡΜΟΣΜΕΝΩΝ ΟΙΚΟΝΟΜΙΚΩΝ KAI ΠΕΡΙΦΕΡΕΙΑΚΗΣ ΑΝΑΠΤΥΞΗΣ,MET,80Μ069,ΕΤΑΙΡΙΚΗ ΚΑΙ ΚΟΙΝΩΝΙΚΗ ΥΠΕΥΘΥΝΟΤΗΤΑ ΤΩΝ ΕΠΙΧΕΙΡΗΣΕΩΝ,2,2,ΕΥ,ΨΕΙΡΙΔΟΥ ΑΝΑΣΤΑΣΙΑ,002
548,ΜΕΤ,1,9,ΕΦΗΡΜΟΣΜΕΝΩΝ ΟΙΚΟΝΟΜΙΚΩΝ KAI ΠΕΡΙΦΕΡΕΙΑΚΗΣ ΑΝΑΠΤΥΞΗΣ,MET,80Μ071,ΟΙΚΟΝΟΜΙΚΑ ΤΗΣ ΕΡΓΑΣΙΑΣ,2,2,ΕΥ,ΔΕΔΟΥΣΟΠΟΥΛΟΣ ΑΠΟΣΤΟΛΟΣ,002
549,ΜΕΤ,1,9,ΕΦΗΡΜΟΣΜΕΝΩΝ ΟΙΚΟΝΟΜΙΚΩΝ KAI ΠΕΡΙΦΕΡΕΙΑΚΗΣ ΑΝΑΠΤΥΞΗΣ,MET,80Μ072,ΘΕΜΑΤΑ ΑΝΑΠΤΥΞΗΣ,2,2,ΕΥ,ΚΕΡΑΜΙΔΟΥ Ι.,002
550,ΜΕΤ,1,9,ΕΦΗΡΜΟΣΜΕΝΩΝ ΟΙΚΟΝΟΜΙΚΩΝ KAI ΠΕΡΙΦΕΡΕΙΑΚΗΣ ΑΝΑΠΤΥΞΗΣ,MET,80Μ076,ΠΟΣΟΤΙΚΗ ΠΕΡΙΦΕΡΕΙΑΚΗ ΑΝΑΛΥΣΗ,1,2,ΥΠ,ΜΙΜΗΣ ΑΓΓΕΛΟΣ,002
551,ΜΕΤ,1,9,ΕΦΗΡΜΟΣΜΕΝΩΝ ΟΙΚΟΝΟΜΙΚΩΝ KAI ΠΕΡΙΦΕΡΕΙΑΚΗΣ ΑΝΑΠΤΥΞΗΣ,MET,80Μ076,ΠΟΣΟΤΙΚΗ ΠΕΡΙΦΕΡΕΙΑΚΗ ΑΝΑΛΥΣΗ,1,2,ΥΠ,ΚΑΡΑΓΑΝΗΣ ΑΝΑΣΤΑΣΙΟΣ,002
552,ΜΕΤ,1,9,ΕΦΗΡΜΟΣΜΕΝΩΝ ΟΙΚΟΝΟΜΙΚΩΝ KAI ΠΕΡΙΦΕΡΕΙΑΚΗΣ ΑΝΑΠΤΥΞΗΣ,MET,80Μ076,ΠΟΣΟΤΙΚΗ ΠΕΡΙΦΕΡΕΙΑΚΗ ΑΝΑΛΥΣΗ,1,2,ΥΠ,ΠΑΠΑΔΑΣΚΑΛΟΠΟΥΛΟΣ ΑΘΑΝΑΣΙΟΣ,002
553,ΜΕΤ,1,9,ΕΦΗΡΜΟΣΜΕΝΩΝ ΟΙΚΟΝΟΜΙΚΩΝ KAI ΠΕΡΙΦΕΡΕΙΑΚΗΣ ΑΝΑΠΤΥΞΗΣ,MET,80Μ077,ΠΕΡΙΦΕΡΕΙΑΚΗ ΚΑΙ ΑΣΤΙΚΗ ΟΙΚΟΝΟΜΙΚΗ,1,2,ΥΠ,ΨΥΧΑΡΗΣ ΙΩΑΝΝΗΣ,002
554,ΜΕΤ,1,9,ΕΦΗΡΜΟΣΜΕΝΩΝ ΟΙΚΟΝΟΜΙΚΩΝ KAI ΠΕΡΙΦΕΡΕΙΑΚΗΣ ΑΝΑΠΤΥΞΗΣ,MET,80Μ077,ΠΕΡΙΦΕΡΕΙΑΚΗ ΚΑΙ ΑΣΤΙΚΗ ΟΙΚΟΝΟΜΙΚΗ,1,2,ΥΠ,ΡΟΒΟΛΗΣ ΑΝΤΩΝΙΟΣ,002
555,ΜΕΤ,1,9,ΕΦΗΡΜΟΣΜΕΝΩΝ ΟΙΚΟΝΟΜΙΚΩΝ KAI ΠΕΡΙΦΕΡΕΙΑΚΗΣ ΑΝΑΠΤΥΞΗΣ,MET,80Μ078,"ΠΕΡΙΦΕΡΕΙΑΚΟΣ ΠΡΟΓΡΑΜΜΑΤΙΣΜΟΣ: ΕΥΡΩΠΑΪΚΗ, ΕΘΝΙΚΗ, ΠΕΡΙΦΕΡΕΙΑΚΗ ΚΑΙ ΤΟΠΙΚΗ ΔΙΑΣΤΑΣΗ",1,2,ΥΠ,ΛΟΥΚΑΚΗΣ ΠΑΥΛΟΣ,002
556,ΜΕΤ,1,9,ΕΦΗΡΜΟΣΜΕΝΩΝ ΟΙΚΟΝΟΜΙΚΩΝ KAI ΠΕΡΙΦΕΡΕΙΑΚΗΣ ΑΝΑΠΤΥΞΗΣ,MET,80Μ078,"ΠΕΡΙΦΕΡΕΙΑΚΟΣ ΠΡΟΓΡΑΜΜΑΤΙΣΜΟΣ: ΕΥΡΩΠΑΪΚΗ, ΕΘΝΙΚΗ, ΠΕΡΙΦΕΡΕΙΑΚΗ ΚΑΙ ΤΟΠΙΚΗ ΔΙΑΣΤΑΣΗ",1,2,ΥΠ,ΑΥΔΙΚΟΣ ΒΑΣΙΛΕΙΟΣ,002
557,ΜΕΤ,1,9,ΕΦΗΡΜΟΣΜΕΝΩΝ ΟΙΚΟΝΟΜΙΚΩΝ KAI ΠΕΡΙΦΕΡΕΙΑΚΗΣ ΑΝΑΠΤΥΞΗΣ,MET,80Μ078,"ΠΕΡΙΦΕΡΕΙΑΚΟΣ ΠΡΟΓΡΑΜΜΑΤΙΣΜΟΣ: ΕΥΡΩΠΑΪΚΗ, ΕΘΝΙΚΗ, ΠΕΡΙΦΕΡΕΙΑΚΗ ΚΑΙ ΤΟΠΙΚΗ ΔΙΑΣΤΑΣΗ",1,2,ΥΠ,ΠΑΠΑΔΑΣΚΑΛΟΠΟΥΛΟΣ ΑΘΑΝΑΣΙΟΣ,002
558,ΜΕΤ,1,9,ΕΦΗΡΜΟΣΜΕΝΩΝ ΟΙΚΟΝΟΜΙΚΩΝ KAI ΠΕΡΙΦΕΡΕΙΑΚΗΣ ΑΝΑΠΤΥΞΗΣ,MET,80Μ079,ΟΙΚΟΝΟΜΙΚΗ ΤΟΥ ΠΕΡΙΒΑΛΛΟΝΤΟΣ,1,2,ΥΠ,ΜΠΙΘΑΣ ΚΩΝΣΤΑΝΤΙΝΟΣ,002
559,ΜΕΤ,1,9,ΕΦΗΡΜΟΣΜΕΝΩΝ ΟΙΚΟΝΟΜΙΚΩΝ KAI ΠΕΡΙΦΕΡΕΙΑΚΗΣ ΑΝΑΠΤΥΞΗΣ,MET,80Μ080,ΠΟΛΕΟΔΟΜΙΚΟΣ ΚΑΙ ΧΩΡΟΤΑΞΙΚΟΣ ΣΧΕΔΙΑΣΜΟΣ-PROJECT FINANCE,1,2,ΥΠ,ΛΙΑΠΗΣ ΚΩΝ/ΝΟΣ,002
560,ΜΕΤ,1,9,ΕΦΗΡΜΟΣΜΕΝΩΝ ΟΙΚΟΝΟΜΙΚΩΝ KAI ΠΕΡΙΦΕΡΕΙΑΚΗΣ ΑΝΑΠΤΥΞΗΣ,MET,80Μ080,ΠΟΛΕΟΔΟΜΙΚΟΣ ΚΑΙ ΧΩΡΟΤΑΞΙΚΟΣ ΣΧΕΔΙΑΣΜΟΣ-PROJECT FINANCE,1,2,ΥΠ,ΚΥΒΕΛΟΥ-ΧΙΩΤΙΝΗ ΣΟΦΙΑ-ΣΤΕΛΛΑ,002
561,ΜΕΤ,1,9,ΕΦΗΡΜΟΣΜΕΝΩΝ ΟΙΚΟΝΟΜΙΚΩΝ KAI ΠΕΡΙΦΕΡΕΙΑΚΗΣ ΑΝΑΠΤΥΞΗΣ,MET,80Μ081,ΑΡΧΕΣ ΚΑΤΑΣΚΕΥΩΝ ΚΑΙ ΤΕΧΝΙΚΑ ΖΗΤΗΜΑΤΑ ΤΟΥ ΚΑΤΑΣΚΕΥΑΣΤΙΚΟΥ ΚΛΑΔΟΥ - PROJECT MANAGEMENT,1,2,ΥΠ,ΚΑΡΑΓΑΝΗΣ ΑΝΑΣΤΑΣΙΟΣ,002
562,ΜΕΤ,1,9,ΕΦΗΡΜΟΣΜΕΝΩΝ ΟΙΚΟΝΟΜΙΚΩΝ KAI ΠΕΡΙΦΕΡΕΙΑΚΗΣ ΑΝΑΠΤΥΞΗΣ,MET,80Μ081,ΑΡΧΕΣ ΚΑΤΑΣΚΕΥΩΝ ΚΑΙ ΤΕΧΝΙΚΑ ΖΗΤΗΜΑΤΑ ΤΟΥ ΚΑΤΑΣΚΕΥΑΣΤΙΚΟΥ ΚΛΑΔΟΥ - PROJECT MANAGEMENT,1,2,ΥΠ,ΤΑΣΟΠΟΥΛΟΣ ΑΝΑΣΤΑΣΙΟΣ,002
563,ΜΕΤ,1,9,ΕΦΗΡΜΟΣΜΕΝΩΝ ΟΙΚΟΝΟΜΙΚΩΝ KAI ΠΕΡΙΦΕΡΕΙΑΚΗΣ ΑΝΑΠΤΥΞΗΣ,MET,80Μ082,ΔΙΟΙΚΗΣΗ ΚΑΙ ΑΞΙΟΛΟΓΗΣΗ ΠΕΡΙΦΕΡΕΙΑΚΩΝ ΠΡΟΓΡΑΜΜΑΤΩΝ ΚΑΙ ΕΡΓΩΝ,2,2,ΥΠ,ΑΥΔΙΚΟΣ ΒΑΣΙΛΕΙΟΣ,002
564,ΜΕΤ,1,9,ΕΦΗΡΜΟΣΜΕΝΩΝ ΟΙΚΟΝΟΜΙΚΩΝ KAI ΠΕΡΙΦΕΡΕΙΑΚΗΣ ΑΝΑΠΤΥΞΗΣ,MET,80Μ082,ΔΙΟΙΚΗΣΗ ΚΑΙ ΑΞΙΟΛΟΓΗΣΗ ΠΕΡΙΦΕΡΕΙΑΚΩΝ ΠΡΟΓΡΑΜΜΑΤΩΝ ΚΑΙ ΕΡΓΩΝ,2,2,ΥΠ,ΠΛΑΣΚΟΒΙΤΗΣ ΗΛΙΑΣ,002
565,ΜΕΤ,1,9,ΕΦΗΡΜΟΣΜΕΝΩΝ ΟΙΚΟΝΟΜΙΚΩΝ KAI ΠΕΡΙΦΕΡΕΙΑΚΗΣ ΑΝΑΠΤΥΞΗΣ,MET,80Μ083,ΓΕΩΓΡΑΦΙΚΑ ΣΥΣΤΗΜΑΤΑ ΠΛΗΡΟΦΟΡΙΩΝ,2,2,ΥΠ,ΜΙΜΗΣ ΑΓΓΕΛΟΣ,002
566,ΜΕΤ,1,9,ΕΦΗΡΜΟΣΜΕΝΩΝ ΟΙΚΟΝΟΜΙΚΩΝ KAI ΠΕΡΙΦΕΡΕΙΑΚΗΣ ΑΝΑΠΤΥΞΗΣ,MET,80Μ084,ΟΡΓΑΝΩΣΗ ΚΑΙ ΟΙΚΟΝΟΜΙΚΑ ΤΗΣ ΑΥΤΟΔΙΟΙΚΗΣΗΣ,2,2,ΥΠ,ΨΥΧΑΡΗΣ ΙΩΑΝΝΗΣ,002
567,ΜΕΤ,1,9,ΕΦΗΡΜΟΣΜΕΝΩΝ ΟΙΚΟΝΟΜΙΚΩΝ KAI ΠΕΡΙΦΕΡΕΙΑΚΗΣ ΑΝΑΠΤΥΞΗΣ,MET,80Μ084,ΟΡΓΑΝΩΣΗ ΚΑΙ ΟΙΚΟΝΟΜΙΚΑ ΤΗΣ ΑΥΤΟΔΙΟΙΚΗΣΗΣ,2,2,ΥΠ,ΔΕΛΗΘΕΟΥ ΒΑΣΙΛΙΚΗ,002
568,ΜΕΤ,1,9,ΕΦΗΡΜΟΣΜΕΝΩΝ ΟΙΚΟΝΟΜΙΚΩΝ KAI ΠΕΡΙΦΕΡΕΙΑΚΗΣ ΑΝΑΠΤΥΞΗΣ,MET,80Μ085,ΕΙΔΙΚΑ ΘΕΜΑΤΑ ΠΕΡΙΦΕΡΕΙΑΚΗΣ ΠΟΛΙΤΙΚΗΣ,2,2,ΥΠ,ΛΑΔΙΑΣ ΧΡΙΣΤΟΣ,002
569,ΜΕΤ,1,9,ΕΦΗΡΜΟΣΜΕΝΩΝ ΟΙΚΟΝΟΜΙΚΩΝ KAI ΠΕΡΙΦΕΡΕΙΑΚΗΣ ΑΝΑΠΤΥΞΗΣ,MET,80Μ085,ΕΙΔΙΚΑ ΘΕΜΑΤΑ ΠΕΡΙΦΕΡΕΙΑΚΗΣ ΠΟΛΙΤΙΚΗΣ,2,2,ΥΠ,ΑΥΔΙΚΟΣ ΒΑΣΙΛΕΙΟΣ,002
570,ΜΕΤ,1,9,ΕΦΗΡΜΟΣΜΕΝΩΝ ΟΙΚΟΝΟΜΙΚΩΝ KAI ΠΕΡΙΦΕΡΕΙΑΚΗΣ ΑΝΑΠΤΥΞΗΣ,MET,80Μ085,ΕΙΔΙΚΑ ΘΕΜΑΤΑ ΠΕΡΙΦΕΡΕΙΑΚΗΣ ΠΟΛΙΤΙΚΗΣ,2,2,ΥΠ,ΚΑΡΑΓΙΑΝΝΗΣ ΣΤΕΦΑΝΟΣ,002
571,ΜΕΤ,1,9,ΕΦΗΡΜΟΣΜΕΝΩΝ ΟΙΚΟΝΟΜΙΚΩΝ KAI ΠΕΡΙΦΕΡΕΙΑΚΗΣ ΑΝΑΠΤΥΞΗΣ,MET,80Μ085,ΕΙΔΙΚΑ ΘΕΜΑΤΑ ΠΕΡΙΦΕΡΕΙΑΚΗΣ ΠΟΛΙΤΙΚΗΣ,2,2,ΥΠ,ΠΑΠΑΔΑΣΚΑΛΟΠΟΥΛΟΣ ΑΘΑΝΑΣΙΟΣ,002
572,ΜΕΤ,1,9,ΕΦΗΡΜΟΣΜΕΝΩΝ ΟΙΚΟΝΟΜΙΚΩΝ KAI ΠΕΡΙΦΕΡΕΙΑΚΗΣ ΑΝΑΠΤΥΞΗΣ,MET,80Μ086,ΑΡΧΕΣ ΕΚΤΙΜΗΤΙΚΗΣ,2,2,ΥΠ,ΚΑΡΑΓΑΝΗΣ ΑΝΑΣΤΑΣΙΟΣ,002
573,ΜΕΤ,1,9,ΕΦΗΡΜΟΣΜΕΝΩΝ ΟΙΚΟΝΟΜΙΚΩΝ KAI ΠΕΡΙΦΕΡΕΙΑΚΗΣ ΑΝΑΠΤΥΞΗΣ,MET,80Μ087,ΔΙΟΙΚΗΣΗ ΑΚΙΝΗΤΗΣ ΠΕΡΙΟΥΣΙΑΣ,2,2,ΥΠ,ΡΟΒΟΛΗΣ ΑΝΤΩΝΙΟΣ,002
574,ΜΕΤ,1,9,ΕΦΗΡΜΟΣΜΕΝΩΝ ΟΙΚΟΝΟΜΙΚΩΝ KAI ΠΕΡΙΦΕΡΕΙΑΚΗΣ ΑΝΑΠΤΥΞΗΣ,MET,80Μ088,ΧΡΗΜΑΤΟΟΙΚΟΝΟΜΙΚΗ ΑΝΑΛΥΣΗ ΚΑΙ ΦΟΡΟΛΟΓΙΑ,2,2,ΥΠ,ΛΙΑΠΗΣ ΚΩΝ/ΝΟΣ,002
575,ΜΕΤ,1,9,ΕΦΗΡΜΟΣΜΕΝΩΝ ΟΙΚΟΝΟΜΙΚΩΝ KAI ΠΕΡΙΦΕΡΕΙΑΚΗΣ ΑΝΑΠΤΥΞΗΣ,MET,80Μ089,ΑΓΟΡΕΣ ΚΕΦΑΛΑΙΟΥ ΚΑΙ ΑΚΙΝΗΤΩΝ,2,2,ΥΠ,ΛΙΑΠΗΣ ΚΩΝ/ΝΟΣ,002
576,ΜΕΤ,1,9,ΕΦΗΡΜΟΣΜΕΝΩΝ ΟΙΚΟΝΟΜΙΚΩΝ KAI ΠΕΡΙΦΕΡΕΙΑΚΗΣ ΑΝΑΠΤΥΞΗΣ,MET,80Μ089,ΑΓΟΡΕΣ ΚΕΦΑΛΑΙΟΥ ΚΑΙ ΑΚΙΝΗΤΩΝ,2,2,ΥΠ,ΔΟΥΒΛΗΣ ΒΑΣΙΛΕΙΟΣ,002
